role	revision	category	path	mode	git_object	sha256_raw_blob	size_bytes
mit-engine-donor	6be745998f568e379ea197fcf827baec73ff9940	ci-container-input	.github/workflows/ai-issues.yml	100644	c762901b5ac43c284b9ff1002cace4e6e03984b4	e03ecf4919d96bd8a94864638df6ff6cd235ec4994d5c89abd825ccadbe143d2	2904
mit-engine-donor	6be745998f568e379ea197fcf827baec73ff9940	ci-container-input	.github/workflows/build-3rd-party.yml	100644	82e53dbafb39bb478b8545dd8d36bd3e633b2ada	8450a2f501cae80d3d4fb893e9ab6a9818167a38d7cae4218088e2173e6cf51f	1213
mit-engine-donor	6be745998f568e379ea197fcf827baec73ff9940	ci-container-input	.github/workflows/build-and-test-snapdragon.yml	100644	3e857d48e39feb099bbeac2aa35d13cbd4ed813b	e6f7dbfad6a0265ab74becef00e71baf5d2c1b193ceaa38c81918f06b8be3530	4856
mit-engine-donor	6be745998f568e379ea197fcf827baec73ff9940	ci-container-input	.github/workflows/build-android.yml	100644	a05248e1298cfdfb4a0adf56b72a6ab744d216f1	1cb0dcdc278009fe098f9c72df235619f6f4308ff250e85931cfd081f1c728cd	4221
mit-engine-donor	6be745998f568e379ea197fcf827baec73ff9940	ci-container-input	.github/workflows/build-apple.yml	100644	2b3d14d1f3cf52516a04ac8e2cc7fca5dad4a468	6e23972b53421b3d3c207e1ac0c9cd092e96dab70d96a81c0b333199638c0d80	8154
mit-engine-donor	6be745998f568e379ea197fcf827baec73ff9940	ci-container-input	.github/workflows/build-cache.yml	100644	327f71978bf121681736985035337c8c95995de2	e3e6c8a564cc38fd8c0e5f01b464c8c36030b2dcbacfbd182c5368cdfa582c55	4308
mit-engine-donor	6be745998f568e379ea197fcf827baec73ff9940	ci-container-input	.github/workflows/build-cann.yml	100644	6d76ed49992efb058fd399fb6418e51f74d06e90	bfb0628bfa199791769d4b4a5ba78d96c9d2f2ab0f1bd0d5f7496fae8ae79316	3309
mit-engine-donor	6be745998f568e379ea197fcf827baec73ff9940	ci-container-input	.github/workflows/build-cmake-pkg.yml	100644	5becff09c1bc782cd0f2da42a319bc76ca709ec8	bfdc53941cdbb6aa35f7f9d0105cf887247e834ca4e9708ddf6f00e2c7130d41	1774
mit-engine-donor	6be745998f568e379ea197fcf827baec73ff9940	ci-container-input	.github/workflows/build-cpu.yml	100644	445b5f50fbd11bbe9ef51718af4d1b0bffced166	2db4cf0ca8d8c205344fd45ac80c2b52a9ba237392cb9f182dceb7e2e7f47eda	8298
mit-engine-donor	6be745998f568e379ea197fcf827baec73ff9940	ci-container-input	.github/workflows/build-cross.yml	100644	eef78b674175654d379f5d95a1f4ee2575d25d8c	a6935807399a2b3f6013deaf20e6df3ddeae71ecc8a4f628dbbac8b780746948	13660
mit-engine-donor	6be745998f568e379ea197fcf827baec73ff9940	ci-container-input	.github/workflows/build-cuda-ubuntu.yml	100644	6271b22cbd262897c32153e50356fceb253197d9	974f8caf4fe313ea2113c2d0d2b255607d133ff203bb05c26187b18be299d410	3642
mit-engine-donor	6be745998f568e379ea197fcf827baec73ff9940	ci-container-input	.github/workflows/build-cuda-windows.yml	100644	411afa6716c9a03e6dfeeaed226f3ac514b28c20	e96fb460f72e1f973d11a853095ed168534bcb0d0e767561ed0704cabf1b0320	6361
mit-engine-donor	6be745998f568e379ea197fcf827baec73ff9940	ci-container-input	.github/workflows/build-ibm.yml	100644	d2e4f3cdaeb7984f59faa014531034bf1843d7e6	4a1df1274ae91770d614d8cb42471fe657cbf5ec14745a3b4464d764be1ae122	4242
mit-engine-donor	6be745998f568e379ea197fcf827baec73ff9940	ci-container-input	.github/workflows/build-msys.yml	100644	15c55cf12ccc53dc75121ce7c66e43bd82facde3	58e88c25b9a8f28787984489dfbbaeb0a8b198c04a9bba6762674437f157e47c	1976
mit-engine-donor	6be745998f568e379ea197fcf827baec73ff9940	ci-container-input	.github/workflows/build-opencl.yml	100644	251b1f8d593fbde897a27a824f7ea36071cd5814	d6141baf8db876d9fb003662ed50e98058385fb65bab447e6e4713568f2c718b	2467
mit-engine-donor	6be745998f568e379ea197fcf827baec73ff9940	ci-container-input	.github/workflows/build-openvino.yml	100644	938cde3f20ff2474f96af38fdd771e2bccc8c8d9	51d2641a8955406f73ab69198d9e63a67c04a78d0c74ab15ffbce6139c8d56cf	5379
mit-engine-donor	6be745998f568e379ea197fcf827baec73ff9940	ci-container-input	.github/workflows/build-riscv.yml	100644	70615378b5eabe5a63b6fa8df9aaf3543bbc2f18	c212ddbcb88d0c250da93c31d8e4609045ed8478771b10e99e68770ebeedd746	6047
mit-engine-donor	6be745998f568e379ea197fcf827baec73ff9940	ci-container-input	.github/workflows/build-rpc.yml	100644	d04dc375b5cccabf72608c2b3f0bc026ed171b5a	42f0cdc2ab3e0606e431693c865825d72650ac1fb3be6644c4548ee2ca35b8a3	1392
mit-engine-donor	6be745998f568e379ea197fcf827baec73ff9940	ci-container-input	.github/workflows/build-sanitize.yml	100644	e242abcfd3ccda0e15ce2d2efd51a4d11c132882	3537e7afeb0e835033ef732262e9480e2c17332872682713b7b0244198bdf43e	2312
mit-engine-donor	6be745998f568e379ea197fcf827baec73ff9940	ci-container-input	.github/workflows/build-self-hosted.yml	100644	1a71ed8277295494f2fdd308dcabba366d0bca08	f4cc6cb2efcc6415fb90f106356ec96007e22aaed183d1b64a8dcd687b1a6709	10908
mit-engine-donor	6be745998f568e379ea197fcf827baec73ff9940	ci-container-input	.github/workflows/build-sycl.yml	100644	deb0e5479a5712909a21c0b7451c9bb601267c56	69d250598a3cc53207c471c0dd4ea2d90ce2700180a1f6c3e4e8867501c7f755	4588
mit-engine-donor	6be745998f568e379ea197fcf827baec73ff9940	ci-container-input	.github/workflows/build-virtgpu.yml	100644	5b740590d6b8734d20312c1e923c3eecf71e25c2	6b88d463777f642f93c2d6b898e1bf74d785f28ea07418a181d5a034e63336ee	1134
mit-engine-donor	6be745998f568e379ea197fcf827baec73ff9940	ci-container-input	.github/workflows/build-vulkan.yml	100644	dba9c4c7673c9e15d946c2a72ce537592e31c784	ac33f65e6be12c6e151d1ccef956b811472006aa73efff9ecec50235fcf97de1	8369
mit-engine-donor	6be745998f568e379ea197fcf827baec73ff9940	ci-container-input	.github/workflows/build-webgpu.yml	100644	0f5ade7af65185046effa87ef6ba4a03a01d3f2e	746c2e39959597dcdf220bf68420d3c18f7ced8c7960fb967e92b94448396a90	6072
mit-engine-donor	6be745998f568e379ea197fcf827baec73ff9940	ci-container-input	.github/workflows/check-vendor.yml	100644	015629f380ca3001ba1fb50ce2cdd8f84f44a9a7	db21d27deb62ed7bb7ea1b0ad6c9ff258faf9e32de669e3a244db2fcd9ca19d1	1232
mit-engine-donor	6be745998f568e379ea197fcf827baec73ff9940	ci-container-input	.github/workflows/close-issue.yml	100644	4698cee5594b1337f059926e9ff487c578360dc0	f7b62804e1a4e99867d0fae96ae37282e2afca5919123b6e5d79586811fdce0d	954
mit-engine-donor	6be745998f568e379ea197fcf827baec73ff9940	ci-container-input	.github/workflows/code-style.yml	100644	50b598b84dddd61ff17f33377e475cdb4bab8623	7a08cb16f538c77a76633559801f38683e693bdec5cb21b0e637ddfc46c77028	1741
mit-engine-donor	6be745998f568e379ea197fcf827baec73ff9940	ci-container-input	.github/workflows/copilot-setup-steps.yml	100644	6f648bac45b743feefcc2929044fddbcd66281e0	b518084905893453426ff005d831e4765e0a97a6564f08b2220b683cc8cb00ee	2180
mit-engine-donor	6be745998f568e379ea197fcf827baec73ff9940	ci-container-input	.github/workflows/docker.yml	100644	afe4b7c66410524dd67ac79b215a32d9ce595ffd	8cbf0501b75bc7a7666e8d0b665e64dbfd2f5a27ae447f4f29d8146836cdf9a4	24390
mit-engine-donor	6be745998f568e379ea197fcf827baec73ff9940	ci-container-input	.github/workflows/editorconfig.yml	100644	59159cd414449ec46624ebcfa4808ef9e2795141	8f8f7d3e2fec2dadc25bff0b9b10c267bfbf67be9f121e79820a8ed3693dab34	577
mit-engine-donor	6be745998f568e379ea197fcf827baec73ff9940	ci-container-input	.github/workflows/gguf-publish.yml	100644	fb8eab3cdb3b6a43bff2cde051ed456179689c09	1f9d258b27e7b04e182f2a2c5da650772b73113c8345ab41486e02451454489c	1272
mit-engine-donor	6be745998f568e379ea197fcf827baec73ff9940	ci-container-input	.github/workflows/hip-quality-check.yml	100644	5d23f01cf80a87100ce8889fb28cd9f1ce2be796	f7e7d4bb2e46d0472cc8b3ed17de6ad187c210d77736cb5537a5e663c4019ca2	2493
mit-engine-donor	6be745998f568e379ea197fcf827baec73ff9940	ci-container-input	.github/workflows/labeler.yml	100644	eab20c68811e044894e29cd2793de40bc357559a	3516e2909e7b9b60346b6804aa7d94040c95538668474a516e710539553ec799	352
mit-engine-donor	6be745998f568e379ea197fcf827baec73ff9940	ci-container-input	.github/workflows/pre-tokenizer-hashes.yml	100644	3e440b67d9ba2321fc573d12ee9dfa2538843c43	863315e17e539d5e5b98e520eb629898d8130bdb567460157f28652e2f9287b7	1565
mit-engine-donor	6be745998f568e379ea197fcf827baec73ff9940	ci-container-input	.github/workflows/python-check-requirements.yml	100644	2c7fab40b4413bab8f664e2fe87783ec19684799	59351593e098f50bfbdab4413ddc56df64d35f3b627e6780f28245eae3877252	927
mit-engine-donor	6be745998f568e379ea197fcf827baec73ff9940	ci-container-input	.github/workflows/python-lint.yml	100644	0424f372a147745534dc6ffca1874e79dd182072	0f4ddb9029f6e4db3a5a5a6606a2974994f80a3afddf458fd93706e2507473b8	841
mit-engine-donor	6be745998f568e379ea197fcf827baec73ff9940	ci-container-input	.github/workflows/python-type-check.yml	100644	14edb1a9d17972504cb140e51b08049c682db39a	e8e47b97afc494015bb9914b35709b8ec3571cad261d051c9a66a02277ce2a93	1142
mit-engine-donor	6be745998f568e379ea197fcf827baec73ff9940	ci-container-input	.github/workflows/release.yml	100644	616fca3daed1233f2862e3785e510b1672d35538	056020acaa6e8643d3420fe88190db77de93eb641f0f16993d6ab05dd2af3281	64630
mit-engine-donor	6be745998f568e379ea197fcf827baec73ff9940	ci-container-input	.github/workflows/server-sanitize.yml	100644	c0817cbba87895d6dadde0115f229837ebf65fcb	51d13f5f8f71bd5732703363282dba625439a876f4b4a4ce9d367f3d54b06f1c	3274
mit-engine-donor	6be745998f568e379ea197fcf827baec73ff9940	ci-container-input	.github/workflows/server-self-hosted.yml	100644	2dcd6d7425aab8b3496b4de1ce08daef1158324b	c9bedf8d1e8f560875e8679f490cc00dcb6485f949384b5ccfd0805053274f68	5940
mit-engine-donor	6be745998f568e379ea197fcf827baec73ff9940	ci-container-input	.github/workflows/server.yml	100644	5a02cc15ad5e00be33934dc353f4da1f3eaed937	c6607adb263a62236db656944a14bd0d5d5958cbcc5e9557d9ca14fe2c74830c	4944
mit-engine-donor	6be745998f568e379ea197fcf827baec73ff9940	ci-container-input	.github/workflows/ui-build-self-hosted.yml	100644	7b7f8b60025a3713753962458902459b9132d271	58b0b1b8357d4fabc72d600f72cb4ed70394e33842c2de5b942819ba31cef71f	795
mit-engine-donor	6be745998f568e379ea197fcf827baec73ff9940	ci-container-input	.github/workflows/ui-build.yml	100644	85642f3f4b76b7527a4ecb290ab01de28e8ad583	2679ef9fcf7a9386bea1fc82331a783fe0b2ebc9cea0068e80442b9f070a7fb6	1223
mit-engine-donor	6be745998f568e379ea197fcf827baec73ff9940	ci-container-input	.github/workflows/ui-publish.yml	100644	c3b7343c655b07a73cca056b1748cd7aa7503020	2bdbe1f317d38c3f301a9aeb2c7f5f0b6f6d9a3e00bcdb60750dce5b7a58aa4c	2567
mit-engine-donor	6be745998f568e379ea197fcf827baec73ff9940	ci-container-input	.github/workflows/ui-self-hosted.yml	100644	79d7800d6bbd2060b627a15c500f845b9c64fe97	78060e849c6304bf81c10554e2e8615cb71167307c9b242561f66f001e779f3a	3611
mit-engine-donor	6be745998f568e379ea197fcf827baec73ff9940	ci-container-input	.github/workflows/ui.yml	100644	fa99a0cda2cf356d89555db860b0e5a876daeefd	a422e32203f02d73fd516576de4348c305bc606287f2b7b1e48d1f406e66c121	4339
mit-engine-donor	6be745998f568e379ea197fcf827baec73ff9940	ci-container-input	.github/workflows/update-ops-docs.yml	100644	6e8bc1aa07c2e25f4c223eec811dd72caba186e2	50e9b208bb30f90e923b552d3bbf62a5dc90e7ebc67f08917e5af05c5f63ece3	1474
mit-engine-donor	6be745998f568e379ea197fcf827baec73ff9940	ci-container-input	.github/workflows/winget.yml	100644	69e24f940099e090586cbd1339dcaf7f3501fc5d	8bb96375a27c3cb992460037ec1c71d5aacde1c639fffaef74f24f5142b5a37d	1556
mit-engine-donor	6be745998f568e379ea197fcf827baec73ff9940	build-or-source-lock-input	.gitmodules	100644	e69de29bb2d1d6434b8b29ae775ad8c2e48c5391	e3b0c44298fc1c149afbf4c8996fb92427ae41e4649b934ca495991b7852b855	0
mit-engine-donor	6be745998f568e379ea197fcf827baec73ff9940	cmake-input	CMakeLists.txt	100644	81f23d7e70b7378511af5d01be680c03aebc2b15	272b66f1e71b0be5bb8a59b2b92dc5f97f1292aba2a72f86c9cb3673362374cc	9488
mit-engine-donor	6be745998f568e379ea197fcf827baec73ff9940	cmake-input	CMakePresets.json	100644	b5afeb3c0f2f9a4fe49890ab718c565962ad57ca	cc1209d3ede32fd9697c4ceb6e1026298317073830cbcb4d1e9489ddd63c395a	4570
mit-engine-donor	6be745998f568e379ea197fcf827baec73ff9940	license-or-notice	LICENSE	100644	e7dca554bcb802f98408383a864404e3aa4eacca	94f29bbed6a22c35b992c5c6ebf0e7c92f13b836b90f36f461c9cf2f0f1d010d	1078
mit-engine-donor	6be745998f568e379ea197fcf827baec73ff9940	build-system-input	Makefile	100644	bcbc7702059566c8e23bcaf73e12caff9b7dac8e	81cf8d21005a58822cdf457f1caab1da5f02d34ddcaa75e871b32f05e3e52efe	257
mit-engine-donor	6be745998f568e379ea197fcf827baec73ff9940	cmake-input	app/CMakeLists.txt	100644	2e24cf14dd052f58f3edf035ff3334817ebd1969	0561ec190ed80a7dba9876006d1090fd734d3349c5db324ff29aeda0a061d9a3	1000
mit-engine-donor	6be745998f568e379ea197fcf827baec73ff9940	build-or-source-lock-input	build-xcframework.sh	100755	697278d050c54061e63269f2647c21378d5566a6	33c1b8c6a7ed5402a3de04efe671f91860ee4d967f2ce39ff56006545cfb1ef6	22060
mit-engine-donor	6be745998f568e379ea197fcf827baec73ff9940	cmake-input	cmake/arm64-apple-clang.cmake	100644	5fcd2882afc9d96ccc1c28396b91e5e46c93f66c	80d01144241c7a45d1c35461aab1256364f8c7e714c3401a8097a567a8179e03	555
mit-engine-donor	6be745998f568e379ea197fcf827baec73ff9940	cmake-input	cmake/arm64-linux-clang.cmake	100644	f16e280ec6609c13ad1546b7a0cd97ee07e37776	feb7bd04443531e2287638c23a8d1873203d72a2da95e03f9c28433b27e24bd1	587
mit-engine-donor	6be745998f568e379ea197fcf827baec73ff9940	cmake-input	cmake/arm64-windows-llvm.cmake	100644	8023796800683240e32048180a1eb874ddab1963	12be8ba361b88d1a12cf28970da526f98c0f9b17103c2aa0c0b49ee7fa496a48	592
mit-engine-donor	6be745998f568e379ea197fcf827baec73ff9940	cmake-input	cmake/build-info.cmake	100644	c7005950c5612d1d93ca728386b10806b0043106	d5cb300d2a3665eac85370617853a143a4f4a7884977f83d0635b18699f93eee	1319
mit-engine-donor	6be745998f568e379ea197fcf827baec73ff9940	cmake-input	cmake/common.cmake	100644	bcf403e0ee3773737d9bc1918863ac5e91b76d4c	ff633f84fb707c51d3aa1f9c898886db5e16905ffce9df15338eef4fabcd77f7	2044
mit-engine-donor	6be745998f568e379ea197fcf827baec73ff9940	cmake-input	cmake/download-models.cmake	100644	de252906a01fbcf2d2a3cf538d2f683c48420dbd	6cf1368093d7207c5ddd40f8c9841e50621b71e57d2fd0c13afda3b84a973eb0	505
mit-engine-donor	6be745998f568e379ea197fcf827baec73ff9940	cmake-input	cmake/git-vars.cmake	100644	1a4c24ebf6adeb1126e626f56de601621179353d	411507be4e991f2afc0007905a95bbf848176a282189d0e27d7df1d48974290d	717
mit-engine-donor	6be745998f568e379ea197fcf827baec73ff9940	license-or-notice	cmake/license.cmake	100644	de066603ba5e99d0ae4633647e69ef435f6824fd	083515dff8a9b8696e348c7c616934e53941a7db30e1b3f092576632e9a2d1d4	1445
mit-engine-donor	6be745998f568e379ea197fcf827baec73ff9940	cmake-input	cmake/llama-config.cmake.in	100644	b4defc76ff0e751d5f991d7d063dc118c3a67b20	b06d1f27d90c409b3895ef81373113c32701d43a5173569fd8f6987680999633	965
mit-engine-donor	6be745998f568e379ea197fcf827baec73ff9940	cmake-input	cmake/llama.pc.in	100644	6fb58b5f6881b7f204d9094a8f2d3ed1d93906c2	0d720145be0f415d5381ac58cc6878398357bee7ce83012b50668de666534eff	311
mit-engine-donor	6be745998f568e379ea197fcf827baec73ff9940	cmake-input	cmake/riscv64-spacemit-linux-gnu-gcc.cmake	100644	faed7fb7831a48d76202ab83ad44f8eccdc23f25	6a2ef73adf92ed68c38820b7503d3e423f27c426306ef4cfaea5d88b4eb51cb8	1463
mit-engine-donor	6be745998f568e379ea197fcf827baec73ff9940	cmake-input	cmake/x64-windows-llvm.cmake	100644	77e79140798b2fcee2d84a3abdeab315c08b7a03	416e1385f9ac92ff29e2158da8b1894ae2cfccc3bb024eb46c3b937cb42477a8	139
mit-engine-donor	6be745998f568e379ea197fcf827baec73ff9940	cmake-input	common/CMakeLists.txt	100644	d5dc830138464f868795dbbb83d9e5618e9c80ac	02c99244191f2019028599f60633d392ae8ed8b7733860622e64a833cd56052a	4748
mit-engine-donor	6be745998f568e379ea197fcf827baec73ff9940	cmake-input	examples/CMakeLists.txt	100644	39f802d250e141135aafe05f532192e435ce135f	9b1dcd8296f33b0accfbe2c55e06a37aefb00b47859fa4f2e24744fb317507f8	1005
mit-engine-donor	6be745998f568e379ea197fcf827baec73ff9940	build-system-input	examples/batched.swift/Makefile	100755	1f9156e583fdda26611fcc9c53dfe57517a50da8	fb84da2c51818364999fb74036930f3a236498fee74373128a00f9abb58bed20	230
mit-engine-donor	6be745998f568e379ea197fcf827baec73ff9940	cmake-input	examples/batched/CMakeLists.txt	100644	1d7c2a0f6e7fce160d0f2f6fd663b44fea963c24	c7fdbb56aa7daca62ac30b202309e77c1738252fa27dd97463cc04178dd28b5d	239
mit-engine-donor	6be745998f568e379ea197fcf827baec73ff9940	cmake-input	examples/convert-llama2c-to-ggml/CMakeLists.txt	100644	2162da4fdf766928cd9864cfa657e2d29eeb70e6	979f8e1641b53b6fa29afebce017091e061914ae5f5fcdf5b6c687dd94d37645	271
mit-engine-donor	6be745998f568e379ea197fcf827baec73ff9940	cmake-input	examples/debug/CMakeLists.txt	100644	fb1c7e258147017d90538d9b2e3297d79287c344	71624de72a3fc484849b4f2b696d5429cdff31468a805484d7ad6ad7ec88f80f	235
mit-engine-donor	6be745998f568e379ea197fcf827baec73ff9940	cmake-input	examples/diffusion/CMakeLists.txt	100644	42a84b2dfe5f724fa0f62144027223518b6a325a	8c8a32992a7797996c026922d463da85cd1a938c56480484af2704533e871ecf	490
mit-engine-donor	6be745998f568e379ea197fcf827baec73ff9940	cmake-input	examples/embedding/CMakeLists.txt	100644	0634c7bd8202cb41b5fcc2f7810afa29b3c11d8d	1cf460f35453625d5399d6b9d115f56ee8e388a0fc0939b0e6e95ac2e6216c56	243
mit-engine-donor	6be745998f568e379ea197fcf827baec73ff9940	cmake-input	examples/eval-callback/CMakeLists.txt	100644	63fbe59dce87dd27735e200c677e5626f2a8e86e	54854a0829f124a242d79b0f942bf4e2119ae98bc869f20be097c6c998a601af	1320
mit-engine-donor	6be745998f568e379ea197fcf827baec73ff9940	cmake-input	examples/gen-docs/CMakeLists.txt	100644	aa68cbd78a8644bf68bd402b5d9cc2740e58ddb1	1a51f5893ace277af6164ac6501e5574bf7c1bb59092d3e66f5a63b7406ea710	241
mit-engine-donor	6be745998f568e379ea197fcf827baec73ff9940	cmake-input	examples/gguf-hash/CMakeLists.txt	100644	15c5c68c6f402f1ac9a81555a16c81ba87794163	f52b81f7084fa7fbb5e21b63637df1cee398ebde60a9284cefba974ae37bcb00	728
mit-engine-donor	6be745998f568e379ea197fcf827baec73ff9940	dependency-input	examples/gguf-hash/deps/rotate-bits/package.json	100644	74c0bef68d8bd32828a0d8c204549a72a51a903a	4627415dc3410ba88c7b1015875a717a2e23441972fef9b33d0539527b2760ba	255
mit-engine-donor	6be745998f568e379ea197fcf827baec73ff9940	dependency-input	examples/gguf-hash/deps/sha1/package.json	100644	6a5843dd1ef46c21599b4f75e95a088907351abd	47560382d1e2074c48c08ba36dddcbc6043f0eb372aa4617e5773305eb3bf852	200
mit-engine-donor	6be745998f568e379ea197fcf827baec73ff9940	dependency-input	examples/gguf-hash/deps/sha256/package.json	100644	b92a0412738dfb495cd859c5d94fb45413755bbd	674f1b5d34a7eb827115875774222ce30d5c79cb59101477dc74a18e83cd8773	283
mit-engine-donor	6be745998f568e379ea197fcf827baec73ff9940	cmake-input	examples/gguf/CMakeLists.txt	100644	fb04eb83f34ce16059d0e56fbd1759849e873741	88385c090deb2b2778f539ac346a8d352a66613352165e6fbc1eea5aa9df28a6	219
mit-engine-donor	6be745998f568e379ea197fcf827baec73ff9940	cmake-input	examples/idle/CMakeLists.txt	100644	c0fedbbff5bde2f49c991397053f759df13a6a38	d5bb9f24883b5c75f6aaa9909b1ca8e2c74ab8572516fbb1f2fc3d992b77118e	233
mit-engine-donor	6be745998f568e379ea197fcf827baec73ff9940	cmake-input	examples/llama.android/lib/src/main/cpp/CMakeLists.txt	100644	20c9e3b2c1fdf5bcac0c5a1d5615e60352d00a98	5730e1d299185cfa893d3923aa1f2bf9da401bb9e2ffa8663337ab228e39e442	1658
mit-engine-donor	6be745998f568e379ea197fcf827baec73ff9940	cmake-input	examples/lookahead/CMakeLists.txt	100644	5d6e604fa981dbbd01b2c9bfab5f0103a225414e	3235a9270094d67bfda33c3c0ac5fce981de35d33fdc8d8446775d224deca47d	243
mit-engine-donor	6be745998f568e379ea197fcf827baec73ff9940	cmake-input	examples/lookup/CMakeLists.txt	100644	09f7d2e3c9220bdc1461d9f84af833bec0c9e7e3	1b02f01a4b7a4ef90a97684ccdf711560300b83dfafbe21d35ddbe26165d29a5	989
mit-engine-donor	6be745998f568e379ea197fcf827baec73ff9940	build-system-input	examples/model-conversion/Makefile	100644	0130b0493bb2980e0daea49a8bf61e33f305b753	505d35714f9f6fbedd75d84577e20013bc673fc8f69db6ea0495e3f81be200c9	9005
mit-engine-donor	6be745998f568e379ea197fcf827baec73ff9940	python-dependency-input	examples/model-conversion/requirements.txt	100644	229b2ec75b75b8fb0f564fa7b8c85fdae6ff8bd0	e73cfffed19d2ab92169c325eea12eab730c35062265aa364eee0723509b5871	135
mit-engine-donor	6be745998f568e379ea197fcf827baec73ff9940	cmake-input	examples/parallel/CMakeLists.txt	100644	4fb7a96aae3abe5a016e19987c0e69eae4ce6740	dceb77b9d969a0dd3f3d16903c0d7705a148f4ca723439e3122d9610d0579fbd	241
mit-engine-donor	6be745998f568e379ea197fcf827baec73ff9940	cmake-input	examples/passkey/CMakeLists.txt	100644	12558cc25572acefba4493d73b63db801a5382ed	fe2666390ccb9c1707c6bfdbb2703369bdb8da4cb950b0ca0084feda9a331d5e	239
mit-engine-donor	6be745998f568e379ea197fcf827baec73ff9940	cmake-input	examples/retrieval/CMakeLists.txt	100644	5927ff8a852d6e47395b8318e2fe92f12a2e7cf3	115bede727d6955484ed32c0deb755aa31bbbdcdc65e367ea39ead4e8226ab51	243
mit-engine-donor	6be745998f568e379ea197fcf827baec73ff9940	cmake-input	examples/simple-chat/CMakeLists.txt	100644	567f7fbbbf43a959c8d8f71705f6700c607f90dc	d938b71d4de5058258d71b1c3264f476a9786195bd0bc84fd9ac1e840b51f3d2	234
mit-engine-donor	6be745998f568e379ea197fcf827baec73ff9940	cmake-input	examples/simple-cmake-pkg/CMakeLists.txt	100644	128e38c8f2dc04d48b7f837ce89bdecc816eea0c	bb2b3ed603d2f5e886413e2f0f0c4d4a3941ff1e422a279f01fbc864e0ef167a	381
mit-engine-donor	6be745998f568e379ea197fcf827baec73ff9940	cmake-input	examples/simple/CMakeLists.txt	100644	104ecabfd72360aa8237a14e66179bcff62682c3	c4acc5493295ac4b9a1223f60004e6ea5b054efd75d5f3dc498032c464b24817	224
mit-engine-donor	6be745998f568e379ea197fcf827baec73ff9940	cmake-input	examples/speculative-simple/CMakeLists.txt	100644	5ef3b4131f2a1f037c75ee7563da63624ad2b66c	e8939bcec6e731ce051f7311fe63595d6e1916c543ce4ee9001b9c13a80c6468	261
mit-engine-donor	6be745998f568e379ea197fcf827baec73ff9940	cmake-input	examples/speculative/CMakeLists.txt	100644	b4e20c717a21e231bd4c44f080419f3952380d20	15d32bd07f65b4bb1e35b7e9e08ed59d621473cc16e47206426b2b6589b62008	247
mit-engine-donor	6be745998f568e379ea197fcf827baec73ff9940	cmake-input	examples/sycl/CMakeLists.txt	100644	40e44eefc8a83f048c7f95ce5be741ad6a464f90	d2705afee47e2d677f7c7f89645bb4b42b65d11cb7e45ef6b16c0bc8cd2bc177	341
mit-engine-donor	6be745998f568e379ea197fcf827baec73ff9940	cmake-input	examples/training/CMakeLists.txt	100644	8bb20d0f21381f0419c3de16a7326550b3b7d4d3	4a51519d6982603238d45030d5333c30128f36dc187acd1d3826063920b9281c	241
mit-engine-donor	6be745998f568e379ea197fcf827baec73ff9940	build-or-source-lock-input	flake.nix	100644	bb02c8e52f9ad78e2b66eda8091e5c9356361798	a96dab876cc32b49eb478e8680fdc43c738a06310a1e5feba7b5d5a5c99ab3c4	7243
mit-engine-donor	6be745998f568e379ea197fcf827baec73ff9940	cmake-input	ggml/CMakeLists.txt	100644	0ec62a3773d6024fd7d5c849af65aab04cd10583	15c2d21106af5f05e1ad7ab4f55f7ae2703f80b84098dd487ddcce4ee0ca9b37	21468
mit-engine-donor	6be745998f568e379ea197fcf827baec73ff9940	cmake-input	ggml/cmake/FindNCCL.cmake	100644	67511e2d56a6cf2e3bbcd000e6c7ad5d0535a2bd	496ad9fbb75ce307f8142ed2dc8fa1ea1baaaef70e51b8d0b153ebd191b650f8	964
mit-engine-donor	6be745998f568e379ea197fcf827baec73ff9940	cmake-input	ggml/cmake/GitVars.cmake	100644	1a4c24ebf6adeb1126e626f56de601621179353d	411507be4e991f2afc0007905a95bbf848176a282189d0e27d7df1d48974290d	717
mit-engine-donor	6be745998f568e379ea197fcf827baec73ff9940	cmake-input	ggml/cmake/common.cmake	100644	cb6638833204064c007ed8be32e5da22302c2522	438c57ef81c63b3b7b7a3078965ba081d53c3c2e9f9986c512e6f11b4937e816	2125
mit-engine-donor	6be745998f568e379ea197fcf827baec73ff9940	cmake-input	ggml/cmake/ggml-config.cmake.in	100644	23a3066f56dd6eaf220ea4f35fcf1d29ebd514bd	2e63c0151de13892cc56fcdae4bcfdc4a0c059c4c46ab18d0b607fe6d104df4c	7459
mit-engine-donor	6be745998f568e379ea197fcf827baec73ff9940	cmake-input	ggml/src/CMakeLists.txt	100644	89e5180d931f0ab2c8c827e17b12ca4baab350e2	011c66f0304349a3abbcc97b2ccd576adc21f0ffbe518f82f81bc458e921554b	20009
mit-engine-donor	6be745998f568e379ea197fcf827baec73ff9940	cmake-input	ggml/src/ggml-blas/CMakeLists.txt	100644	c27dc174c0041772d4950247ba374a7a0afe3e32	dc7028c2c7207e8c334fd61ea4556599a326710cd9b33050bace38833529df71	4168
mit-engine-donor	6be745998f568e379ea197fcf827baec73ff9940	cmake-input	ggml/src/ggml-cann/CMakeLists.txt	100755	aee5e7b06e51f5f9e36e31389798099d498d7f41	a61c05231e4ae8748c76febb4dfc214f856789caba5e0edd7d0c802bba3b172a	3476
mit-engine-donor	6be745998f568e379ea197fcf827baec73ff9940	cmake-input	ggml/src/ggml-cpu/CMakeLists.txt	100644	f7c557af4c0c1df892e3bfc355ab585c4658f881	b1ba1b4bb7cc2f2adf1cda4fa65fea7c7fe9a54fcec3b964dc1746846d30efbf	34255
mit-engine-donor	6be745998f568e379ea197fcf827baec73ff9940	cmake-input	ggml/src/ggml-cpu/cmake/FindSIMD.cmake	100644	5533668ec4ab18ff7261865e43be0100de65e5bf	c36807121bb1452dfb1ab39a7b366bd49f454c49b43b1df4b7c54f038c824d49	2651
mit-engine-donor	6be745998f568e379ea197fcf827baec73ff9940	cmake-input	ggml/src/ggml-cpu/cmake/FindSMTIME.cmake	100644	c8a4d4b4ec9335164617f3f35529d405371c9205	81fc6290d1b2fdc30746c222fe993cc7403942ca388f9db0c5885ef568929adb	2075
mit-engine-donor	6be745998f568e379ea197fcf827baec73ff9940	cmake-input	ggml/src/ggml-cuda/CMakeLists.txt	100644	d3953eee962e7cdc8cd39e6e8c062bced167e200	893edd71a30e6990b88ff86a916fa7e5edbbb7a572d942a05a7fc083706c63e7	11244
mit-engine-donor	6be745998f568e379ea197fcf827baec73ff9940	cmake-input	ggml/src/ggml-hexagon/CMakeLists.txt	100644	845b922bfedbc682f598a938c8c98a06626e1e77	00d8487f4ebdc088304e59d4ef08987077323c8c4f8a3c1bfe58e10538ea0f83	4717
mit-engine-donor	6be745998f568e379ea197fcf827baec73ff9940	cmake-input	ggml/src/ggml-hexagon/htp/CMakeLists.txt	100644	be575796d6d31e279b107335ee26fe270ab1424f	74143879c9bcabcead04a3c28464cb7496749630a3a71763439392a3bd180f0e	1215
mit-engine-donor	6be745998f568e379ea197fcf827baec73ff9940	cmake-input	ggml/src/ggml-hip/CMakeLists.txt	100644	44fd3f3c5bef2c7380cd38fa0dfdf9b152073947	709e04e41dbeabb2a9251ec01aff97668e0b41f4c2fadedbc3beb16bef837569	4888
mit-engine-donor	6be745998f568e379ea197fcf827baec73ff9940	cmake-input	ggml/src/ggml-metal/CMakeLists.txt	100644	42054d841aa3580f2247e85376b1e66410fbfde5	e0caad0073256a0cf9f445eb440cf935c569de81fac1af2127b6af5786b1c80d	5739
mit-engine-donor	6be745998f568e379ea197fcf827baec73ff9940	cmake-input	ggml/src/ggml-musa/CMakeLists.txt	100644	cc53c812ce5f47a2b955d8cc9af4fdcb4e62bbd7	66600e820763f5b1a60b4ec3d4a30b0495fe7cf10c715780d499a9991b0468e3	4291
mit-engine-donor	6be745998f568e379ea197fcf827baec73ff9940	cmake-input	ggml/src/ggml-opencl/CMakeLists.txt	100644	9ec3268b7f43b459023691912607fa0b0023cff2	d732113057c455d2cdc18674c4e871a6cbcfeb527911dc33d7c8f9fcf97ba064	5474
mit-engine-donor	6be745998f568e379ea197fcf827baec73ff9940	cmake-input	ggml/src/ggml-openvino/CMakeLists.txt	100644	cc089b721fc3c3b9e2184b6c2abb5e1268f29c16	b3bdc6e3ad18e07ec42256a8a0192cf1a249f035b3876c5d6a45c09a0760476a	755
mit-engine-donor	6be745998f568e379ea197fcf827baec73ff9940	cmake-input	ggml/src/ggml-rpc/CMakeLists.txt	100644	40e11fead63a5f8ee04b5362897688a24b4deb07	a8ceaa0037d241fca3b9a274b144991a0930c352a70e8a4083379037c4b085df	1009
mit-engine-donor	6be745998f568e379ea197fcf827baec73ff9940	cmake-input	ggml/src/ggml-sycl/CMakeLists.txt	100644	1c17d20df12b3823c08f69fc347673166829d5ba	f31068a8ac59e7862fb649ce549eeaa914541ee42804df7cb1b530576a3cd428	8049
mit-engine-donor	6be745998f568e379ea197fcf827baec73ff9940	cmake-input	ggml/src/ggml-virtgpu/CMakeLists.txt	100644	e6b020beb5bfa5ba6a18ac2ea326b5e2daed9704	2c5ca62a55f452d9ea95ef3ba276abdfe40738d7beedcc845956a971125d7d2a	2706
mit-engine-donor	6be745998f568e379ea197fcf827baec73ff9940	cmake-input	ggml/src/ggml-virtgpu/backend/CMakeLists.txt	100644	0b49c403b9a00221361db6b7493013647be2f1bc	9b3ca0ffe5db26a210d43faa7c89879dddf47bf69ea1a1a9ef175b39d1324636	881
mit-engine-donor	6be745998f568e379ea197fcf827baec73ff9940	cmake-input	ggml/src/ggml-vulkan/CMakeLists.txt	100644	5aeb6e97b159b8a0a0497a995096bdcd19be62cb	c51205cf984b7d9d2f9104f0fd44be7298db6046be9d63cc78e1f80f9c4d525d	9435
mit-engine-donor	6be745998f568e379ea197fcf827baec73ff9940	cmake-input	ggml/src/ggml-vulkan/cmake/host-toolchain.cmake.in	100644	2d8a85696d374e68822f854d6e59247c90a934a8	1c333fc25586feb395aa6eecc1ffac4ff66fd79968a117904c1259b47ded25d4	597
mit-engine-donor	6be745998f568e379ea197fcf827baec73ff9940	cmake-input	ggml/src/ggml-vulkan/vulkan-shaders/CMakeLists.txt	100644	10a9ea21025f51ca0656debc093fecc4e66489ac	2446d703642b80e0ca2943cd7fddfb34b9f53c7078c2e1880b0c7682d794b687	1364
mit-engine-donor	6be745998f568e379ea197fcf827baec73ff9940	cmake-input	ggml/src/ggml-webgpu/CMakeLists.txt	100644	1503a1ef8ba6f05d7e5897028c1d2b080af889e2	dd99b4af03e2bb80464edcac3476c19464a149a608243b17286226c4791a4b99	2852
mit-engine-donor	6be745998f568e379ea197fcf827baec73ff9940	cmake-input	ggml/src/ggml-zdnn/CMakeLists.txt	100644	0a723ce4de28646f62c0cc06e66273d0092f381f	50e5b114c2268fb5df1f308a0953d6437991b98a5fe9b2998c8a448d4e9f9fc8	1227
mit-engine-donor	6be745998f568e379ea197fcf827baec73ff9940	cmake-input	ggml/src/ggml-zendnn/CMakeLists.txt	100644	e4ba9cfbd0fcae92db141732036ea79d1843c5c8	aea8c2d7f1ba59bb9cbfef597ac1d2cb2853f032f3b0e2b912a1db20813f7bb0	3440
mit-engine-donor	6be745998f568e379ea197fcf827baec73ff9940	license-or-notice	gguf-py/LICENSE	100644	76f67efdc6470081b512a8db5bf2b1d4962d9c3c	ef78c7e6659e34c798194f0d344e807c722de70cbca1359ef54772661e11ca38	1072
mit-engine-donor	6be745998f568e379ea197fcf827baec73ff9940	python-dependency-input	gguf-py/pyproject.toml	100644	d11c34a2186d7180345f0050c746df51043b5620	820c0fa41085815a60d5e4939a08b91af5eee95e9cabf7270f779f3b6acf9746	1295
mit-engine-donor	6be745998f568e379ea197fcf827baec73ff9940	cmake-input	pocs/CMakeLists.txt	100644	d49d14dee4351395d04745660bd970085cfe6aad	24a96d97492e28df1634866410394cf67043f60a0661140ee80dff37a9a73d45	216
mit-engine-donor	6be745998f568e379ea197fcf827baec73ff9940	cmake-input	pocs/vdot/CMakeLists.txt	100644	f3776268ab6941caf9d4abd48c4dd02863f98279	7aea4bb7bc71605f62c044ef5320cdbb3242a97fb057292b3cb1ef8a45d46c6b	399
mit-engine-donor	6be745998f568e379ea197fcf827baec73ff9940	python-dependency-input	pyproject.toml	100644	46cf68ca1a398d40dc71f0eff043c03ceeaa73fe	dc8352c360780f5da97ec6f37315d881380873ba6ffcc9781d5f0d6cb8983fdd	1908
mit-engine-donor	6be745998f568e379ea197fcf827baec73ff9940	python-dependency-input	requirements.txt	100644	f2a18d62879b4e37249b566d6d85fd9485fb20e2	08e67179ad6863e26c8c763822b53f1080f4d4251cc2ad48c10418be9ee38f7f	551
mit-engine-donor	6be745998f568e379ea197fcf827baec73ff9940	python-dependency-input	requirements/requirements-all.txt	100644	6c6bea9490b4b0c7b390ecaa2640cfbb69ae7131	449994b4859f6c734b7a7dce0573726a8113e607d9aa01a7f4c034b152c037c9	575
mit-engine-donor	6be745998f568e379ea197fcf827baec73ff9940	python-dependency-input	requirements/requirements-compare-llama-bench.txt	100644	d87e897e17199fc3ae494b91f643af5c15ab98b2	9df04bf6b7ec0c2c7c456d05a09481f646d7caf2e2954f6d862f1f2f83cbf471	53
mit-engine-donor	6be745998f568e379ea197fcf827baec73ff9940	python-dependency-input	requirements/requirements-convert_hf_to_gguf.txt	100644	f80fdc1f6402c5c1652aa0a2fb1eada81772978a	d6ee53814f8069932540c3c06f03121914098b3485c7a48bb7baa4e6358943d8	397
mit-engine-donor	6be745998f568e379ea197fcf827baec73ff9940	python-dependency-input	requirements/requirements-convert_hf_to_gguf_update.txt	100644	afe2747d448d4d896c78c52ec5f40560f09b09f9	04fb9a44096a91f6b6277acab2cea2ed465419c7eadf33d80f6ed6f6129ca7c5	43
mit-engine-donor	6be745998f568e379ea197fcf827baec73ff9940	python-dependency-input	requirements/requirements-convert_legacy_llama.txt	100644	28221fad0ce9790f91dc6adfbc893010454bdfe5	64e5b8f1be7f0e88b79ec24e10cfc9defe5f3c061f730a3e2f88423e152f5bc0	102
mit-engine-donor	6be745998f568e379ea197fcf827baec73ff9940	python-dependency-input	requirements/requirements-convert_llama_ggml_to_gguf.txt	100644	afe2747d448d4d896c78c52ec5f40560f09b09f9	04fb9a44096a91f6b6277acab2cea2ed465419c7eadf33d80f6ed6f6129ca7c5	43
mit-engine-donor	6be745998f568e379ea197fcf827baec73ff9940	python-dependency-input	requirements/requirements-convert_lora_to_gguf.txt	100644	d091d564846bff78972a8502baa6a57c672b7abe	c7ea8e4c64f08759c2527702adb51eb70ca481928e58d0d05bbbbe9c83f71b8d	216
mit-engine-donor	6be745998f568e379ea197fcf827baec73ff9940	python-dependency-input	requirements/requirements-gguf_editor_gui.txt	100644	fd253364e152146b416ea1ea96071deb56892d3b	fcce14ea34d20abacfef6f2808a69564bd9de7f022bc573fc48b20e3e8868519	42
mit-engine-donor	6be745998f568e379ea197fcf827baec73ff9940	python-dependency-input	requirements/requirements-pydantic.txt	100644	1738494edb47c9d44dd22320d59837871c7183eb	b3a9dde321f3a0aa4a5132b388c6cd490116ceebf33f6c88fde0f94aa44f699a	57
mit-engine-donor	6be745998f568e379ea197fcf827baec73ff9940	python-dependency-input	requirements/requirements-server-bench.txt	100644	fb3b0d2664b08959d6a37617894c321eb19e3105	4035da5d3062df73fd4ea2b11e85320547bb2fffa30fc952be2031b47b29d44e	79
mit-engine-donor	6be745998f568e379ea197fcf827baec73ff9940	python-dependency-input	requirements/requirements-test-tokenizer-random.txt	100644	2785e71a257189652943630c23c9ae0abc92560b	8fd5516e7784f4c9eb68344b6822e92a2b5a3d12de2529d4401dfa11f10b4a7c	13
mit-engine-donor	6be745998f568e379ea197fcf827baec73ff9940	python-dependency-input	requirements/requirements-tool_bench.txt	100644	3e6f824165c462c4a102e6b94d654f33dc10f6c8	909df51cd91d0854548c119fe257544d3938819bc8870c46532481baf23763e7	174
mit-engine-donor	6be745998f568e379ea197fcf827baec73ff9940	runtime-build-orchestration-input	scripts/apple/validate-apps.sh	100755	f0475758c37ab29baac49ed2771334b183d722e0	8ced6e8720271f7b2354184b64e9d216e58ae8c1ee7b7f5667242da79479e548	156
mit-engine-donor	6be745998f568e379ea197fcf827baec73ff9940	runtime-build-orchestration-input	scripts/apple/validate-ios.sh	100755	50800d84a0c1deb2cf008d78b5b1ac8e689bea30	0c5e04187df5d812d1fa56f45337ac4e1485ad5b9351d5284d1f1e8fd9e5437b	31780
mit-engine-donor	6be745998f568e379ea197fcf827baec73ff9940	runtime-build-orchestration-input	scripts/apple/validate-macos.sh	100755	fa800ee682027605f3cf21b216bbc0e4aea7290e	9a4da4e6621150dd81fa06b280b7cb679fe176348119e0ae368a8c4ff49e4ce4	30256
mit-engine-donor	6be745998f568e379ea197fcf827baec73ff9940	runtime-build-orchestration-input	scripts/apple/validate-tvos.sh	100755	b4da698749c5867193a39e32fecba75468271baa	5000a2453bdf4634eb173bc97de7b7079efc63338de81b275fd2c5f757c94927	31681
mit-engine-donor	6be745998f568e379ea197fcf827baec73ff9940	runtime-build-orchestration-input	scripts/apple/validate-visionos.sh	100755	bbdec6602679cbaf419fcc29472cd69fe0f09ae7	22dd1c15380da935c35d59989f316f5d0c0332e863a232bd96b2ac042b5565bd	31770
mit-engine-donor	6be745998f568e379ea197fcf827baec73ff9940	runtime-build-orchestration-input	scripts/bench-models.sh	100755	c241013040f64d6ff4d5a6157418a184ecaae6a9	ecd40f1705a07c8e9ba12232b7cec76e664d98fa9ca2771aa0018dbdeaedffdc	2207
mit-engine-donor	6be745998f568e379ea197fcf827baec73ff9940	build-or-source-lock-input	scripts/build-info.sh	100755	fa9e7bacdb8cfb805ae4ad91f12791eb834e54c6	3e198b6731c4b2dccc035a579712ca756f453386b8ceec75db06961bcd7cde0a	717
mit-engine-donor	6be745998f568e379ea197fcf827baec73ff9940	runtime-build-orchestration-input	scripts/check-requirements.sh	100755	da2357d76c7a660febb79f1024f14074825f7b7b	73b7e2262b384422ba9d7daef4b49a25eb931dc79f1453a3dfcb243c744c8101	4447
mit-engine-donor	6be745998f568e379ea197fcf827baec73ff9940	runtime-build-orchestration-input	scripts/compare-commits.sh	100755	1802d6e5ef9f0d72ca8ac51b32217c34379f8b4f	a1048b31e74bf7b60a537fef6ec4a02d6855c59849c0e75dbe55f1a8a08d4388	1798
mit-engine-donor	6be745998f568e379ea197fcf827baec73ff9940	runtime-build-orchestration-input	scripts/compare-llama-bench.py	100755	5a6cc7dbb134160b1165d9405a1fa290100a7ca8	f556c71666b8097c7c95c45b66af4adecee91e9f81a74baa8111d51dbefa9420	46201
mit-engine-donor	6be745998f568e379ea197fcf827baec73ff9940	runtime-build-orchestration-input	scripts/compare-logprobs.py	100644	ac10085b788e80555a8fa0fb35389a311ae3d239	2c08992c8015cb38a901250cac4a6beb4f3c3db5c390efd2ddd3abd05208eb4a	9459
mit-engine-donor	6be745998f568e379ea197fcf827baec73ff9940	runtime-build-orchestration-input	scripts/create_ops_docs.py	100755	e3a476a1a13ffbad21527ef0587ec197f078d67a	fbc9fd162663ad0e362a04204c1a98401209720e3cd7aa188d44a73e0fcb9eda	6921
mit-engine-donor	6be745998f568e379ea197fcf827baec73ff9940	runtime-build-orchestration-input	scripts/debug-test.sh	100755	ead7ea15d14b45bfd1520c894732d4fb791e119f	e29b1cad2656c1e5bd82d29dd90608e2ac6d2c7b00ab35f97109425b0376a5f3	5080
mit-engine-donor	6be745998f568e379ea197fcf827baec73ff9940	runtime-build-orchestration-input	scripts/fetch_server_test_models.py	100755	f43d1f63cdc7ecca90bc20ac2dd1a11bf0c54e2c	170087eb9d4e81770a73127783775735d0c38c5df2ae865b869298eb6c65a52d	4025
mit-engine-donor	6be745998f568e379ea197fcf827baec73ff9940	runtime-build-orchestration-input	scripts/gen-authors.sh	100755	73e7b386f97f2a77f500146e4b9f47d01836ff00	3d9f4568c55cfb5d79e2388f33a3da91dcca5c797a72fd5737ee1a5bf450acef	345
mit-engine-donor	6be745998f568e379ea197fcf827baec73ff9940	runtime-build-orchestration-input	scripts/gen-unicode-data.py	100644	0fa78b22ec90348e503a901563b53213ca6a2381	1263a483de7fc2b00e4a04a6dd9ef8fe7029f208aa692365b63d43551a7808e5	6414
mit-engine-donor	6be745998f568e379ea197fcf827baec73ff9940	runtime-build-orchestration-input	scripts/get-hellaswag.sh	100755	0b161141f46555fca7b0edd49bfb8272e847288f	fd88558dfd3879d6072c709f19581f683b07eae07e2f0fd81a3e687c31884cb3	661
mit-engine-donor	6be745998f568e379ea197fcf827baec73ff9940	runtime-build-orchestration-input	scripts/get-pg.sh	100755	f180bf8340241294bf310671338a6c1816b4bf7b	54c349a1b4ba8019d7fe7a8fe1b033325d73486c387025189b005077f6cd30be	1396
mit-engine-donor	6be745998f568e379ea197fcf827baec73ff9940	runtime-build-orchestration-input	scripts/get-wikitext-2.sh	100755	bd03ad35263e033bb96c8cd31314ccc422ebddb7	0d09ae33d5473a0b406332ccd1a41e24e09dced9c6ab97388ebaa9729259bd48	745
mit-engine-donor	6be745998f568e379ea197fcf827baec73ff9940	runtime-build-orchestration-input	scripts/get-winogrande.sh	100755	bfa0d2ef0b237651ac47f4e3ce6aab0fc614b7a2	0e6021f3424d937961d87704b36240b46167e2e4f6118d2763fae79ce1f17513	684
mit-engine-donor	6be745998f568e379ea197fcf827baec73ff9940	runtime-build-orchestration-input	scripts/get_chat_template.py	100755	b4827b317e1c934b359388a578b534f114bdc282	5161a4c0c644a7e326a144a55f2e9b2b3aab562bf787e139cc0a8f99fa90f90e	2866
mit-engine-donor	6be745998f568e379ea197fcf827baec73ff9940	runtime-build-orchestration-input	scripts/git-bisect-run.sh	100755	cd1b8c104c4c461dd5c64ca26f34779bb7e29963	5fb7bf323516a18fdde58903d41cb6edcf6a43fab01b4809dfba21420008e857	407
mit-engine-donor	6be745998f568e379ea197fcf827baec73ff9940	runtime-build-orchestration-input	scripts/git-bisect.sh	100755	3279d502e1142e418538d6118189db8c77634802	3f2f7a4d81d85d9cbcb2a38cd44505a245c445569bc95f9abd5f60dc5242c2dd	615
mit-engine-donor	6be745998f568e379ea197fcf827baec73ff9940	runtime-build-orchestration-input	scripts/hf.sh	100755	e41b9053afdf244004acb23f0b1024e8397b6a44	ad38d61cb75d5a783f9ef29a3aafe670b5d93fea8c1ca87221f0ccf04d506493	2311
mit-engine-donor	6be745998f568e379ea197fcf827baec73ff9940	runtime-build-orchestration-input	scripts/hip/gcn-cdna-vgpr-check.py	100644	bbbce52ef39f9ebf2d8f3111f2c1155bda8e233a	2dbab06c123cc5c8b1bcbe330824954d3d2c96695be18044daf3dc604302f6b2	14938
mit-engine-donor	6be745998f568e379ea197fcf827baec73ff9940	runtime-build-orchestration-input	scripts/jinja/jinja-tester.py	100755	a83f025411ae74f1902497e418792bca0b9deaf6	24992cb769ffe74260a682e94b822ef88827c25b170cd373c5c7a5a212de15e2	18887
mit-engine-donor	6be745998f568e379ea197fcf827baec73ff9940	python-dependency-input	scripts/jinja/requirements.txt	100644	253685b61566fd0c26c813c97ebeedd2552c78c3	51f5f1bc6f8062c2c2e25b6c1e0d689f3a905b83e2541606b99e85cb330533d9	15
mit-engine-donor	6be745998f568e379ea197fcf827baec73ff9940	runtime-build-orchestration-input	scripts/pr2wt.sh	100755	ae03a888cb64ce70406068afe8c066dd4a2034dc	db20cf9a421ad907d275609d30fb40b4a730188a50900fede944f99b69d93f37	2388
mit-engine-donor	6be745998f568e379ea197fcf827baec73ff9940	runtime-build-orchestration-input	scripts/server-bench.py	100755	2eabb3bce85c395f41ecce3fdd66e5c24e4f61aa	429eb1894471a68c271cbef405600dd124d24c39ca68ffff42f29e54503c907f	13589
mit-engine-donor	6be745998f568e379ea197fcf827baec73ff9940	runtime-build-orchestration-input	scripts/server-test-function-call.py	100755	c32f17b5e3bf00316d1e81d168817f5848e05623	226fd90cba1b9931bab8807d65793d8932bf4ee9784531aaf3db9be3129eaa3d	39021
mit-engine-donor	6be745998f568e379ea197fcf827baec73ff9940	runtime-build-orchestration-input	scripts/server-test-model.py	100644	9049d80279ae00155c32258828db1a00194cfd21	0563a39c42bb5e15ed0ee8323380f4c33ec591498278beb477a4c3465cf91cf9	8007
mit-engine-donor	6be745998f568e379ea197fcf827baec73ff9940	runtime-build-orchestration-input	scripts/server-test-parallel-tc.py	100755	a166c6d720814bb42fc83882b29aa0b08e821e52	d20d24672fb95564c606e793c17d120abcd8a633f16bde92a1b4f4fc2996c028	32928
mit-engine-donor	6be745998f568e379ea197fcf827baec73ff9940	runtime-build-orchestration-input	scripts/server-test-structured.py	100755	da217fc46c86e82e62430fdd3a4ff6e2d1a0e1fa	bca9355fe3a7239623f180366ddea0ea82bc6dbc0da66bc6956a2630c9cf1407	36429
mit-engine-donor	6be745998f568e379ea197fcf827baec73ff9940	runtime-build-orchestration-input	scripts/snapdragon/adb/run-bench.sh	100755	bbe7146b44453c6c45dedb7d6c2e5473fe606172	d9c19178b936a063fced4be65cee39422403a62c9c33614951e6b80b2e3c6085	1133
mit-engine-donor	6be745998f568e379ea197fcf827baec73ff9940	runtime-build-orchestration-input	scripts/snapdragon/adb/run-cli.sh	100755	48127dfa2522f4ebeffa06c4de529e76eb9d7aaf	e497546d9c8c5fde95105afa3e053cadf029bad4489d6a3e529eba54729c5355	1846
mit-engine-donor	6be745998f568e379ea197fcf827baec73ff9940	runtime-build-orchestration-input	scripts/snapdragon/adb/run-completion.sh	100755	2130b9a74f6c04f1829c0b4b9ffca95147252631	506aca792b09aa964b2058e4ea07106a5119c289ffebaf19db71f0b0cb8dedbe	2042
mit-engine-donor	6be745998f568e379ea197fcf827baec73ff9940	runtime-build-orchestration-input	scripts/snapdragon/adb/run-mtmd.sh	100755	992045cb9b3e1d84dc274240c999368120879520	b80f8a15e4ea31568bc4e3577f097b7187df5f1acd4ab466a74b025329ee4e85	1884
mit-engine-donor	6be745998f568e379ea197fcf827baec73ff9940	runtime-build-orchestration-input	scripts/snapdragon/adb/run-tool.sh	100755	8bf7ba3a5461787354ba559d57da8213c26f5b8c	c6335747a326e65ec8c602c0c9faac041fe414fbc6d390e94949e34578f54917	1469
mit-engine-donor	6be745998f568e379ea197fcf827baec73ff9940	runtime-build-orchestration-input	scripts/snapdragon/ggml-hexagon-profile.py	100755	0f9240ddc62d7514ad2443ec776054c28458ea87	fb08bf28d1961f5a08818f2e877c59ee1bd1aff23d28dcca0c68e2d50d7b73e2	17616
mit-engine-donor	6be745998f568e379ea197fcf827baec73ff9940	runtime-build-orchestration-input	scripts/snapdragon/ggml-hexagon-trace.py	100755	37f137a9e758111a5992638e6641605f97ee9152	9c0ffc0853771178389ddfea72940aa0fd350953c7f9da5f375d0565bedfb7b4	18472
mit-engine-donor	6be745998f568e379ea197fcf827baec73ff9940	python-dependency-input	scripts/snapdragon/qdc/requirements.txt	100644	5e0f85917e3ce1464f492b79af7167a6222dc874	0ba8b3f89b4a87ddcda5f6a63fc2d428f8cbab07b73c1d42de2683446660d970	388
mit-engine-donor	6be745998f568e379ea197fcf827baec73ff9940	runtime-build-orchestration-input	scripts/snapdragon/qdc/run_qdc_jobs.py	100644	f1b0453eec4deabcdf757896b319063fe02d6e1a	e7c7f24f62ddf1230b707d6edfbe44d466ead053ef8ee350db155abcce3a42e3	24170
mit-engine-donor	6be745998f568e379ea197fcf827baec73ff9940	runtime-build-orchestration-input	scripts/snapdragon/qdc/tests/conftest.py	100644	0fc5b3e5fa7ca4027a9b7322faa1d28b2d491976	d8db0560ff8a85c8472174d8594198dae4b8eeaa6c79e5ddfbec7f3618ed9988	562
mit-engine-donor	6be745998f568e379ea197fcf827baec73ff9940	runtime-build-orchestration-input	scripts/snapdragon/qdc/tests/linux/run_linux.sh	100644	a6abf8ec3014faaeb4d0e0542a9fa753f8493ff1	d553072c9d2c8814f43cc7813fd39bee65e2a1afa21cda49a3f271f892c5dee8	6869
mit-engine-donor	6be745998f568e379ea197fcf827baec73ff9940	runtime-build-orchestration-input	scripts/snapdragon/qdc/tests/run_backend_ops_posix.py	100644	355bf6c6a5bbfbcad400a2bb0b3cc872c6f99866	0fa08eb710dcd154c2e3382779519949df25e7ad41168dfbf46b21bf05db5cad	1480
mit-engine-donor	6be745998f568e379ea197fcf827baec73ff9940	runtime-build-orchestration-input	scripts/snapdragon/qdc/tests/run_bench_tests_posix.py	100644	f42227c9f6e866b66278952af7f5d4600b004b4c	4fc1950a9a528c77bca8ead16a30bfbd090e25848670a002f5fe34f6009fa0e9	2834
mit-engine-donor	6be745998f568e379ea197fcf827baec73ff9940	runtime-build-orchestration-input	scripts/snapdragon/qdc/tests/utils.py	100644	fad6a923295a5e72f1375b5fce2b25b63c173766	cbc8a46e5d41b770ef7db319f4a7b32963dd8098cb35793e0dc47e66c221b818	4792
mit-engine-donor	6be745998f568e379ea197fcf827baec73ff9940	runtime-build-orchestration-input	scripts/snapdragon/windows/run-bench.ps1	100644	5ee81df6889d3a00ca56b9c2a8345dfbab0134de	106f0d358befa6bfcffd9804dbbe3efe0c0ad2e6a4c3ad094b2ee7ba57f26c81	876
mit-engine-donor	6be745998f568e379ea197fcf827baec73ff9940	runtime-build-orchestration-input	scripts/snapdragon/windows/run-cli.ps1	100644	b51149bec25bf3f65210ef37b55ef601188d9392	b2633abdbb8c9e23662d5859e82dd70234c8dfd0101398add6ae612b0bc5eedd	998
mit-engine-donor	6be745998f568e379ea197fcf827baec73ff9940	runtime-build-orchestration-input	scripts/snapdragon/windows/run-completion.ps1	100644	ffce8184dc070ff3e6feeb905cefeb9c8c194423	876575b39761253ba8dcc41b1a8f87bacfd261d3fb33feca4cd4f3384b919249	1013
mit-engine-donor	6be745998f568e379ea197fcf827baec73ff9940	runtime-build-orchestration-input	scripts/snapdragon/windows/run-mtmd.ps1	100644	b38fae35fe4561f48a749428b57155c2764240a5	44a2425066632c1a58c8941857e1898d5534d4f86618b26a341e1405e8a9ab54	1305
mit-engine-donor	6be745998f568e379ea197fcf827baec73ff9940	runtime-build-orchestration-input	scripts/snapdragon/windows/run-tool.ps1	100644	15c880f2dbdf08bd6158d4cc567c7952ec17a1c8	350b0906548d296aace8e499087ac5a3581b20c4720654ecb09e9db485fb9199	981
mit-engine-donor	6be745998f568e379ea197fcf827baec73ff9940	runtime-build-orchestration-input	scripts/snapdragon/windows/setup-build.ps1	100644	d8ef24d441329f2b602de6157492acb0928ec409	f39347d09273c37debf2ea0d949d7eb1668b58985238d89203ebc97dac41af10	4157
mit-engine-donor	6be745998f568e379ea197fcf827baec73ff9940	runtime-build-orchestration-input	scripts/sync-ggml-am.sh	100755	826c560cd883a8f20c9a33a52ce51e09e8dcadfa	aa976c4968842681ee75d8296da17fa4fcad2d864c2ad441431fdc0b39924ac2	4617
mit-engine-donor	6be745998f568e379ea197fcf827baec73ff9940	runtime-build-orchestration-input	scripts/sync-ggml.sh	100755	2da9b578915826fff94387cf884da008681969fb	d9aca1142dd3e5ab8646e691cdfdd4f6e5120dfe232b13799b9b1beae8298385	788
mit-engine-donor	6be745998f568e379ea197fcf827baec73ff9940	runtime-build-orchestration-input	scripts/sync_vendor.py	100755	f66e78d639f852c2ccf3030737206b1166ee55e0	d77c82f880cf781145ff049c46729dd0e28e4066bf18fcc2d12917d955dd8cda	1782
mit-engine-donor	6be745998f568e379ea197fcf827baec73ff9940	runtime-build-orchestration-input	scripts/tool_bench.py	100755	d9f5583d4a561ff773c1cd6638d338c1be8890ef	f91dd61072ba4c1a5b48eaea2a521643cd090ca6c004559358c45e7adf21695c	14961
mit-engine-donor	6be745998f568e379ea197fcf827baec73ff9940	runtime-build-orchestration-input	scripts/tool_bench.sh	100755	05b41d2f1fafb97eb53a096df894a476f743eaef	cdffafc7811400293ce028830e321ab6641f4908c0ae2b3706dfa90c35ab986c	6055
mit-engine-donor	6be745998f568e379ea197fcf827baec73ff9940	runtime-build-orchestration-input	scripts/verify-checksum-models.py	100755	0b5b9aafaade3d25547cb633bd39c2eaf29f5199	a76122391f4e332c61f16469e5e300f1181cb4b50ea2dd757be2cc7f885046b2	2476
mit-engine-donor	6be745998f568e379ea197fcf827baec73ff9940	runtime-build-orchestration-input	scripts/wc2wt.sh	100755	b6e92f86934180ccc251cd13b248113a96d3fe54	3e2383e44be7c4e3476e479260f0ff1d70ddf41abedef32433730307ff1ec703	1435
mit-engine-donor	6be745998f568e379ea197fcf827baec73ff9940	cmake-input	src/CMakeLists.txt	100644	320784c3a8cc8f83e1d01be64b7c6208ccd97916	918abc450ae62c3a5b7d9b8145c54b920138848f68ae9ac8a1ec08760ce96c55	1709
mit-engine-donor	6be745998f568e379ea197fcf827baec73ff9940	cmake-input	tests/CMakeLists.txt	100644	d4ea3b96225c59e8f97e353ced16ac5eed3bb675	76f80fa006bad018e8a51b89330e0babfe7729d0af54b787ab1252238e7effe3	13970
mit-engine-donor	6be745998f568e379ea197fcf827baec73ff9940	cmake-input	tools/CMakeLists.txt	100644	780df32661323cbb713769fd776e5c78c97bc837	8ec8c33efb197566cb2668ed2f9329ab751d1fbeebf28dfffdc95ca02d98f6c6	979
mit-engine-donor	6be745998f568e379ea197fcf827baec73ff9940	cmake-input	tools/batched-bench/CMakeLists.txt	100644	f6ed257f556c9534412ac86e5b8d31498675346c	6ab4f1741f2d2c95506e0ce2d67521baab07a28077383f752ff4a1db6666c95a	745
mit-engine-donor	6be745998f568e379ea197fcf827baec73ff9940	cmake-input	tools/cli/CMakeLists.txt	100644	8449cdbaffcd43e13ac875a049ad0083fdca5e05	6094ef7727f29dc18d88765611a6771deb083f9e3acf3b5d18eca8706349c5a7	772
mit-engine-donor	6be745998f568e379ea197fcf827baec73ff9940	cmake-input	tools/completion/CMakeLists.txt	100644	a310251eff6e18c5ab09787066d7c76afa673e8f	e0d4a61bfa231df06803349aaffc4bfaa86d85ac1a6788a5c021c4b7a6099fbc	724
mit-engine-donor	6be745998f568e379ea197fcf827baec73ff9940	cmake-input	tools/cvector-generator/CMakeLists.txt	100644	c0f2c2407051f8032c539bd53d6269b4136efddd	40b16b58e0ab662efc5089a4e5a6e72ef79f9adbb8e3dda892561788385b88c0	304
mit-engine-donor	6be745998f568e379ea197fcf827baec73ff9940	cmake-input	tools/export-lora/CMakeLists.txt	100644	b122a87523030ca43bbc55d1863d4a4296872d94	e86289a064c28bfe45ac0bcabe492157a49a73b224d123fd0a2b7d8ef8abab57	284
mit-engine-donor	6be745998f568e379ea197fcf827baec73ff9940	cmake-input	tools/fit-params/CMakeLists.txt	100644	8acdaef3712a35e0ce6f4fe74903626aab42b3a7	c4824a2ee48dfa20009c8ce0f998906427f8d98ba0700b246ea95be8482bce62	724
mit-engine-donor	6be745998f568e379ea197fcf827baec73ff9940	cmake-input	tools/gguf-split/CMakeLists.txt	100644	b40e07ab5aa236d3bb547ae701090b6dc7c4d0f5	82a4bacd338ebb2bf2b1f566e9fa81c6e36c64ad49b91d771e8151aec7830721	282
mit-engine-donor	6be745998f568e379ea197fcf827baec73ff9940	cmake-input	tools/imatrix/CMakeLists.txt	100644	361c4577d85bec2737376344658867a449142084	6c0fe64d9aa4a3712f97f24ac2cc58fe64a0aeb5caecc33c4c57473cfdfba0f8	422
mit-engine-donor	6be745998f568e379ea197fcf827baec73ff9940	cmake-input	tools/llama-bench/CMakeLists.txt	100644	b1c35ee88a5f0e8dd28c296402222bfd4cf72fcc	0d3c923bfc475ecf498160ff453db21e5ccbf0d512c75e52dcef828999a92e64	699
mit-engine-donor	6be745998f568e379ea197fcf827baec73ff9940	cmake-input	tools/mtmd/CMakeLists.txt	100644	ea684d9f156dc129057d39b5cbb49d0073919ba3	faf3694c72d7c87855a7ab4d5c42b62b97a2b1188ed332e0f5157c04f0d32dc8	4745
mit-engine-donor	6be745998f568e379ea197fcf827baec73ff9940	python-dependency-input	tools/mtmd/requirements.txt	100644	f26d8e912a37d0b0d29a971f744817becb6a784b	f1eda24cfe7b6fe8a66cf5ae9cd6324db70ed531245e4edc2235e6e4c92f8ae0	667
mit-engine-donor	6be745998f568e379ea197fcf827baec73ff9940	cmake-input	tools/parser/CMakeLists.txt	100644	a8df0e7e6e36541347e35fed3feca33c9000bfe3	a783ea61cf4767c2c2f92d78628a80e5f5fce86fe2326065fd946f9f2888a9a0	815
mit-engine-donor	6be745998f568e379ea197fcf827baec73ff9940	cmake-input	tools/perplexity/CMakeLists.txt	100644	0eee9acd406e209320c948b6dcd1a0dd395987aa	5667e9fd89bf8fd6619f606c36cbe10a62a33a30848ba917c8ee40c154e62696	724
mit-engine-donor	6be745998f568e379ea197fcf827baec73ff9940	cmake-input	tools/quantize/CMakeLists.txt	100644	eead4c859513a6dbb201a71a403d4233f57bbfef	6c83d543401a38879ebd935cac9c2b7226aa134cafd4016f7681dc70f9dbc64e	710
mit-engine-donor	6be745998f568e379ea197fcf827baec73ff9940	cmake-input	tools/results/CMakeLists.txt	100644	643eb0292775f24966885a3a35945f5de65e7fcf	e1099836927d01c95d7e55a42a876f766453e743b395eabe85c08b3627d04e1e	276
mit-engine-donor	6be745998f568e379ea197fcf827baec73ff9940	cmake-input	tools/rpc/CMakeLists.txt	100644	0eee9a922e77160a3a2665f9516c7ba7f8eef66a	11a97a497ba747ecb77b04005c07585c46a0e860240fea03029fad8a403027b3	241
mit-engine-donor	6be745998f568e379ea197fcf827baec73ff9940	cmake-input	tools/server/CMakeLists.txt	100644	32a9b35fd9a68b678967acb0f54b431f36b0fb5b	779dffb080fbf848834db01eab5419bb92e0dff53654e8682908968b5069138e	1829
mit-engine-donor	6be745998f568e379ea197fcf827baec73ff9940	python-dependency-input	tools/server/bench/requirements.txt	100644	66ed226eda6f0cad0da494cb8bb468471318b5f4	105cc90e6706a1296b93e961f24783cc455dfbbe6c6c9acf19d1a9a524e9eee1	20
mit-engine-donor	6be745998f568e379ea197fcf827baec73ff9940	python-dependency-input	tools/server/bench/speed-bench/requirements.txt	100644	a524c2f51932f069b7bd4b8b258a7d1574965faa	af61baf90f1ee3421845076ff594159b3656062132ed1522470154bccaf7e635	23
mit-engine-donor	6be745998f568e379ea197fcf827baec73ff9940	python-dependency-input	tools/server/tests/requirements.txt	100644	ca7a0281fa14d037e6fec14a84b2898c7e657216	95377e0570e06d399c8f9a15a85e3ea17aaffaab7afe0d0e4220d86a155b1660	111
mit-engine-donor	6be745998f568e379ea197fcf827baec73ff9940	cmake-input	tools/tokenize/CMakeLists.txt	100644	1e1836575854da3c0b5d34dd4ac7e7d6c31c2e86	075b45f7115774dd35e22d1235301081ec2b298b3ed27bf414ee015ce457e9ee	277
mit-engine-donor	6be745998f568e379ea197fcf827baec73ff9940	cmake-input	tools/tts/CMakeLists.txt	100644	26a8bb8f2d1fb2be153f35d84926725343ce0746	66f37d1f9ba73a20bdf9a557b43b45ff34f99fd2fef9cdd2f17de6be0591d79d	268
mit-engine-donor	6be745998f568e379ea197fcf827baec73ff9940	cmake-input	tools/ui/CMakeLists.txt	100644	74bca417e3728fe0fde167e3b881f9d9ffda071f	b739791903f903780e12fe6c26c239db9e18c4face174a66cdcb7c12139c0f28	4310
mit-engine-donor	6be745998f568e379ea197fcf827baec73ff9940	dependency-input	tools/ui/package-lock.json	100644	7216de682340876a48c0bc06647159cb1f25ba21	26e35c8825984339c9547761d5f872e41279e7ab84d40ae31dbdb3b550ed471e	568155
mit-engine-donor	6be745998f568e379ea197fcf827baec73ff9940	dependency-input	tools/ui/package.json	100644	8b3516a02cf262e7d9a48b031c1ebb8d761a4344	eb4b3086fe264caac98a260f1cf55e3c407286dcb1208049dfb1181e0a9e92e6	3772
mit-engine-donor	6be745998f568e379ea197fcf827baec73ff9940	cmake-input	vendor/cpp-httplib/CMakeLists.txt	100644	408e06151ca7793e892d434d92e8661271f1f552	5d2f75f8c26a7d6d9aa841a54abf98b296702e21ec393a72b1e3aa28bef7bdd0	6763
mit-engine-donor	6be745998f568e379ea197fcf827baec73ff9940	license-or-notice	vendor/cpp-httplib/LICENSE	100644	3e5ed359a2bb16f52c383745c25f14bb7a81c9e4	4b45cbe16d7b71b89ae6127e26e0d90a029198ca5e958ad8e3d0b8bbed364d8b	1075
donor-comparison-parent	92366df30d4eaa4b85139b5fd694360237731b19	ci-container-input	.github/workflows/ai-issues.yml	100644	c762901b5ac43c284b9ff1002cace4e6e03984b4	e03ecf4919d96bd8a94864638df6ff6cd235ec4994d5c89abd825ccadbe143d2	2904
donor-comparison-parent	92366df30d4eaa4b85139b5fd694360237731b19	ci-container-input	.github/workflows/build-3rd-party.yml	100644	82e53dbafb39bb478b8545dd8d36bd3e633b2ada	8450a2f501cae80d3d4fb893e9ab6a9818167a38d7cae4218088e2173e6cf51f	1213
donor-comparison-parent	92366df30d4eaa4b85139b5fd694360237731b19	ci-container-input	.github/workflows/build-and-test-snapdragon.yml	100644	3e857d48e39feb099bbeac2aa35d13cbd4ed813b	e6f7dbfad6a0265ab74becef00e71baf5d2c1b193ceaa38c81918f06b8be3530	4856
donor-comparison-parent	92366df30d4eaa4b85139b5fd694360237731b19	ci-container-input	.github/workflows/build-android.yml	100644	a05248e1298cfdfb4a0adf56b72a6ab744d216f1	1cb0dcdc278009fe098f9c72df235619f6f4308ff250e85931cfd081f1c728cd	4221
donor-comparison-parent	92366df30d4eaa4b85139b5fd694360237731b19	ci-container-input	.github/workflows/build-apple.yml	100644	2b3d14d1f3cf52516a04ac8e2cc7fca5dad4a468	6e23972b53421b3d3c207e1ac0c9cd092e96dab70d96a81c0b333199638c0d80	8154
donor-comparison-parent	92366df30d4eaa4b85139b5fd694360237731b19	ci-container-input	.github/workflows/build-cache.yml	100644	327f71978bf121681736985035337c8c95995de2	e3e6c8a564cc38fd8c0e5f01b464c8c36030b2dcbacfbd182c5368cdfa582c55	4308
donor-comparison-parent	92366df30d4eaa4b85139b5fd694360237731b19	ci-container-input	.github/workflows/build-cann.yml	100644	6d76ed49992efb058fd399fb6418e51f74d06e90	bfb0628bfa199791769d4b4a5ba78d96c9d2f2ab0f1bd0d5f7496fae8ae79316	3309
donor-comparison-parent	92366df30d4eaa4b85139b5fd694360237731b19	ci-container-input	.github/workflows/build-cmake-pkg.yml	100644	5becff09c1bc782cd0f2da42a319bc76ca709ec8	bfdc53941cdbb6aa35f7f9d0105cf887247e834ca4e9708ddf6f00e2c7130d41	1774
donor-comparison-parent	92366df30d4eaa4b85139b5fd694360237731b19	ci-container-input	.github/workflows/build-cpu.yml	100644	8f62e1a177cd05e729b370038b8e8227940ed4ec	73c23262c17b17a7f5872e994fa47b28326282f1fec4e8ba6b70ac9edfb13959	8283
donor-comparison-parent	92366df30d4eaa4b85139b5fd694360237731b19	ci-container-input	.github/workflows/build-cross.yml	100644	eef78b674175654d379f5d95a1f4ee2575d25d8c	a6935807399a2b3f6013deaf20e6df3ddeae71ecc8a4f628dbbac8b780746948	13660
donor-comparison-parent	92366df30d4eaa4b85139b5fd694360237731b19	ci-container-input	.github/workflows/build-cuda-ubuntu.yml	100644	6271b22cbd262897c32153e50356fceb253197d9	974f8caf4fe313ea2113c2d0d2b255607d133ff203bb05c26187b18be299d410	3642
donor-comparison-parent	92366df30d4eaa4b85139b5fd694360237731b19	ci-container-input	.github/workflows/build-cuda-windows.yml	100644	e9e941421b68d687bbef69ee54bc09bb31fcfa20	0cbcbdf5f5b15de0c8b8cbd0f8bda4a554deeb8bb839150136df2e21734eb7a1	5498
donor-comparison-parent	92366df30d4eaa4b85139b5fd694360237731b19	ci-container-input	.github/workflows/build-ibm.yml	100644	d2e4f3cdaeb7984f59faa014531034bf1843d7e6	4a1df1274ae91770d614d8cb42471fe657cbf5ec14745a3b4464d764be1ae122	4242
donor-comparison-parent	92366df30d4eaa4b85139b5fd694360237731b19	ci-container-input	.github/workflows/build-msys.yml	100644	15c55cf12ccc53dc75121ce7c66e43bd82facde3	58e88c25b9a8f28787984489dfbbaeb0a8b198c04a9bba6762674437f157e47c	1976
donor-comparison-parent	92366df30d4eaa4b85139b5fd694360237731b19	ci-container-input	.github/workflows/build-opencl.yml	100644	251b1f8d593fbde897a27a824f7ea36071cd5814	d6141baf8db876d9fb003662ed50e98058385fb65bab447e6e4713568f2c718b	2467
donor-comparison-parent	92366df30d4eaa4b85139b5fd694360237731b19	ci-container-input	.github/workflows/build-openvino.yml	100644	938cde3f20ff2474f96af38fdd771e2bccc8c8d9	51d2641a8955406f73ab69198d9e63a67c04a78d0c74ab15ffbce6139c8d56cf	5379
donor-comparison-parent	92366df30d4eaa4b85139b5fd694360237731b19	ci-container-input	.github/workflows/build-riscv.yml	100644	70615378b5eabe5a63b6fa8df9aaf3543bbc2f18	c212ddbcb88d0c250da93c31d8e4609045ed8478771b10e99e68770ebeedd746	6047
donor-comparison-parent	92366df30d4eaa4b85139b5fd694360237731b19	ci-container-input	.github/workflows/build-rpc.yml	100644	d04dc375b5cccabf72608c2b3f0bc026ed171b5a	42f0cdc2ab3e0606e431693c865825d72650ac1fb3be6644c4548ee2ca35b8a3	1392
donor-comparison-parent	92366df30d4eaa4b85139b5fd694360237731b19	ci-container-input	.github/workflows/build-sanitize.yml	100644	e242abcfd3ccda0e15ce2d2efd51a4d11c132882	3537e7afeb0e835033ef732262e9480e2c17332872682713b7b0244198bdf43e	2312
donor-comparison-parent	92366df30d4eaa4b85139b5fd694360237731b19	ci-container-input	.github/workflows/build-self-hosted.yml	100644	1a71ed8277295494f2fdd308dcabba366d0bca08	f4cc6cb2efcc6415fb90f106356ec96007e22aaed183d1b64a8dcd687b1a6709	10908
donor-comparison-parent	92366df30d4eaa4b85139b5fd694360237731b19	ci-container-input	.github/workflows/build-sycl.yml	100644	deb0e5479a5712909a21c0b7451c9bb601267c56	69d250598a3cc53207c471c0dd4ea2d90ce2700180a1f6c3e4e8867501c7f755	4588
donor-comparison-parent	92366df30d4eaa4b85139b5fd694360237731b19	ci-container-input	.github/workflows/build-virtgpu.yml	100644	5b740590d6b8734d20312c1e923c3eecf71e25c2	6b88d463777f642f93c2d6b898e1bf74d785f28ea07418a181d5a034e63336ee	1134
donor-comparison-parent	92366df30d4eaa4b85139b5fd694360237731b19	ci-container-input	.github/workflows/build-vulkan.yml	100644	a103c50faf702630c55cc8e589d5c35a38995f7c	467c03d13d1fea4e07f7f3c4934b74d5158b2bd3a4e842d367b03fa0a70032fe	3663
donor-comparison-parent	92366df30d4eaa4b85139b5fd694360237731b19	ci-container-input	.github/workflows/build-webgpu.yml	100644	0f5ade7af65185046effa87ef6ba4a03a01d3f2e	746c2e39959597dcdf220bf68420d3c18f7ced8c7960fb967e92b94448396a90	6072
donor-comparison-parent	92366df30d4eaa4b85139b5fd694360237731b19	ci-container-input	.github/workflows/check-vendor.yml	100644	015629f380ca3001ba1fb50ce2cdd8f84f44a9a7	db21d27deb62ed7bb7ea1b0ad6c9ff258faf9e32de669e3a244db2fcd9ca19d1	1232
donor-comparison-parent	92366df30d4eaa4b85139b5fd694360237731b19	ci-container-input	.github/workflows/close-issue.yml	100644	4698cee5594b1337f059926e9ff487c578360dc0	f7b62804e1a4e99867d0fae96ae37282e2afca5919123b6e5d79586811fdce0d	954
donor-comparison-parent	92366df30d4eaa4b85139b5fd694360237731b19	ci-container-input	.github/workflows/code-style.yml	100644	50b598b84dddd61ff17f33377e475cdb4bab8623	7a08cb16f538c77a76633559801f38683e693bdec5cb21b0e637ddfc46c77028	1741
donor-comparison-parent	92366df30d4eaa4b85139b5fd694360237731b19	ci-container-input	.github/workflows/copilot-setup-steps.yml	100644	6f648bac45b743feefcc2929044fddbcd66281e0	b518084905893453426ff005d831e4765e0a97a6564f08b2220b683cc8cb00ee	2180
donor-comparison-parent	92366df30d4eaa4b85139b5fd694360237731b19	ci-container-input	.github/workflows/docker.yml	100644	afe4b7c66410524dd67ac79b215a32d9ce595ffd	8cbf0501b75bc7a7666e8d0b665e64dbfd2f5a27ae447f4f29d8146836cdf9a4	24390
donor-comparison-parent	92366df30d4eaa4b85139b5fd694360237731b19	ci-container-input	.github/workflows/editorconfig.yml	100644	59159cd414449ec46624ebcfa4808ef9e2795141	8f8f7d3e2fec2dadc25bff0b9b10c267bfbf67be9f121e79820a8ed3693dab34	577
donor-comparison-parent	92366df30d4eaa4b85139b5fd694360237731b19	ci-container-input	.github/workflows/gguf-publish.yml	100644	fb8eab3cdb3b6a43bff2cde051ed456179689c09	1f9d258b27e7b04e182f2a2c5da650772b73113c8345ab41486e02451454489c	1272
donor-comparison-parent	92366df30d4eaa4b85139b5fd694360237731b19	ci-container-input	.github/workflows/hip-quality-check.yml	100644	5d23f01cf80a87100ce8889fb28cd9f1ce2be796	f7e7d4bb2e46d0472cc8b3ed17de6ad187c210d77736cb5537a5e663c4019ca2	2493
donor-comparison-parent	92366df30d4eaa4b85139b5fd694360237731b19	ci-container-input	.github/workflows/labeler.yml	100644	eab20c68811e044894e29cd2793de40bc357559a	3516e2909e7b9b60346b6804aa7d94040c95538668474a516e710539553ec799	352
donor-comparison-parent	92366df30d4eaa4b85139b5fd694360237731b19	ci-container-input	.github/workflows/pre-tokenizer-hashes.yml	100644	3e440b67d9ba2321fc573d12ee9dfa2538843c43	863315e17e539d5e5b98e520eb629898d8130bdb567460157f28652e2f9287b7	1565
donor-comparison-parent	92366df30d4eaa4b85139b5fd694360237731b19	ci-container-input	.github/workflows/python-check-requirements.yml	100644	2c7fab40b4413bab8f664e2fe87783ec19684799	59351593e098f50bfbdab4413ddc56df64d35f3b627e6780f28245eae3877252	927
donor-comparison-parent	92366df30d4eaa4b85139b5fd694360237731b19	ci-container-input	.github/workflows/python-lint.yml	100644	0424f372a147745534dc6ffca1874e79dd182072	0f4ddb9029f6e4db3a5a5a6606a2974994f80a3afddf458fd93706e2507473b8	841
donor-comparison-parent	92366df30d4eaa4b85139b5fd694360237731b19	ci-container-input	.github/workflows/python-type-check.yml	100644	14edb1a9d17972504cb140e51b08049c682db39a	e8e47b97afc494015bb9914b35709b8ec3571cad261d051c9a66a02277ce2a93	1142
donor-comparison-parent	92366df30d4eaa4b85139b5fd694360237731b19	ci-container-input	.github/workflows/release.yml	100644	616fca3daed1233f2862e3785e510b1672d35538	056020acaa6e8643d3420fe88190db77de93eb641f0f16993d6ab05dd2af3281	64630
donor-comparison-parent	92366df30d4eaa4b85139b5fd694360237731b19	ci-container-input	.github/workflows/server-sanitize.yml	100644	c0817cbba87895d6dadde0115f229837ebf65fcb	51d13f5f8f71bd5732703363282dba625439a876f4b4a4ce9d367f3d54b06f1c	3274
donor-comparison-parent	92366df30d4eaa4b85139b5fd694360237731b19	ci-container-input	.github/workflows/server-self-hosted.yml	100644	2dcd6d7425aab8b3496b4de1ce08daef1158324b	c9bedf8d1e8f560875e8679f490cc00dcb6485f949384b5ccfd0805053274f68	5940
donor-comparison-parent	92366df30d4eaa4b85139b5fd694360237731b19	ci-container-input	.github/workflows/server.yml	100644	5a02cc15ad5e00be33934dc353f4da1f3eaed937	c6607adb263a62236db656944a14bd0d5d5958cbcc5e9557d9ca14fe2c74830c	4944
donor-comparison-parent	92366df30d4eaa4b85139b5fd694360237731b19	ci-container-input	.github/workflows/ui-build-self-hosted.yml	100644	7b7f8b60025a3713753962458902459b9132d271	58b0b1b8357d4fabc72d600f72cb4ed70394e33842c2de5b942819ba31cef71f	795
donor-comparison-parent	92366df30d4eaa4b85139b5fd694360237731b19	ci-container-input	.github/workflows/ui-build.yml	100644	85642f3f4b76b7527a4ecb290ab01de28e8ad583	2679ef9fcf7a9386bea1fc82331a783fe0b2ebc9cea0068e80442b9f070a7fb6	1223
donor-comparison-parent	92366df30d4eaa4b85139b5fd694360237731b19	ci-container-input	.github/workflows/ui-publish.yml	100644	c3b7343c655b07a73cca056b1748cd7aa7503020	2bdbe1f317d38c3f301a9aeb2c7f5f0b6f6d9a3e00bcdb60750dce5b7a58aa4c	2567
donor-comparison-parent	92366df30d4eaa4b85139b5fd694360237731b19	ci-container-input	.github/workflows/ui-self-hosted.yml	100644	79d7800d6bbd2060b627a15c500f845b9c64fe97	78060e849c6304bf81c10554e2e8615cb71167307c9b242561f66f001e779f3a	3611
donor-comparison-parent	92366df30d4eaa4b85139b5fd694360237731b19	ci-container-input	.github/workflows/ui.yml	100644	fa99a0cda2cf356d89555db860b0e5a876daeefd	a422e32203f02d73fd516576de4348c305bc606287f2b7b1e48d1f406e66c121	4339
donor-comparison-parent	92366df30d4eaa4b85139b5fd694360237731b19	ci-container-input	.github/workflows/update-ops-docs.yml	100644	6e8bc1aa07c2e25f4c223eec811dd72caba186e2	50e9b208bb30f90e923b552d3bbf62a5dc90e7ebc67f08917e5af05c5f63ece3	1474
donor-comparison-parent	92366df30d4eaa4b85139b5fd694360237731b19	ci-container-input	.github/workflows/winget.yml	100644	69e24f940099e090586cbd1339dcaf7f3501fc5d	8bb96375a27c3cb992460037ec1c71d5aacde1c639fffaef74f24f5142b5a37d	1556
donor-comparison-parent	92366df30d4eaa4b85139b5fd694360237731b19	build-or-source-lock-input	.gitmodules	100644	e69de29bb2d1d6434b8b29ae775ad8c2e48c5391	e3b0c44298fc1c149afbf4c8996fb92427ae41e4649b934ca495991b7852b855	0
donor-comparison-parent	92366df30d4eaa4b85139b5fd694360237731b19	cmake-input	CMakeLists.txt	100644	81f23d7e70b7378511af5d01be680c03aebc2b15	272b66f1e71b0be5bb8a59b2b92dc5f97f1292aba2a72f86c9cb3673362374cc	9488
donor-comparison-parent	92366df30d4eaa4b85139b5fd694360237731b19	cmake-input	CMakePresets.json	100644	b5afeb3c0f2f9a4fe49890ab718c565962ad57ca	cc1209d3ede32fd9697c4ceb6e1026298317073830cbcb4d1e9489ddd63c395a	4570
donor-comparison-parent	92366df30d4eaa4b85139b5fd694360237731b19	license-or-notice	LICENSE	100644	e7dca554bcb802f98408383a864404e3aa4eacca	94f29bbed6a22c35b992c5c6ebf0e7c92f13b836b90f36f461c9cf2f0f1d010d	1078
donor-comparison-parent	92366df30d4eaa4b85139b5fd694360237731b19	build-system-input	Makefile	100644	bcbc7702059566c8e23bcaf73e12caff9b7dac8e	81cf8d21005a58822cdf457f1caab1da5f02d34ddcaa75e871b32f05e3e52efe	257
donor-comparison-parent	92366df30d4eaa4b85139b5fd694360237731b19	cmake-input	app/CMakeLists.txt	100644	3450ff49000fb0f5de45c09e13650851c189fae5	64a24a7d31a202e5e1cd28e8270dcd0714c16d23dcee66b6a6ddff83bbcd1125	870
donor-comparison-parent	92366df30d4eaa4b85139b5fd694360237731b19	build-or-source-lock-input	build-xcframework.sh	100755	697278d050c54061e63269f2647c21378d5566a6	33c1b8c6a7ed5402a3de04efe671f91860ee4d967f2ce39ff56006545cfb1ef6	22060
donor-comparison-parent	92366df30d4eaa4b85139b5fd694360237731b19	cmake-input	cmake/arm64-apple-clang.cmake	100644	5fcd2882afc9d96ccc1c28396b91e5e46c93f66c	80d01144241c7a45d1c35461aab1256364f8c7e714c3401a8097a567a8179e03	555
donor-comparison-parent	92366df30d4eaa4b85139b5fd694360237731b19	cmake-input	cmake/arm64-linux-clang.cmake	100644	f16e280ec6609c13ad1546b7a0cd97ee07e37776	feb7bd04443531e2287638c23a8d1873203d72a2da95e03f9c28433b27e24bd1	587
donor-comparison-parent	92366df30d4eaa4b85139b5fd694360237731b19	cmake-input	cmake/arm64-windows-llvm.cmake	100644	8023796800683240e32048180a1eb874ddab1963	12be8ba361b88d1a12cf28970da526f98c0f9b17103c2aa0c0b49ee7fa496a48	592
donor-comparison-parent	92366df30d4eaa4b85139b5fd694360237731b19	cmake-input	cmake/build-info.cmake	100644	c7005950c5612d1d93ca728386b10806b0043106	d5cb300d2a3665eac85370617853a143a4f4a7884977f83d0635b18699f93eee	1319
donor-comparison-parent	92366df30d4eaa4b85139b5fd694360237731b19	cmake-input	cmake/common.cmake	100644	bcf403e0ee3773737d9bc1918863ac5e91b76d4c	ff633f84fb707c51d3aa1f9c898886db5e16905ffce9df15338eef4fabcd77f7	2044
donor-comparison-parent	92366df30d4eaa4b85139b5fd694360237731b19	cmake-input	cmake/download-models.cmake	100644	de252906a01fbcf2d2a3cf538d2f683c48420dbd	6cf1368093d7207c5ddd40f8c9841e50621b71e57d2fd0c13afda3b84a973eb0	505
donor-comparison-parent	92366df30d4eaa4b85139b5fd694360237731b19	cmake-input	cmake/git-vars.cmake	100644	1a4c24ebf6adeb1126e626f56de601621179353d	411507be4e991f2afc0007905a95bbf848176a282189d0e27d7df1d48974290d	717
donor-comparison-parent	92366df30d4eaa4b85139b5fd694360237731b19	license-or-notice	cmake/license.cmake	100644	de066603ba5e99d0ae4633647e69ef435f6824fd	083515dff8a9b8696e348c7c616934e53941a7db30e1b3f092576632e9a2d1d4	1445
donor-comparison-parent	92366df30d4eaa4b85139b5fd694360237731b19	cmake-input	cmake/llama-config.cmake.in	100644	b4defc76ff0e751d5f991d7d063dc118c3a67b20	b06d1f27d90c409b3895ef81373113c32701d43a5173569fd8f6987680999633	965
donor-comparison-parent	92366df30d4eaa4b85139b5fd694360237731b19	cmake-input	cmake/llama.pc.in	100644	6fb58b5f6881b7f204d9094a8f2d3ed1d93906c2	0d720145be0f415d5381ac58cc6878398357bee7ce83012b50668de666534eff	311
donor-comparison-parent	92366df30d4eaa4b85139b5fd694360237731b19	cmake-input	cmake/riscv64-spacemit-linux-gnu-gcc.cmake	100644	faed7fb7831a48d76202ab83ad44f8eccdc23f25	6a2ef73adf92ed68c38820b7503d3e423f27c426306ef4cfaea5d88b4eb51cb8	1463
donor-comparison-parent	92366df30d4eaa4b85139b5fd694360237731b19	cmake-input	cmake/x64-windows-llvm.cmake	100644	77e79140798b2fcee2d84a3abdeab315c08b7a03	416e1385f9ac92ff29e2158da8b1894ae2cfccc3bb024eb46c3b937cb42477a8	139
donor-comparison-parent	92366df30d4eaa4b85139b5fd694360237731b19	cmake-input	common/CMakeLists.txt	100644	4cf580a056c806b880b3c756d8fa554b5041dc07	c3bac1462739f754de394843abbb4fbd483f2564190d125f64a68c4e26caa5aa	4654
donor-comparison-parent	92366df30d4eaa4b85139b5fd694360237731b19	cmake-input	examples/CMakeLists.txt	100644	39f802d250e141135aafe05f532192e435ce135f	9b1dcd8296f33b0accfbe2c55e06a37aefb00b47859fa4f2e24744fb317507f8	1005
donor-comparison-parent	92366df30d4eaa4b85139b5fd694360237731b19	build-system-input	examples/batched.swift/Makefile	100755	1f9156e583fdda26611fcc9c53dfe57517a50da8	fb84da2c51818364999fb74036930f3a236498fee74373128a00f9abb58bed20	230
donor-comparison-parent	92366df30d4eaa4b85139b5fd694360237731b19	cmake-input	examples/batched/CMakeLists.txt	100644	1d7c2a0f6e7fce160d0f2f6fd663b44fea963c24	c7fdbb56aa7daca62ac30b202309e77c1738252fa27dd97463cc04178dd28b5d	239
donor-comparison-parent	92366df30d4eaa4b85139b5fd694360237731b19	cmake-input	examples/convert-llama2c-to-ggml/CMakeLists.txt	100644	2162da4fdf766928cd9864cfa657e2d29eeb70e6	979f8e1641b53b6fa29afebce017091e061914ae5f5fcdf5b6c687dd94d37645	271
donor-comparison-parent	92366df30d4eaa4b85139b5fd694360237731b19	cmake-input	examples/debug/CMakeLists.txt	100644	fb1c7e258147017d90538d9b2e3297d79287c344	71624de72a3fc484849b4f2b696d5429cdff31468a805484d7ad6ad7ec88f80f	235
donor-comparison-parent	92366df30d4eaa4b85139b5fd694360237731b19	cmake-input	examples/diffusion/CMakeLists.txt	100644	42a84b2dfe5f724fa0f62144027223518b6a325a	8c8a32992a7797996c026922d463da85cd1a938c56480484af2704533e871ecf	490
donor-comparison-parent	92366df30d4eaa4b85139b5fd694360237731b19	cmake-input	examples/embedding/CMakeLists.txt	100644	0634c7bd8202cb41b5fcc2f7810afa29b3c11d8d	1cf460f35453625d5399d6b9d115f56ee8e388a0fc0939b0e6e95ac2e6216c56	243
donor-comparison-parent	92366df30d4eaa4b85139b5fd694360237731b19	cmake-input	examples/eval-callback/CMakeLists.txt	100644	63fbe59dce87dd27735e200c677e5626f2a8e86e	54854a0829f124a242d79b0f942bf4e2119ae98bc869f20be097c6c998a601af	1320
donor-comparison-parent	92366df30d4eaa4b85139b5fd694360237731b19	cmake-input	examples/gen-docs/CMakeLists.txt	100644	aa68cbd78a8644bf68bd402b5d9cc2740e58ddb1	1a51f5893ace277af6164ac6501e5574bf7c1bb59092d3e66f5a63b7406ea710	241
donor-comparison-parent	92366df30d4eaa4b85139b5fd694360237731b19	cmake-input	examples/gguf-hash/CMakeLists.txt	100644	15c5c68c6f402f1ac9a81555a16c81ba87794163	f52b81f7084fa7fbb5e21b63637df1cee398ebde60a9284cefba974ae37bcb00	728
donor-comparison-parent	92366df30d4eaa4b85139b5fd694360237731b19	dependency-input	examples/gguf-hash/deps/rotate-bits/package.json	100644	74c0bef68d8bd32828a0d8c204549a72a51a903a	4627415dc3410ba88c7b1015875a717a2e23441972fef9b33d0539527b2760ba	255
donor-comparison-parent	92366df30d4eaa4b85139b5fd694360237731b19	dependency-input	examples/gguf-hash/deps/sha1/package.json	100644	6a5843dd1ef46c21599b4f75e95a088907351abd	47560382d1e2074c48c08ba36dddcbc6043f0eb372aa4617e5773305eb3bf852	200
donor-comparison-parent	92366df30d4eaa4b85139b5fd694360237731b19	dependency-input	examples/gguf-hash/deps/sha256/package.json	100644	b92a0412738dfb495cd859c5d94fb45413755bbd	674f1b5d34a7eb827115875774222ce30d5c79cb59101477dc74a18e83cd8773	283
donor-comparison-parent	92366df30d4eaa4b85139b5fd694360237731b19	cmake-input	examples/gguf/CMakeLists.txt	100644	fb04eb83f34ce16059d0e56fbd1759849e873741	88385c090deb2b2778f539ac346a8d352a66613352165e6fbc1eea5aa9df28a6	219
donor-comparison-parent	92366df30d4eaa4b85139b5fd694360237731b19	cmake-input	examples/idle/CMakeLists.txt	100644	c0fedbbff5bde2f49c991397053f759df13a6a38	d5bb9f24883b5c75f6aaa9909b1ca8e2c74ab8572516fbb1f2fc3d992b77118e	233
donor-comparison-parent	92366df30d4eaa4b85139b5fd694360237731b19	cmake-input	examples/llama.android/lib/src/main/cpp/CMakeLists.txt	100644	20c9e3b2c1fdf5bcac0c5a1d5615e60352d00a98	5730e1d299185cfa893d3923aa1f2bf9da401bb9e2ffa8663337ab228e39e442	1658
donor-comparison-parent	92366df30d4eaa4b85139b5fd694360237731b19	cmake-input	examples/lookahead/CMakeLists.txt	100644	5d6e604fa981dbbd01b2c9bfab5f0103a225414e	3235a9270094d67bfda33c3c0ac5fce981de35d33fdc8d8446775d224deca47d	243
donor-comparison-parent	92366df30d4eaa4b85139b5fd694360237731b19	cmake-input	examples/lookup/CMakeLists.txt	100644	09f7d2e3c9220bdc1461d9f84af833bec0c9e7e3	1b02f01a4b7a4ef90a97684ccdf711560300b83dfafbe21d35ddbe26165d29a5	989
donor-comparison-parent	92366df30d4eaa4b85139b5fd694360237731b19	build-system-input	examples/model-conversion/Makefile	100644	0130b0493bb2980e0daea49a8bf61e33f305b753	505d35714f9f6fbedd75d84577e20013bc673fc8f69db6ea0495e3f81be200c9	9005
donor-comparison-parent	92366df30d4eaa4b85139b5fd694360237731b19	python-dependency-input	examples/model-conversion/requirements.txt	100644	229b2ec75b75b8fb0f564fa7b8c85fdae6ff8bd0	e73cfffed19d2ab92169c325eea12eab730c35062265aa364eee0723509b5871	135
donor-comparison-parent	92366df30d4eaa4b85139b5fd694360237731b19	cmake-input	examples/parallel/CMakeLists.txt	100644	4fb7a96aae3abe5a016e19987c0e69eae4ce6740	dceb77b9d969a0dd3f3d16903c0d7705a148f4ca723439e3122d9610d0579fbd	241
donor-comparison-parent	92366df30d4eaa4b85139b5fd694360237731b19	cmake-input	examples/passkey/CMakeLists.txt	100644	12558cc25572acefba4493d73b63db801a5382ed	fe2666390ccb9c1707c6bfdbb2703369bdb8da4cb950b0ca0084feda9a331d5e	239
donor-comparison-parent	92366df30d4eaa4b85139b5fd694360237731b19	cmake-input	examples/retrieval/CMakeLists.txt	100644	5927ff8a852d6e47395b8318e2fe92f12a2e7cf3	115bede727d6955484ed32c0deb755aa31bbbdcdc65e367ea39ead4e8226ab51	243
donor-comparison-parent	92366df30d4eaa4b85139b5fd694360237731b19	cmake-input	examples/simple-chat/CMakeLists.txt	100644	567f7fbbbf43a959c8d8f71705f6700c607f90dc	d938b71d4de5058258d71b1c3264f476a9786195bd0bc84fd9ac1e840b51f3d2	234
donor-comparison-parent	92366df30d4eaa4b85139b5fd694360237731b19	cmake-input	examples/simple-cmake-pkg/CMakeLists.txt	100644	128e38c8f2dc04d48b7f837ce89bdecc816eea0c	bb2b3ed603d2f5e886413e2f0f0c4d4a3941ff1e422a279f01fbc864e0ef167a	381
donor-comparison-parent	92366df30d4eaa4b85139b5fd694360237731b19	cmake-input	examples/simple/CMakeLists.txt	100644	104ecabfd72360aa8237a14e66179bcff62682c3	c4acc5493295ac4b9a1223f60004e6ea5b054efd75d5f3dc498032c464b24817	224
donor-comparison-parent	92366df30d4eaa4b85139b5fd694360237731b19	cmake-input	examples/speculative-simple/CMakeLists.txt	100644	5ef3b4131f2a1f037c75ee7563da63624ad2b66c	e8939bcec6e731ce051f7311fe63595d6e1916c543ce4ee9001b9c13a80c6468	261
donor-comparison-parent	92366df30d4eaa4b85139b5fd694360237731b19	cmake-input	examples/speculative/CMakeLists.txt	100644	b4e20c717a21e231bd4c44f080419f3952380d20	15d32bd07f65b4bb1e35b7e9e08ed59d621473cc16e47206426b2b6589b62008	247
donor-comparison-parent	92366df30d4eaa4b85139b5fd694360237731b19	cmake-input	examples/sycl/CMakeLists.txt	100644	40e44eefc8a83f048c7f95ce5be741ad6a464f90	d2705afee47e2d677f7c7f89645bb4b42b65d11cb7e45ef6b16c0bc8cd2bc177	341
donor-comparison-parent	92366df30d4eaa4b85139b5fd694360237731b19	cmake-input	examples/training/CMakeLists.txt	100644	8bb20d0f21381f0419c3de16a7326550b3b7d4d3	4a51519d6982603238d45030d5333c30128f36dc187acd1d3826063920b9281c	241
donor-comparison-parent	92366df30d4eaa4b85139b5fd694360237731b19	build-or-source-lock-input	flake.nix	100644	bb02c8e52f9ad78e2b66eda8091e5c9356361798	a96dab876cc32b49eb478e8680fdc43c738a06310a1e5feba7b5d5a5c99ab3c4	7243
donor-comparison-parent	92366df30d4eaa4b85139b5fd694360237731b19	cmake-input	ggml/CMakeLists.txt	100644	0ec62a3773d6024fd7d5c849af65aab04cd10583	15c2d21106af5f05e1ad7ab4f55f7ae2703f80b84098dd487ddcce4ee0ca9b37	21468
donor-comparison-parent	92366df30d4eaa4b85139b5fd694360237731b19	cmake-input	ggml/cmake/FindNCCL.cmake	100644	67511e2d56a6cf2e3bbcd000e6c7ad5d0535a2bd	496ad9fbb75ce307f8142ed2dc8fa1ea1baaaef70e51b8d0b153ebd191b650f8	964
donor-comparison-parent	92366df30d4eaa4b85139b5fd694360237731b19	cmake-input	ggml/cmake/GitVars.cmake	100644	1a4c24ebf6adeb1126e626f56de601621179353d	411507be4e991f2afc0007905a95bbf848176a282189d0e27d7df1d48974290d	717
donor-comparison-parent	92366df30d4eaa4b85139b5fd694360237731b19	cmake-input	ggml/cmake/common.cmake	100644	cb6638833204064c007ed8be32e5da22302c2522	438c57ef81c63b3b7b7a3078965ba081d53c3c2e9f9986c512e6f11b4937e816	2125
donor-comparison-parent	92366df30d4eaa4b85139b5fd694360237731b19	cmake-input	ggml/cmake/ggml-config.cmake.in	100644	23a3066f56dd6eaf220ea4f35fcf1d29ebd514bd	2e63c0151de13892cc56fcdae4bcfdc4a0c059c4c46ab18d0b607fe6d104df4c	7459
donor-comparison-parent	92366df30d4eaa4b85139b5fd694360237731b19	cmake-input	ggml/src/CMakeLists.txt	100644	89e5180d931f0ab2c8c827e17b12ca4baab350e2	011c66f0304349a3abbcc97b2ccd576adc21f0ffbe518f82f81bc458e921554b	20009
donor-comparison-parent	92366df30d4eaa4b85139b5fd694360237731b19	cmake-input	ggml/src/ggml-blas/CMakeLists.txt	100644	c27dc174c0041772d4950247ba374a7a0afe3e32	dc7028c2c7207e8c334fd61ea4556599a326710cd9b33050bace38833529df71	4168
donor-comparison-parent	92366df30d4eaa4b85139b5fd694360237731b19	cmake-input	ggml/src/ggml-cann/CMakeLists.txt	100755	aee5e7b06e51f5f9e36e31389798099d498d7f41	a61c05231e4ae8748c76febb4dfc214f856789caba5e0edd7d0c802bba3b172a	3476
donor-comparison-parent	92366df30d4eaa4b85139b5fd694360237731b19	cmake-input	ggml/src/ggml-cpu/CMakeLists.txt	100644	f7c557af4c0c1df892e3bfc355ab585c4658f881	b1ba1b4bb7cc2f2adf1cda4fa65fea7c7fe9a54fcec3b964dc1746846d30efbf	34255
donor-comparison-parent	92366df30d4eaa4b85139b5fd694360237731b19	cmake-input	ggml/src/ggml-cpu/cmake/FindSIMD.cmake	100644	5533668ec4ab18ff7261865e43be0100de65e5bf	c36807121bb1452dfb1ab39a7b366bd49f454c49b43b1df4b7c54f038c824d49	2651
donor-comparison-parent	92366df30d4eaa4b85139b5fd694360237731b19	cmake-input	ggml/src/ggml-cpu/cmake/FindSMTIME.cmake	100644	c8a4d4b4ec9335164617f3f35529d405371c9205	81fc6290d1b2fdc30746c222fe993cc7403942ca388f9db0c5885ef568929adb	2075
donor-comparison-parent	92366df30d4eaa4b85139b5fd694360237731b19	cmake-input	ggml/src/ggml-cuda/CMakeLists.txt	100644	d3953eee962e7cdc8cd39e6e8c062bced167e200	893edd71a30e6990b88ff86a916fa7e5edbbb7a572d942a05a7fc083706c63e7	11244
donor-comparison-parent	92366df30d4eaa4b85139b5fd694360237731b19	cmake-input	ggml/src/ggml-hexagon/CMakeLists.txt	100644	845b922bfedbc682f598a938c8c98a06626e1e77	00d8487f4ebdc088304e59d4ef08987077323c8c4f8a3c1bfe58e10538ea0f83	4717
donor-comparison-parent	92366df30d4eaa4b85139b5fd694360237731b19	cmake-input	ggml/src/ggml-hexagon/htp/CMakeLists.txt	100644	be575796d6d31e279b107335ee26fe270ab1424f	74143879c9bcabcead04a3c28464cb7496749630a3a71763439392a3bd180f0e	1215
donor-comparison-parent	92366df30d4eaa4b85139b5fd694360237731b19	cmake-input	ggml/src/ggml-hip/CMakeLists.txt	100644	44fd3f3c5bef2c7380cd38fa0dfdf9b152073947	709e04e41dbeabb2a9251ec01aff97668e0b41f4c2fadedbc3beb16bef837569	4888
donor-comparison-parent	92366df30d4eaa4b85139b5fd694360237731b19	cmake-input	ggml/src/ggml-metal/CMakeLists.txt	100644	42054d841aa3580f2247e85376b1e66410fbfde5	e0caad0073256a0cf9f445eb440cf935c569de81fac1af2127b6af5786b1c80d	5739
donor-comparison-parent	92366df30d4eaa4b85139b5fd694360237731b19	cmake-input	ggml/src/ggml-musa/CMakeLists.txt	100644	cc53c812ce5f47a2b955d8cc9af4fdcb4e62bbd7	66600e820763f5b1a60b4ec3d4a30b0495fe7cf10c715780d499a9991b0468e3	4291
donor-comparison-parent	92366df30d4eaa4b85139b5fd694360237731b19	cmake-input	ggml/src/ggml-opencl/CMakeLists.txt	100644	9ec3268b7f43b459023691912607fa0b0023cff2	d732113057c455d2cdc18674c4e871a6cbcfeb527911dc33d7c8f9fcf97ba064	5474
donor-comparison-parent	92366df30d4eaa4b85139b5fd694360237731b19	cmake-input	ggml/src/ggml-openvino/CMakeLists.txt	100644	cc089b721fc3c3b9e2184b6c2abb5e1268f29c16	b3bdc6e3ad18e07ec42256a8a0192cf1a249f035b3876c5d6a45c09a0760476a	755
donor-comparison-parent	92366df30d4eaa4b85139b5fd694360237731b19	cmake-input	ggml/src/ggml-rpc/CMakeLists.txt	100644	40e11fead63a5f8ee04b5362897688a24b4deb07	a8ceaa0037d241fca3b9a274b144991a0930c352a70e8a4083379037c4b085df	1009
donor-comparison-parent	92366df30d4eaa4b85139b5fd694360237731b19	cmake-input	ggml/src/ggml-sycl/CMakeLists.txt	100644	1c17d20df12b3823c08f69fc347673166829d5ba	f31068a8ac59e7862fb649ce549eeaa914541ee42804df7cb1b530576a3cd428	8049
donor-comparison-parent	92366df30d4eaa4b85139b5fd694360237731b19	cmake-input	ggml/src/ggml-virtgpu/CMakeLists.txt	100644	e6b020beb5bfa5ba6a18ac2ea326b5e2daed9704	2c5ca62a55f452d9ea95ef3ba276abdfe40738d7beedcc845956a971125d7d2a	2706
donor-comparison-parent	92366df30d4eaa4b85139b5fd694360237731b19	cmake-input	ggml/src/ggml-virtgpu/backend/CMakeLists.txt	100644	0b49c403b9a00221361db6b7493013647be2f1bc	9b3ca0ffe5db26a210d43faa7c89879dddf47bf69ea1a1a9ef175b39d1324636	881
donor-comparison-parent	92366df30d4eaa4b85139b5fd694360237731b19	cmake-input	ggml/src/ggml-vulkan/CMakeLists.txt	100644	5aeb6e97b159b8a0a0497a995096bdcd19be62cb	c51205cf984b7d9d2f9104f0fd44be7298db6046be9d63cc78e1f80f9c4d525d	9435
donor-comparison-parent	92366df30d4eaa4b85139b5fd694360237731b19	cmake-input	ggml/src/ggml-vulkan/cmake/host-toolchain.cmake.in	100644	2d8a85696d374e68822f854d6e59247c90a934a8	1c333fc25586feb395aa6eecc1ffac4ff66fd79968a117904c1259b47ded25d4	597
donor-comparison-parent	92366df30d4eaa4b85139b5fd694360237731b19	cmake-input	ggml/src/ggml-vulkan/vulkan-shaders/CMakeLists.txt	100644	10a9ea21025f51ca0656debc093fecc4e66489ac	2446d703642b80e0ca2943cd7fddfb34b9f53c7078c2e1880b0c7682d794b687	1364
donor-comparison-parent	92366df30d4eaa4b85139b5fd694360237731b19	cmake-input	ggml/src/ggml-webgpu/CMakeLists.txt	100644	1503a1ef8ba6f05d7e5897028c1d2b080af889e2	dd99b4af03e2bb80464edcac3476c19464a149a608243b17286226c4791a4b99	2852
donor-comparison-parent	92366df30d4eaa4b85139b5fd694360237731b19	cmake-input	ggml/src/ggml-zdnn/CMakeLists.txt	100644	0a723ce4de28646f62c0cc06e66273d0092f381f	50e5b114c2268fb5df1f308a0953d6437991b98a5fe9b2998c8a448d4e9f9fc8	1227
donor-comparison-parent	92366df30d4eaa4b85139b5fd694360237731b19	cmake-input	ggml/src/ggml-zendnn/CMakeLists.txt	100644	e4ba9cfbd0fcae92db141732036ea79d1843c5c8	aea8c2d7f1ba59bb9cbfef597ac1d2cb2853f032f3b0e2b912a1db20813f7bb0	3440
donor-comparison-parent	92366df30d4eaa4b85139b5fd694360237731b19	license-or-notice	gguf-py/LICENSE	100644	76f67efdc6470081b512a8db5bf2b1d4962d9c3c	ef78c7e6659e34c798194f0d344e807c722de70cbca1359ef54772661e11ca38	1072
donor-comparison-parent	92366df30d4eaa4b85139b5fd694360237731b19	python-dependency-input	gguf-py/pyproject.toml	100644	d11c34a2186d7180345f0050c746df51043b5620	820c0fa41085815a60d5e4939a08b91af5eee95e9cabf7270f779f3b6acf9746	1295
donor-comparison-parent	92366df30d4eaa4b85139b5fd694360237731b19	cmake-input	pocs/CMakeLists.txt	100644	d49d14dee4351395d04745660bd970085cfe6aad	24a96d97492e28df1634866410394cf67043f60a0661140ee80dff37a9a73d45	216
donor-comparison-parent	92366df30d4eaa4b85139b5fd694360237731b19	cmake-input	pocs/vdot/CMakeLists.txt	100644	f3776268ab6941caf9d4abd48c4dd02863f98279	7aea4bb7bc71605f62c044ef5320cdbb3242a97fb057292b3cb1ef8a45d46c6b	399
donor-comparison-parent	92366df30d4eaa4b85139b5fd694360237731b19	python-dependency-input	pyproject.toml	100644	46cf68ca1a398d40dc71f0eff043c03ceeaa73fe	dc8352c360780f5da97ec6f37315d881380873ba6ffcc9781d5f0d6cb8983fdd	1908
donor-comparison-parent	92366df30d4eaa4b85139b5fd694360237731b19	python-dependency-input	requirements.txt	100644	f2a18d62879b4e37249b566d6d85fd9485fb20e2	08e67179ad6863e26c8c763822b53f1080f4d4251cc2ad48c10418be9ee38f7f	551
donor-comparison-parent	92366df30d4eaa4b85139b5fd694360237731b19	python-dependency-input	requirements/requirements-all.txt	100644	6c6bea9490b4b0c7b390ecaa2640cfbb69ae7131	449994b4859f6c734b7a7dce0573726a8113e607d9aa01a7f4c034b152c037c9	575
donor-comparison-parent	92366df30d4eaa4b85139b5fd694360237731b19	python-dependency-input	requirements/requirements-compare-llama-bench.txt	100644	d87e897e17199fc3ae494b91f643af5c15ab98b2	9df04bf6b7ec0c2c7c456d05a09481f646d7caf2e2954f6d862f1f2f83cbf471	53
donor-comparison-parent	92366df30d4eaa4b85139b5fd694360237731b19	python-dependency-input	requirements/requirements-convert_hf_to_gguf.txt	100644	f80fdc1f6402c5c1652aa0a2fb1eada81772978a	d6ee53814f8069932540c3c06f03121914098b3485c7a48bb7baa4e6358943d8	397
donor-comparison-parent	92366df30d4eaa4b85139b5fd694360237731b19	python-dependency-input	requirements/requirements-convert_hf_to_gguf_update.txt	100644	afe2747d448d4d896c78c52ec5f40560f09b09f9	04fb9a44096a91f6b6277acab2cea2ed465419c7eadf33d80f6ed6f6129ca7c5	43
donor-comparison-parent	92366df30d4eaa4b85139b5fd694360237731b19	python-dependency-input	requirements/requirements-convert_legacy_llama.txt	100644	28221fad0ce9790f91dc6adfbc893010454bdfe5	64e5b8f1be7f0e88b79ec24e10cfc9defe5f3c061f730a3e2f88423e152f5bc0	102
donor-comparison-parent	92366df30d4eaa4b85139b5fd694360237731b19	python-dependency-input	requirements/requirements-convert_llama_ggml_to_gguf.txt	100644	afe2747d448d4d896c78c52ec5f40560f09b09f9	04fb9a44096a91f6b6277acab2cea2ed465419c7eadf33d80f6ed6f6129ca7c5	43
donor-comparison-parent	92366df30d4eaa4b85139b5fd694360237731b19	python-dependency-input	requirements/requirements-convert_lora_to_gguf.txt	100644	d091d564846bff78972a8502baa6a57c672b7abe	c7ea8e4c64f08759c2527702adb51eb70ca481928e58d0d05bbbbe9c83f71b8d	216
donor-comparison-parent	92366df30d4eaa4b85139b5fd694360237731b19	python-dependency-input	requirements/requirements-gguf_editor_gui.txt	100644	fd253364e152146b416ea1ea96071deb56892d3b	fcce14ea34d20abacfef6f2808a69564bd9de7f022bc573fc48b20e3e8868519	42
donor-comparison-parent	92366df30d4eaa4b85139b5fd694360237731b19	python-dependency-input	requirements/requirements-pydantic.txt	100644	1738494edb47c9d44dd22320d59837871c7183eb	b3a9dde321f3a0aa4a5132b388c6cd490116ceebf33f6c88fde0f94aa44f699a	57
donor-comparison-parent	92366df30d4eaa4b85139b5fd694360237731b19	python-dependency-input	requirements/requirements-server-bench.txt	100644	fb3b0d2664b08959d6a37617894c321eb19e3105	4035da5d3062df73fd4ea2b11e85320547bb2fffa30fc952be2031b47b29d44e	79
donor-comparison-parent	92366df30d4eaa4b85139b5fd694360237731b19	python-dependency-input	requirements/requirements-test-tokenizer-random.txt	100644	2785e71a257189652943630c23c9ae0abc92560b	8fd5516e7784f4c9eb68344b6822e92a2b5a3d12de2529d4401dfa11f10b4a7c	13
donor-comparison-parent	92366df30d4eaa4b85139b5fd694360237731b19	python-dependency-input	requirements/requirements-tool_bench.txt	100644	3e6f824165c462c4a102e6b94d654f33dc10f6c8	909df51cd91d0854548c119fe257544d3938819bc8870c46532481baf23763e7	174
donor-comparison-parent	92366df30d4eaa4b85139b5fd694360237731b19	runtime-build-orchestration-input	scripts/apple/validate-apps.sh	100755	f0475758c37ab29baac49ed2771334b183d722e0	8ced6e8720271f7b2354184b64e9d216e58ae8c1ee7b7f5667242da79479e548	156
donor-comparison-parent	92366df30d4eaa4b85139b5fd694360237731b19	runtime-build-orchestration-input	scripts/apple/validate-ios.sh	100755	50800d84a0c1deb2cf008d78b5b1ac8e689bea30	0c5e04187df5d812d1fa56f45337ac4e1485ad5b9351d5284d1f1e8fd9e5437b	31780
donor-comparison-parent	92366df30d4eaa4b85139b5fd694360237731b19	runtime-build-orchestration-input	scripts/apple/validate-macos.sh	100755	fa800ee682027605f3cf21b216bbc0e4aea7290e	9a4da4e6621150dd81fa06b280b7cb679fe176348119e0ae368a8c4ff49e4ce4	30256
donor-comparison-parent	92366df30d4eaa4b85139b5fd694360237731b19	runtime-build-orchestration-input	scripts/apple/validate-tvos.sh	100755	b4da698749c5867193a39e32fecba75468271baa	5000a2453bdf4634eb173bc97de7b7079efc63338de81b275fd2c5f757c94927	31681
donor-comparison-parent	92366df30d4eaa4b85139b5fd694360237731b19	runtime-build-orchestration-input	scripts/apple/validate-visionos.sh	100755	bbdec6602679cbaf419fcc29472cd69fe0f09ae7	22dd1c15380da935c35d59989f316f5d0c0332e863a232bd96b2ac042b5565bd	31770
donor-comparison-parent	92366df30d4eaa4b85139b5fd694360237731b19	runtime-build-orchestration-input	scripts/bench-models.sh	100755	c241013040f64d6ff4d5a6157418a184ecaae6a9	ecd40f1705a07c8e9ba12232b7cec76e664d98fa9ca2771aa0018dbdeaedffdc	2207
donor-comparison-parent	92366df30d4eaa4b85139b5fd694360237731b19	build-or-source-lock-input	scripts/build-info.sh	100755	fa9e7bacdb8cfb805ae4ad91f12791eb834e54c6	3e198b6731c4b2dccc035a579712ca756f453386b8ceec75db06961bcd7cde0a	717
donor-comparison-parent	92366df30d4eaa4b85139b5fd694360237731b19	runtime-build-orchestration-input	scripts/check-requirements.sh	100755	da2357d76c7a660febb79f1024f14074825f7b7b	73b7e2262b384422ba9d7daef4b49a25eb931dc79f1453a3dfcb243c744c8101	4447
donor-comparison-parent	92366df30d4eaa4b85139b5fd694360237731b19	runtime-build-orchestration-input	scripts/compare-commits.sh	100755	1802d6e5ef9f0d72ca8ac51b32217c34379f8b4f	a1048b31e74bf7b60a537fef6ec4a02d6855c59849c0e75dbe55f1a8a08d4388	1798
donor-comparison-parent	92366df30d4eaa4b85139b5fd694360237731b19	runtime-build-orchestration-input	scripts/compare-llama-bench.py	100755	5a6cc7dbb134160b1165d9405a1fa290100a7ca8	f556c71666b8097c7c95c45b66af4adecee91e9f81a74baa8111d51dbefa9420	46201
donor-comparison-parent	92366df30d4eaa4b85139b5fd694360237731b19	runtime-build-orchestration-input	scripts/compare-logprobs.py	100644	ac10085b788e80555a8fa0fb35389a311ae3d239	2c08992c8015cb38a901250cac4a6beb4f3c3db5c390efd2ddd3abd05208eb4a	9459
donor-comparison-parent	92366df30d4eaa4b85139b5fd694360237731b19	runtime-build-orchestration-input	scripts/create_ops_docs.py	100755	e3a476a1a13ffbad21527ef0587ec197f078d67a	fbc9fd162663ad0e362a04204c1a98401209720e3cd7aa188d44a73e0fcb9eda	6921
donor-comparison-parent	92366df30d4eaa4b85139b5fd694360237731b19	runtime-build-orchestration-input	scripts/debug-test.sh	100755	ead7ea15d14b45bfd1520c894732d4fb791e119f	e29b1cad2656c1e5bd82d29dd90608e2ac6d2c7b00ab35f97109425b0376a5f3	5080
donor-comparison-parent	92366df30d4eaa4b85139b5fd694360237731b19	runtime-build-orchestration-input	scripts/fetch_server_test_models.py	100755	f43d1f63cdc7ecca90bc20ac2dd1a11bf0c54e2c	170087eb9d4e81770a73127783775735d0c38c5df2ae865b869298eb6c65a52d	4025
donor-comparison-parent	92366df30d4eaa4b85139b5fd694360237731b19	runtime-build-orchestration-input	scripts/gen-authors.sh	100755	73e7b386f97f2a77f500146e4b9f47d01836ff00	3d9f4568c55cfb5d79e2388f33a3da91dcca5c797a72fd5737ee1a5bf450acef	345
donor-comparison-parent	92366df30d4eaa4b85139b5fd694360237731b19	runtime-build-orchestration-input	scripts/gen-unicode-data.py	100644	0fa78b22ec90348e503a901563b53213ca6a2381	1263a483de7fc2b00e4a04a6dd9ef8fe7029f208aa692365b63d43551a7808e5	6414
donor-comparison-parent	92366df30d4eaa4b85139b5fd694360237731b19	runtime-build-orchestration-input	scripts/get-hellaswag.sh	100755	0b161141f46555fca7b0edd49bfb8272e847288f	fd88558dfd3879d6072c709f19581f683b07eae07e2f0fd81a3e687c31884cb3	661
donor-comparison-parent	92366df30d4eaa4b85139b5fd694360237731b19	runtime-build-orchestration-input	scripts/get-pg.sh	100755	f180bf8340241294bf310671338a6c1816b4bf7b	54c349a1b4ba8019d7fe7a8fe1b033325d73486c387025189b005077f6cd30be	1396
donor-comparison-parent	92366df30d4eaa4b85139b5fd694360237731b19	runtime-build-orchestration-input	scripts/get-wikitext-2.sh	100755	bd03ad35263e033bb96c8cd31314ccc422ebddb7	0d09ae33d5473a0b406332ccd1a41e24e09dced9c6ab97388ebaa9729259bd48	745
donor-comparison-parent	92366df30d4eaa4b85139b5fd694360237731b19	runtime-build-orchestration-input	scripts/get-winogrande.sh	100755	bfa0d2ef0b237651ac47f4e3ce6aab0fc614b7a2	0e6021f3424d937961d87704b36240b46167e2e4f6118d2763fae79ce1f17513	684
donor-comparison-parent	92366df30d4eaa4b85139b5fd694360237731b19	runtime-build-orchestration-input	scripts/get_chat_template.py	100755	b4827b317e1c934b359388a578b534f114bdc282	5161a4c0c644a7e326a144a55f2e9b2b3aab562bf787e139cc0a8f99fa90f90e	2866
donor-comparison-parent	92366df30d4eaa4b85139b5fd694360237731b19	runtime-build-orchestration-input	scripts/git-bisect-run.sh	100755	cd1b8c104c4c461dd5c64ca26f34779bb7e29963	5fb7bf323516a18fdde58903d41cb6edcf6a43fab01b4809dfba21420008e857	407
donor-comparison-parent	92366df30d4eaa4b85139b5fd694360237731b19	runtime-build-orchestration-input	scripts/git-bisect.sh	100755	3279d502e1142e418538d6118189db8c77634802	3f2f7a4d81d85d9cbcb2a38cd44505a245c445569bc95f9abd5f60dc5242c2dd	615
donor-comparison-parent	92366df30d4eaa4b85139b5fd694360237731b19	runtime-build-orchestration-input	scripts/hf.sh	100755	e41b9053afdf244004acb23f0b1024e8397b6a44	ad38d61cb75d5a783f9ef29a3aafe670b5d93fea8c1ca87221f0ccf04d506493	2311
donor-comparison-parent	92366df30d4eaa4b85139b5fd694360237731b19	runtime-build-orchestration-input	scripts/hip/gcn-cdna-vgpr-check.py	100644	bbbce52ef39f9ebf2d8f3111f2c1155bda8e233a	2dbab06c123cc5c8b1bcbe330824954d3d2c96695be18044daf3dc604302f6b2	14938
donor-comparison-parent	92366df30d4eaa4b85139b5fd694360237731b19	runtime-build-orchestration-input	scripts/jinja/jinja-tester.py	100755	a83f025411ae74f1902497e418792bca0b9deaf6	24992cb769ffe74260a682e94b822ef88827c25b170cd373c5c7a5a212de15e2	18887
donor-comparison-parent	92366df30d4eaa4b85139b5fd694360237731b19	python-dependency-input	scripts/jinja/requirements.txt	100644	253685b61566fd0c26c813c97ebeedd2552c78c3	51f5f1bc6f8062c2c2e25b6c1e0d689f3a905b83e2541606b99e85cb330533d9	15
donor-comparison-parent	92366df30d4eaa4b85139b5fd694360237731b19	runtime-build-orchestration-input	scripts/pr2wt.sh	100755	ae03a888cb64ce70406068afe8c066dd4a2034dc	db20cf9a421ad907d275609d30fb40b4a730188a50900fede944f99b69d93f37	2388
donor-comparison-parent	92366df30d4eaa4b85139b5fd694360237731b19	runtime-build-orchestration-input	scripts/server-bench.py	100755	2eabb3bce85c395f41ecce3fdd66e5c24e4f61aa	429eb1894471a68c271cbef405600dd124d24c39ca68ffff42f29e54503c907f	13589
donor-comparison-parent	92366df30d4eaa4b85139b5fd694360237731b19	runtime-build-orchestration-input	scripts/server-test-function-call.py	100755	c32f17b5e3bf00316d1e81d168817f5848e05623	226fd90cba1b9931bab8807d65793d8932bf4ee9784531aaf3db9be3129eaa3d	39021
donor-comparison-parent	92366df30d4eaa4b85139b5fd694360237731b19	runtime-build-orchestration-input	scripts/server-test-model.py	100644	9049d80279ae00155c32258828db1a00194cfd21	0563a39c42bb5e15ed0ee8323380f4c33ec591498278beb477a4c3465cf91cf9	8007
donor-comparison-parent	92366df30d4eaa4b85139b5fd694360237731b19	runtime-build-orchestration-input	scripts/server-test-parallel-tc.py	100755	a166c6d720814bb42fc83882b29aa0b08e821e52	d20d24672fb95564c606e793c17d120abcd8a633f16bde92a1b4f4fc2996c028	32928
donor-comparison-parent	92366df30d4eaa4b85139b5fd694360237731b19	runtime-build-orchestration-input	scripts/server-test-structured.py	100755	da217fc46c86e82e62430fdd3a4ff6e2d1a0e1fa	bca9355fe3a7239623f180366ddea0ea82bc6dbc0da66bc6956a2630c9cf1407	36429
donor-comparison-parent	92366df30d4eaa4b85139b5fd694360237731b19	runtime-build-orchestration-input	scripts/snapdragon/adb/run-bench.sh	100755	bbe7146b44453c6c45dedb7d6c2e5473fe606172	d9c19178b936a063fced4be65cee39422403a62c9c33614951e6b80b2e3c6085	1133
donor-comparison-parent	92366df30d4eaa4b85139b5fd694360237731b19	runtime-build-orchestration-input	scripts/snapdragon/adb/run-cli.sh	100755	48127dfa2522f4ebeffa06c4de529e76eb9d7aaf	e497546d9c8c5fde95105afa3e053cadf029bad4489d6a3e529eba54729c5355	1846
donor-comparison-parent	92366df30d4eaa4b85139b5fd694360237731b19	runtime-build-orchestration-input	scripts/snapdragon/adb/run-completion.sh	100755	2130b9a74f6c04f1829c0b4b9ffca95147252631	506aca792b09aa964b2058e4ea07106a5119c289ffebaf19db71f0b0cb8dedbe	2042
donor-comparison-parent	92366df30d4eaa4b85139b5fd694360237731b19	runtime-build-orchestration-input	scripts/snapdragon/adb/run-mtmd.sh	100755	992045cb9b3e1d84dc274240c999368120879520	b80f8a15e4ea31568bc4e3577f097b7187df5f1acd4ab466a74b025329ee4e85	1884
donor-comparison-parent	92366df30d4eaa4b85139b5fd694360237731b19	runtime-build-orchestration-input	scripts/snapdragon/adb/run-tool.sh	100755	8bf7ba3a5461787354ba559d57da8213c26f5b8c	c6335747a326e65ec8c602c0c9faac041fe414fbc6d390e94949e34578f54917	1469
donor-comparison-parent	92366df30d4eaa4b85139b5fd694360237731b19	runtime-build-orchestration-input	scripts/snapdragon/ggml-hexagon-profile.py	100755	0f9240ddc62d7514ad2443ec776054c28458ea87	fb08bf28d1961f5a08818f2e877c59ee1bd1aff23d28dcca0c68e2d50d7b73e2	17616
donor-comparison-parent	92366df30d4eaa4b85139b5fd694360237731b19	runtime-build-orchestration-input	scripts/snapdragon/ggml-hexagon-trace.py	100755	37f137a9e758111a5992638e6641605f97ee9152	9c0ffc0853771178389ddfea72940aa0fd350953c7f9da5f375d0565bedfb7b4	18472
donor-comparison-parent	92366df30d4eaa4b85139b5fd694360237731b19	python-dependency-input	scripts/snapdragon/qdc/requirements.txt	100644	5e0f85917e3ce1464f492b79af7167a6222dc874	0ba8b3f89b4a87ddcda5f6a63fc2d428f8cbab07b73c1d42de2683446660d970	388
donor-comparison-parent	92366df30d4eaa4b85139b5fd694360237731b19	runtime-build-orchestration-input	scripts/snapdragon/qdc/run_qdc_jobs.py	100644	f1b0453eec4deabcdf757896b319063fe02d6e1a	e7c7f24f62ddf1230b707d6edfbe44d466ead053ef8ee350db155abcce3a42e3	24170
donor-comparison-parent	92366df30d4eaa4b85139b5fd694360237731b19	runtime-build-orchestration-input	scripts/snapdragon/qdc/tests/conftest.py	100644	0fc5b3e5fa7ca4027a9b7322faa1d28b2d491976	d8db0560ff8a85c8472174d8594198dae4b8eeaa6c79e5ddfbec7f3618ed9988	562
donor-comparison-parent	92366df30d4eaa4b85139b5fd694360237731b19	runtime-build-orchestration-input	scripts/snapdragon/qdc/tests/linux/run_linux.sh	100644	a6abf8ec3014faaeb4d0e0542a9fa753f8493ff1	d553072c9d2c8814f43cc7813fd39bee65e2a1afa21cda49a3f271f892c5dee8	6869
donor-comparison-parent	92366df30d4eaa4b85139b5fd694360237731b19	runtime-build-orchestration-input	scripts/snapdragon/qdc/tests/run_backend_ops_posix.py	100644	355bf6c6a5bbfbcad400a2bb0b3cc872c6f99866	0fa08eb710dcd154c2e3382779519949df25e7ad41168dfbf46b21bf05db5cad	1480
donor-comparison-parent	92366df30d4eaa4b85139b5fd694360237731b19	runtime-build-orchestration-input	scripts/snapdragon/qdc/tests/run_bench_tests_posix.py	100644	f42227c9f6e866b66278952af7f5d4600b004b4c	4fc1950a9a528c77bca8ead16a30bfbd090e25848670a002f5fe34f6009fa0e9	2834
donor-comparison-parent	92366df30d4eaa4b85139b5fd694360237731b19	runtime-build-orchestration-input	scripts/snapdragon/qdc/tests/utils.py	100644	fad6a923295a5e72f1375b5fce2b25b63c173766	cbc8a46e5d41b770ef7db319f4a7b32963dd8098cb35793e0dc47e66c221b818	4792
donor-comparison-parent	92366df30d4eaa4b85139b5fd694360237731b19	runtime-build-orchestration-input	scripts/snapdragon/windows/run-bench.ps1	100644	5ee81df6889d3a00ca56b9c2a8345dfbab0134de	106f0d358befa6bfcffd9804dbbe3efe0c0ad2e6a4c3ad094b2ee7ba57f26c81	876
donor-comparison-parent	92366df30d4eaa4b85139b5fd694360237731b19	runtime-build-orchestration-input	scripts/snapdragon/windows/run-cli.ps1	100644	b51149bec25bf3f65210ef37b55ef601188d9392	b2633abdbb8c9e23662d5859e82dd70234c8dfd0101398add6ae612b0bc5eedd	998
donor-comparison-parent	92366df30d4eaa4b85139b5fd694360237731b19	runtime-build-orchestration-input	scripts/snapdragon/windows/run-completion.ps1	100644	ffce8184dc070ff3e6feeb905cefeb9c8c194423	876575b39761253ba8dcc41b1a8f87bacfd261d3fb33feca4cd4f3384b919249	1013
donor-comparison-parent	92366df30d4eaa4b85139b5fd694360237731b19	runtime-build-orchestration-input	scripts/snapdragon/windows/run-mtmd.ps1	100644	b38fae35fe4561f48a749428b57155c2764240a5	44a2425066632c1a58c8941857e1898d5534d4f86618b26a341e1405e8a9ab54	1305
donor-comparison-parent	92366df30d4eaa4b85139b5fd694360237731b19	runtime-build-orchestration-input	scripts/snapdragon/windows/run-tool.ps1	100644	15c880f2dbdf08bd6158d4cc567c7952ec17a1c8	350b0906548d296aace8e499087ac5a3581b20c4720654ecb09e9db485fb9199	981
donor-comparison-parent	92366df30d4eaa4b85139b5fd694360237731b19	runtime-build-orchestration-input	scripts/snapdragon/windows/setup-build.ps1	100644	d8ef24d441329f2b602de6157492acb0928ec409	f39347d09273c37debf2ea0d949d7eb1668b58985238d89203ebc97dac41af10	4157
donor-comparison-parent	92366df30d4eaa4b85139b5fd694360237731b19	runtime-build-orchestration-input	scripts/sync-ggml-am.sh	100755	826c560cd883a8f20c9a33a52ce51e09e8dcadfa	aa976c4968842681ee75d8296da17fa4fcad2d864c2ad441431fdc0b39924ac2	4617
donor-comparison-parent	92366df30d4eaa4b85139b5fd694360237731b19	runtime-build-orchestration-input	scripts/sync-ggml.sh	100755	2da9b578915826fff94387cf884da008681969fb	d9aca1142dd3e5ab8646e691cdfdd4f6e5120dfe232b13799b9b1beae8298385	788
donor-comparison-parent	92366df30d4eaa4b85139b5fd694360237731b19	runtime-build-orchestration-input	scripts/sync_vendor.py	100755	f66e78d639f852c2ccf3030737206b1166ee55e0	d77c82f880cf781145ff049c46729dd0e28e4066bf18fcc2d12917d955dd8cda	1782
donor-comparison-parent	92366df30d4eaa4b85139b5fd694360237731b19	runtime-build-orchestration-input	scripts/tool_bench.py	100755	d9f5583d4a561ff773c1cd6638d338c1be8890ef	f91dd61072ba4c1a5b48eaea2a521643cd090ca6c004559358c45e7adf21695c	14961
donor-comparison-parent	92366df30d4eaa4b85139b5fd694360237731b19	runtime-build-orchestration-input	scripts/tool_bench.sh	100755	05b41d2f1fafb97eb53a096df894a476f743eaef	cdffafc7811400293ce028830e321ab6641f4908c0ae2b3706dfa90c35ab986c	6055
donor-comparison-parent	92366df30d4eaa4b85139b5fd694360237731b19	runtime-build-orchestration-input	scripts/verify-checksum-models.py	100755	0b5b9aafaade3d25547cb633bd39c2eaf29f5199	a76122391f4e332c61f16469e5e300f1181cb4b50ea2dd757be2cc7f885046b2	2476
donor-comparison-parent	92366df30d4eaa4b85139b5fd694360237731b19	runtime-build-orchestration-input	scripts/wc2wt.sh	100755	b6e92f86934180ccc251cd13b248113a96d3fe54	3e2383e44be7c4e3476e479260f0ff1d70ddf41abedef32433730307ff1ec703	1435
donor-comparison-parent	92366df30d4eaa4b85139b5fd694360237731b19	cmake-input	src/CMakeLists.txt	100644	320784c3a8cc8f83e1d01be64b7c6208ccd97916	918abc450ae62c3a5b7d9b8145c54b920138848f68ae9ac8a1ec08760ce96c55	1709
donor-comparison-parent	92366df30d4eaa4b85139b5fd694360237731b19	cmake-input	tests/CMakeLists.txt	100644	d4ea3b96225c59e8f97e353ced16ac5eed3bb675	76f80fa006bad018e8a51b89330e0babfe7729d0af54b787ab1252238e7effe3	13970
donor-comparison-parent	92366df30d4eaa4b85139b5fd694360237731b19	cmake-input	tools/CMakeLists.txt	100644	780df32661323cbb713769fd776e5c78c97bc837	8ec8c33efb197566cb2668ed2f9329ab751d1fbeebf28dfffdc95ca02d98f6c6	979
donor-comparison-parent	92366df30d4eaa4b85139b5fd694360237731b19	cmake-input	tools/batched-bench/CMakeLists.txt	100644	f6ed257f556c9534412ac86e5b8d31498675346c	6ab4f1741f2d2c95506e0ce2d67521baab07a28077383f752ff4a1db6666c95a	745
donor-comparison-parent	92366df30d4eaa4b85139b5fd694360237731b19	cmake-input	tools/cli/CMakeLists.txt	100644	8449cdbaffcd43e13ac875a049ad0083fdca5e05	6094ef7727f29dc18d88765611a6771deb083f9e3acf3b5d18eca8706349c5a7	772
donor-comparison-parent	92366df30d4eaa4b85139b5fd694360237731b19	cmake-input	tools/completion/CMakeLists.txt	100644	a310251eff6e18c5ab09787066d7c76afa673e8f	e0d4a61bfa231df06803349aaffc4bfaa86d85ac1a6788a5c021c4b7a6099fbc	724
donor-comparison-parent	92366df30d4eaa4b85139b5fd694360237731b19	cmake-input	tools/cvector-generator/CMakeLists.txt	100644	c0f2c2407051f8032c539bd53d6269b4136efddd	40b16b58e0ab662efc5089a4e5a6e72ef79f9adbb8e3dda892561788385b88c0	304
donor-comparison-parent	92366df30d4eaa4b85139b5fd694360237731b19	cmake-input	tools/export-lora/CMakeLists.txt	100644	b122a87523030ca43bbc55d1863d4a4296872d94	e86289a064c28bfe45ac0bcabe492157a49a73b224d123fd0a2b7d8ef8abab57	284
donor-comparison-parent	92366df30d4eaa4b85139b5fd694360237731b19	cmake-input	tools/fit-params/CMakeLists.txt	100644	8acdaef3712a35e0ce6f4fe74903626aab42b3a7	c4824a2ee48dfa20009c8ce0f998906427f8d98ba0700b246ea95be8482bce62	724
donor-comparison-parent	92366df30d4eaa4b85139b5fd694360237731b19	cmake-input	tools/gguf-split/CMakeLists.txt	100644	b40e07ab5aa236d3bb547ae701090b6dc7c4d0f5	82a4bacd338ebb2bf2b1f566e9fa81c6e36c64ad49b91d771e8151aec7830721	282
donor-comparison-parent	92366df30d4eaa4b85139b5fd694360237731b19	cmake-input	tools/imatrix/CMakeLists.txt	100644	361c4577d85bec2737376344658867a449142084	6c0fe64d9aa4a3712f97f24ac2cc58fe64a0aeb5caecc33c4c57473cfdfba0f8	422
donor-comparison-parent	92366df30d4eaa4b85139b5fd694360237731b19	cmake-input	tools/llama-bench/CMakeLists.txt	100644	b1c35ee88a5f0e8dd28c296402222bfd4cf72fcc	0d3c923bfc475ecf498160ff453db21e5ccbf0d512c75e52dcef828999a92e64	699
donor-comparison-parent	92366df30d4eaa4b85139b5fd694360237731b19	cmake-input	tools/mtmd/CMakeLists.txt	100644	ea684d9f156dc129057d39b5cbb49d0073919ba3	faf3694c72d7c87855a7ab4d5c42b62b97a2b1188ed332e0f5157c04f0d32dc8	4745
donor-comparison-parent	92366df30d4eaa4b85139b5fd694360237731b19	python-dependency-input	tools/mtmd/requirements.txt	100644	f26d8e912a37d0b0d29a971f744817becb6a784b	f1eda24cfe7b6fe8a66cf5ae9cd6324db70ed531245e4edc2235e6e4c92f8ae0	667
donor-comparison-parent	92366df30d4eaa4b85139b5fd694360237731b19	cmake-input	tools/parser/CMakeLists.txt	100644	a8df0e7e6e36541347e35fed3feca33c9000bfe3	a783ea61cf4767c2c2f92d78628a80e5f5fce86fe2326065fd946f9f2888a9a0	815
donor-comparison-parent	92366df30d4eaa4b85139b5fd694360237731b19	cmake-input	tools/perplexity/CMakeLists.txt	100644	0eee9acd406e209320c948b6dcd1a0dd395987aa	5667e9fd89bf8fd6619f606c36cbe10a62a33a30848ba917c8ee40c154e62696	724
donor-comparison-parent	92366df30d4eaa4b85139b5fd694360237731b19	cmake-input	tools/quantize/CMakeLists.txt	100644	eead4c859513a6dbb201a71a403d4233f57bbfef	6c83d543401a38879ebd935cac9c2b7226aa134cafd4016f7681dc70f9dbc64e	710
donor-comparison-parent	92366df30d4eaa4b85139b5fd694360237731b19	cmake-input	tools/results/CMakeLists.txt	100644	643eb0292775f24966885a3a35945f5de65e7fcf	e1099836927d01c95d7e55a42a876f766453e743b395eabe85c08b3627d04e1e	276
donor-comparison-parent	92366df30d4eaa4b85139b5fd694360237731b19	cmake-input	tools/rpc/CMakeLists.txt	100644	0eee9a922e77160a3a2665f9516c7ba7f8eef66a	11a97a497ba747ecb77b04005c07585c46a0e860240fea03029fad8a403027b3	241
donor-comparison-parent	92366df30d4eaa4b85139b5fd694360237731b19	cmake-input	tools/server/CMakeLists.txt	100644	b5c40884fd6e0eccf9eb8fc38e1cc55fe96484a1	ad4dcac52255a65e9f7b25bee1be03677b199c38c6a511ea46ff883f2a9e63fb	1695
donor-comparison-parent	92366df30d4eaa4b85139b5fd694360237731b19	python-dependency-input	tools/server/bench/requirements.txt	100644	66ed226eda6f0cad0da494cb8bb468471318b5f4	105cc90e6706a1296b93e961f24783cc455dfbbe6c6c9acf19d1a9a524e9eee1	20
donor-comparison-parent	92366df30d4eaa4b85139b5fd694360237731b19	python-dependency-input	tools/server/bench/speed-bench/requirements.txt	100644	a524c2f51932f069b7bd4b8b258a7d1574965faa	af61baf90f1ee3421845076ff594159b3656062132ed1522470154bccaf7e635	23
donor-comparison-parent	92366df30d4eaa4b85139b5fd694360237731b19	python-dependency-input	tools/server/tests/requirements.txt	100644	ca7a0281fa14d037e6fec14a84b2898c7e657216	95377e0570e06d399c8f9a15a85e3ea17aaffaab7afe0d0e4220d86a155b1660	111
donor-comparison-parent	92366df30d4eaa4b85139b5fd694360237731b19	cmake-input	tools/tokenize/CMakeLists.txt	100644	1e1836575854da3c0b5d34dd4ac7e7d6c31c2e86	075b45f7115774dd35e22d1235301081ec2b298b3ed27bf414ee015ce457e9ee	277
donor-comparison-parent	92366df30d4eaa4b85139b5fd694360237731b19	cmake-input	tools/tts/CMakeLists.txt	100644	26a8bb8f2d1fb2be153f35d84926725343ce0746	66f37d1f9ba73a20bdf9a557b43b45ff34f99fd2fef9cdd2f17de6be0591d79d	268
donor-comparison-parent	92366df30d4eaa4b85139b5fd694360237731b19	cmake-input	tools/ui/CMakeLists.txt	100644	74bca417e3728fe0fde167e3b881f9d9ffda071f	b739791903f903780e12fe6c26c239db9e18c4face174a66cdcb7c12139c0f28	4310
donor-comparison-parent	92366df30d4eaa4b85139b5fd694360237731b19	dependency-input	tools/ui/package-lock.json	100644	7216de682340876a48c0bc06647159cb1f25ba21	26e35c8825984339c9547761d5f872e41279e7ab84d40ae31dbdb3b550ed471e	568155
donor-comparison-parent	92366df30d4eaa4b85139b5fd694360237731b19	dependency-input	tools/ui/package.json	100644	8b3516a02cf262e7d9a48b031c1ebb8d761a4344	eb4b3086fe264caac98a260f1cf55e3c407286dcb1208049dfb1181e0a9e92e6	3772
donor-comparison-parent	92366df30d4eaa4b85139b5fd694360237731b19	cmake-input	vendor/cpp-httplib/CMakeLists.txt	100644	408e06151ca7793e892d434d92e8661271f1f552	5d2f75f8c26a7d6d9aa841a54abf98b296702e21ec393a72b1e3aa28bef7bdd0	6763
donor-comparison-parent	92366df30d4eaa4b85139b5fd694360237731b19	license-or-notice	vendor/cpp-httplib/LICENSE	100644	3e5ed359a2bb16f52c383745c25f14bb7a81c9e4	4b45cbe16d7b71b89ae6127e26e0d90a029198ca5e958ad8e3d0b8bbed364d8b	1075
