role	revision	category	path	mode	git_object	sha256_raw_blob	size_bytes
implementation-candidate	61f2f2d7bc4955e9bca821095ef69125837133b5	ci-container-input	.github/workflows/ai-issues.yml	100644	c762901b5ac43c284b9ff1002cace4e6e03984b4	e03ecf4919d96bd8a94864638df6ff6cd235ec4994d5c89abd825ccadbe143d2	2904
implementation-candidate	61f2f2d7bc4955e9bca821095ef69125837133b5	ci-container-input	.github/workflows/build-3rd-party.yml	100644	642d9786441f706f1f320d88d94b9557f11294ed	82069817581ce1a82b9ae0020acfe526f139cb80dd8fd1f4d78cbb617e8c0afb	1201
implementation-candidate	61f2f2d7bc4955e9bca821095ef69125837133b5	ci-container-input	.github/workflows/build-and-test-snapdragon.yml	100644	8cc61050b43d4d4c551feb5c9432de0c772b0fa9	674bc7c5ae5943c1a8c37f477d49856a9a7ce0c623e4d4f6e04269d522902075	3652
implementation-candidate	61f2f2d7bc4955e9bca821095ef69125837133b5	ci-container-input	.github/workflows/build-android.yml	100644	5d88305a4f0d90671b695099626e29fce25997c5	2f104c71605d2a66481de03bf2757ff10d6966a99ca81d8d860307ae828e9fa6	2210
implementation-candidate	61f2f2d7bc4955e9bca821095ef69125837133b5	ci-container-input	.github/workflows/build-apple.yml	100644	b99e614666e1ec720d702ac4657522e7c2ede320	c519d0104bd8d72ffa6a66a4f6f6fcd86355583f01d130a2e9f0acd614d99d19	6325
implementation-candidate	61f2f2d7bc4955e9bca821095ef69125837133b5	ci-container-input	.github/workflows/build-cache.yml	100644	bc0a92c7fcf7443925424b78d6620591f4f1faf4	1f634204ddbe43b5c01b97bf38f715b0f2612d367213df891d5ee360ba3fa1cc	3349
implementation-candidate	61f2f2d7bc4955e9bca821095ef69125837133b5	ci-container-input	.github/workflows/build-cann.yml	100644	d39b87637339181818d6cfca6d3a17b76532a8d5	da5434edec73f4d8f1a94d527ba5886553d2b763ab5bc77658bdbff5a75e33c2	3029
implementation-candidate	61f2f2d7bc4955e9bca821095ef69125837133b5	ci-container-input	.github/workflows/build-cmake-pkg.yml	100644	84cf8ddf48ad22b4490773b65e85e80621cd77df	82b27ae6dce62f6282b379551a33b32292cd91e23bc13d101b0b85e322847a18	1781
implementation-candidate	61f2f2d7bc4955e9bca821095ef69125837133b5	ci-container-input	.github/workflows/build-cross.yml	100644	97c7368387e8e7c06d2ac10c6f76f2c07684ca22	7e65759cd3d23e12de37df93255259e24c981dc49cfa3c40c7fb52e4a0729165	13650
implementation-candidate	61f2f2d7bc4955e9bca821095ef69125837133b5	ci-container-input	.github/workflows/build-msys.yml	100644	57cec7c166c74c36bb3f51cf99c20275868f23af	8c0ff02913cf04302b9707c8a5aca26d327ae728701d7d258661a35507f320a2	1950
implementation-candidate	61f2f2d7bc4955e9bca821095ef69125837133b5	ci-container-input	.github/workflows/build-openvino.yml	100644	f7177f6be37805825989d238cfad181efb3f7cc7	2c0bff9279ee8234e6428f4c38d4f9b16413c6d6ba35ff9bc901638a174d45e9	3689
implementation-candidate	61f2f2d7bc4955e9bca821095ef69125837133b5	ci-container-input	.github/workflows/build-riscv.yml	100644	b78b13140e52da2b0d994641b4cb412b6838381d	29aa73fcb616aae0c9b5c7e68abad0a291a812f2892ab8456d5b5e18cfa49343	3350
implementation-candidate	61f2f2d7bc4955e9bca821095ef69125837133b5	ci-container-input	.github/workflows/build-sanitize.yml	100644	c7b73d1dd0df4df174ea3f18c6927d3ac4c8d639	9255c7f04ca4da0b0c4f712c6e2a593a7ad627fa061b2c8997a103a61b7011bb	2247
implementation-candidate	61f2f2d7bc4955e9bca821095ef69125837133b5	ci-container-input	.github/workflows/build-self-hosted.yml	100644	e9148dd73995720c18b2772f58babcb953144240	c88dbf495d1b252289a9ff37ca06990bbdf1d688c84324c942dd676982d8e393	8361
implementation-candidate	61f2f2d7bc4955e9bca821095ef69125837133b5	ci-container-input	.github/workflows/build-sycl.yml	100644	09635f64edbbc1c75ff96512d272d9c40ac68e10	8803d0ccca6cbac3df50914ad3854540030337e4e8c3d1f17dab5ca400470feb	5180
implementation-candidate	61f2f2d7bc4955e9bca821095ef69125837133b5	ci-container-input	.github/workflows/build-virtgpu.yml	100644	5b740590d6b8734d20312c1e923c3eecf71e25c2	6b88d463777f642f93c2d6b898e1bf74d785f28ea07418a181d5a034e63336ee	1134
implementation-candidate	61f2f2d7bc4955e9bca821095ef69125837133b5	ci-container-input	.github/workflows/build-vulkan.yml	100644	ab32b6525ba2c40fdca2e5cdd686bd6d1ce8162d	13bee2a528f800d411e76670876d50f43e2beaddd41ca1cbc3b3173e252797cd	2646
implementation-candidate	61f2f2d7bc4955e9bca821095ef69125837133b5	ci-container-input	.github/workflows/build.yml	100644	6372a4b1aceb8cdea250e436fb8633b2d26e82c0	3a50fcf210282c5977c5f2c1f2503f9e20f39aa3e98109da1e351f3a427e2e5a	36480
implementation-candidate	61f2f2d7bc4955e9bca821095ef69125837133b5	ci-container-input	.github/workflows/check-rocmfpx.yml	100755	bf39ed77c301f4ba5cc4dcca73783c4d8aa7fce9	b699bf9d2ee2b33bcc6430eba205beba42b80ef8a501daaed81b4d7d1877f1fb	2588
implementation-candidate	61f2f2d7bc4955e9bca821095ef69125837133b5	ci-container-input	.github/workflows/check-vendor.yml	100644	1671ed7b8bd2775ed5b9f322d39f49a1af42b5f2	d7947a1a0097bbffe00cd1a5f3380ade6f321c0886ce62a8e104d6310e28bce2	1224
implementation-candidate	61f2f2d7bc4955e9bca821095ef69125837133b5	ci-container-input	.github/workflows/close-issue.yml	100644	4698cee5594b1337f059926e9ff487c578360dc0	f7b62804e1a4e99867d0fae96ae37282e2afca5919123b6e5d79586811fdce0d	954
implementation-candidate	61f2f2d7bc4955e9bca821095ef69125837133b5	ci-container-input	.github/workflows/code-style.yml	100644	c88396c0a7d1c2d76aa729672196b0db2c68b243	2aa2ef46ac5a3aa98b88507b8635177f2c9f2662f625ab12b9dd1e6f23114bf5	1733
implementation-candidate	61f2f2d7bc4955e9bca821095ef69125837133b5	ci-container-input	.github/workflows/copilot-setup-steps.yml	100644	6f648bac45b743feefcc2929044fddbcd66281e0	b518084905893453426ff005d831e4765e0a97a6564f08b2220b683cc8cb00ee	2180
implementation-candidate	61f2f2d7bc4955e9bca821095ef69125837133b5	ci-container-input	.github/workflows/docker.yml	100644	7bd740cfcbf9aa45d4cfeaf47ae0fb997c7c4fec	f8bebaba6f937cf488f85e730ae0b0ca6ce019f54aa1044289b867a2c692510a	16649
implementation-candidate	61f2f2d7bc4955e9bca821095ef69125837133b5	ci-container-input	.github/workflows/editorconfig.yml	100644	53f6a0ccfda457aa8855802bfc7a5f2e984f8d86	9feb99aef86497e60b08d416dc48ffd3779bc95dee2307ab2f61438e49ad28f8	569
implementation-candidate	61f2f2d7bc4955e9bca821095ef69125837133b5	ci-container-input	.github/workflows/gguf-publish.yml	100644	fb8eab3cdb3b6a43bff2cde051ed456179689c09	1f9d258b27e7b04e182f2a2c5da650772b73113c8345ab41486e02451454489c	1272
implementation-candidate	61f2f2d7bc4955e9bca821095ef69125837133b5	ci-container-input	.github/workflows/hip-quality-check.yml	100644	4a9e5a298a7bd4f4c1904d26c0ee8eafdb16f53d	677c4d7ee6be049030c76b3adca0f56dacd597cb7ffb78708ea308eb1bb28970	2386
implementation-candidate	61f2f2d7bc4955e9bca821095ef69125837133b5	ci-container-input	.github/workflows/labeler.yml	100644	eab20c68811e044894e29cd2793de40bc357559a	3516e2909e7b9b60346b6804aa7d94040c95538668474a516e710539553ec799	352
implementation-candidate	61f2f2d7bc4955e9bca821095ef69125837133b5	ci-container-input	.github/workflows/pre-tokenizer-hashes.yml	100644	7126b62b690bb288677e434dd72f36af72166c2b	e0f2991a7303dbef32dbcc5ffdf69ded6d165dd7103a91a17ce9e4f167d93d1f	1606
implementation-candidate	61f2f2d7bc4955e9bca821095ef69125837133b5	ci-container-input	.github/workflows/python-check-requirements.yml	100644	1219b87459272c381f21f4fec907e6bbe1054447	200b3c5a5816bf8b8c6e905a022248091b75597dc8f8b2163b7945372b321d19	914
implementation-candidate	61f2f2d7bc4955e9bca821095ef69125837133b5	ci-container-input	.github/workflows/python-lint.yml	100644	3035e1063c5a9f05b183d0aa87739ce3218ca86a	9354d17e5e6ae1985e682e33688502832a271f9db15687af3f910100151a4831	931
implementation-candidate	61f2f2d7bc4955e9bca821095ef69125837133b5	ci-container-input	.github/workflows/python-type-check.yml	100644	23784c50a9e2278826704a2701b187e3fafae089	22bb1da143c7c57817e2505de8382a8affd3c328ca862f22770f5955016d664b	1242
implementation-candidate	61f2f2d7bc4955e9bca821095ef69125837133b5	ci-container-input	.github/workflows/release.yml	100644	8b01798ae789a76370a01c2c2f8d7c73df8cdb7b	be4a6c379d75eb843b442301a3b8f380605541bc8ae1b11ecfb6babdd8c7339d	52844
implementation-candidate	61f2f2d7bc4955e9bca821095ef69125837133b5	ci-container-input	.github/workflows/server-sanitize.yml	100644	4c9f447cf8b708fbf275a93971383ee24e672a24	07daeb70c790646528be6d2450f6ac5fe8e9ce697776c8f7837e0c91a354ed0d	3026
implementation-candidate	61f2f2d7bc4955e9bca821095ef69125837133b5	ci-container-input	.github/workflows/server-self-hosted.yml	100644	117c79c2f8748a45cd183695b135182b4f7f75db	f3fa2e89132a9bee92347ef17f3ea62210d87c447368196812b4ffb8bd2dcf54	3997
implementation-candidate	61f2f2d7bc4955e9bca821095ef69125837133b5	ci-container-input	.github/workflows/server-webui.yml	100644	72c2016efe798a219b01bb97d2e62f943033f709	c713e33dea939b458bd2fc5ab2672da94f0fe1c6c40c580efbc20ed0b2ae323f	4213
implementation-candidate	61f2f2d7bc4955e9bca821095ef69125837133b5	ci-container-input	.github/workflows/server.yml	100644	f12e7b7366ffc35ee6a580d71cfd462d2b7719f5	38aa52e0b80cde969a93cc3dea6bd018f8105171ffb6409ac1bd40bfdfbf09fa	4914
implementation-candidate	61f2f2d7bc4955e9bca821095ef69125837133b5	ci-container-input	.github/workflows/update-ops-docs.yml	100644	2ab06eb9811d048f4fc23622b6c29a1f6c86a597	5fb90da5fd7e8abcae2425cc03b81ed9dcb7f9d1edf8154c578af1a55ebb3060	1351
implementation-candidate	61f2f2d7bc4955e9bca821095ef69125837133b5	ci-container-input	.github/workflows/webui-build.yml	100644	7f512a69d3dcfcaba022c089af8fc5afca7b44a4	5c89c2aea09b904bfc3ea1362e8a15320363956212a050c982d97e0453eef88d	1029
implementation-candidate	61f2f2d7bc4955e9bca821095ef69125837133b5	ci-container-input	.github/workflows/webui-publish.yml	100644	bf0d707a23e33a6e65593cd4786afcd5bc6e49e3	7556705356f96eef1b3cd60ae799fda0f996dfd79890bd8ce3119fe4d5bf5e93	2285
implementation-candidate	61f2f2d7bc4955e9bca821095ef69125837133b5	ci-container-input	.github/workflows/winget.yml	100644	420a98f903b0db7be291dbbdb6a045b68bd434fb	34612fafcc435586abea4840d60071a866154223f218de6c82364ddfac958ecf	1556
implementation-candidate	61f2f2d7bc4955e9bca821095ef69125837133b5	build-or-source-lock-input	.gitmodules	100644	e69de29bb2d1d6434b8b29ae775ad8c2e48c5391	e3b0c44298fc1c149afbf4c8996fb92427ae41e4649b934ca495991b7852b855	0
implementation-candidate	61f2f2d7bc4955e9bca821095ef69125837133b5	cmake-input	CMakeLists.txt	100644	244f4cb4982509afa1f467d844667c0ee4949395	919e15372024f8401781111b0820adbf73e83d4e814f13b3091e37b8ffd72d08	9666
implementation-candidate	61f2f2d7bc4955e9bca821095ef69125837133b5	cmake-input	CMakePresets.json	100644	1b1d621f5dd2b0dcafd6fc494f57ddec43fb180d	081dd1d699de4deae5a8c5e022e17d3e7108e271e839c7f7aff1e35441543123	5323
implementation-candidate	61f2f2d7bc4955e9bca821095ef69125837133b5	license-or-notice	LICENSE	100644	e7dca554bcb802f98408383a864404e3aa4eacca	94f29bbed6a22c35b992c5c6ebf0e7c92f13b836b90f36f461c9cf2f0f1d010d	1078
implementation-candidate	61f2f2d7bc4955e9bca821095ef69125837133b5	build-system-input	Makefile	100644	bcbc7702059566c8e23bcaf73e12caff9b7dac8e	81cf8d21005a58822cdf457f1caab1da5f02d34ddcaa75e871b32f05e3e52efe	257
implementation-candidate	61f2f2d7bc4955e9bca821095ef69125837133b5	license-or-notice	THIRD_PARTY_NOTICES.md	100644	4b2f877fe5011ac7eca70b5409a1cb7b032109ea	038b892fb3e926f9f85c3256554f1e74c7a6fab023574ad5869aa389dcf45729	1372
implementation-candidate	61f2f2d7bc4955e9bca821095ef69125837133b5	build-or-source-lock-input	build-xcframework.sh	100755	180c01a88e949edbe4be9f862d1cd56a369194fa	97b7d7ba87246fbc4911464be25f1874f175d0711d328e8aabac2a434f21a8b5	21688
implementation-candidate	61f2f2d7bc4955e9bca821095ef69125837133b5	cmake-input	cmake/arm64-apple-clang.cmake	100644	5fcd2882afc9d96ccc1c28396b91e5e46c93f66c	80d01144241c7a45d1c35461aab1256364f8c7e714c3401a8097a567a8179e03	555
implementation-candidate	61f2f2d7bc4955e9bca821095ef69125837133b5	cmake-input	cmake/arm64-linux-clang.cmake	100644	f16e280ec6609c13ad1546b7a0cd97ee07e37776	feb7bd04443531e2287638c23a8d1873203d72a2da95e03f9c28433b27e24bd1	587
implementation-candidate	61f2f2d7bc4955e9bca821095ef69125837133b5	cmake-input	cmake/arm64-windows-llvm.cmake	100644	8023796800683240e32048180a1eb874ddab1963	12be8ba361b88d1a12cf28970da526f98c0f9b17103c2aa0c0b49ee7fa496a48	592
implementation-candidate	61f2f2d7bc4955e9bca821095ef69125837133b5	cmake-input	cmake/build-info.cmake	100644	c7005950c5612d1d93ca728386b10806b0043106	d5cb300d2a3665eac85370617853a143a4f4a7884977f83d0635b18699f93eee	1319
implementation-candidate	61f2f2d7bc4955e9bca821095ef69125837133b5	cmake-input	cmake/common.cmake	100644	bcf403e0ee3773737d9bc1918863ac5e91b76d4c	ff633f84fb707c51d3aa1f9c898886db5e16905ffce9df15338eef4fabcd77f7	2044
implementation-candidate	61f2f2d7bc4955e9bca821095ef69125837133b5	cmake-input	cmake/download-models.cmake	100644	de252906a01fbcf2d2a3cf538d2f683c48420dbd	6cf1368093d7207c5ddd40f8c9841e50621b71e57d2fd0c13afda3b84a973eb0	505
implementation-candidate	61f2f2d7bc4955e9bca821095ef69125837133b5	cmake-input	cmake/git-vars.cmake	100644	1a4c24ebf6adeb1126e626f56de601621179353d	411507be4e991f2afc0007905a95bbf848176a282189d0e27d7df1d48974290d	717
implementation-candidate	61f2f2d7bc4955e9bca821095ef69125837133b5	license-or-notice	cmake/license.cmake	100644	de066603ba5e99d0ae4633647e69ef435f6824fd	083515dff8a9b8696e348c7c616934e53941a7db30e1b3f092576632e9a2d1d4	1445
implementation-candidate	61f2f2d7bc4955e9bca821095ef69125837133b5	cmake-input	cmake/llama-config.cmake.in	100644	90cbec5b6f1331b9149a5ae3aa03fea45d69246d	908f54308047bac0960f049458aa6874e5b5080ff0b81a30b3d56e88ea7e49a6	979
implementation-candidate	61f2f2d7bc4955e9bca821095ef69125837133b5	cmake-input	cmake/llama.pc.in	100644	6fb58b5f6881b7f204d9094a8f2d3ed1d93906c2	0d720145be0f415d5381ac58cc6878398357bee7ce83012b50668de666534eff	311
implementation-candidate	61f2f2d7bc4955e9bca821095ef69125837133b5	cmake-input	cmake/riscv64-spacemit-linux-gnu-gcc.cmake	100644	faed7fb7831a48d76202ab83ad44f8eccdc23f25	6a2ef73adf92ed68c38820b7503d3e423f27c426306ef4cfaea5d88b4eb51cb8	1463
implementation-candidate	61f2f2d7bc4955e9bca821095ef69125837133b5	cmake-input	cmake/x64-windows-llvm.cmake	100644	77e79140798b2fcee2d84a3abdeab315c08b7a03	416e1385f9ac92ff29e2158da8b1894ae2cfccc3bb024eb46c3b937cb42477a8	139
implementation-candidate	61f2f2d7bc4955e9bca821095ef69125837133b5	cmake-input	common/CMakeLists.txt	100644	1a56c25857fa6b565764253b957b76512bbdcf92	6480c353782a3b1df3bdb64eb20b2e968d342f31180f347dac2635b81f7b7354	4692
implementation-candidate	61f2f2d7bc4955e9bca821095ef69125837133b5	cmake-input	examples/CMakeLists.txt	100644	259db1c90f2895c6e32f7c983a04d778693d798b	301b64b5a65933037b8c8198e706bccbc7fc327a3dec63c99323dc09ca915841	1131
implementation-candidate	61f2f2d7bc4955e9bca821095ef69125837133b5	build-system-input	examples/batched.swift/Makefile	100755	1f9156e583fdda26611fcc9c53dfe57517a50da8	fb84da2c51818364999fb74036930f3a236498fee74373128a00f9abb58bed20	230
implementation-candidate	61f2f2d7bc4955e9bca821095ef69125837133b5	cmake-input	examples/batched/CMakeLists.txt	100644	1d7c2a0f6e7fce160d0f2f6fd663b44fea963c24	c7fdbb56aa7daca62ac30b202309e77c1738252fa27dd97463cc04178dd28b5d	239
implementation-candidate	61f2f2d7bc4955e9bca821095ef69125837133b5	cmake-input	examples/convert-llama2c-to-ggml/CMakeLists.txt	100644	2162da4fdf766928cd9864cfa657e2d29eeb70e6	979f8e1641b53b6fa29afebce017091e061914ae5f5fcdf5b6c687dd94d37645	271
implementation-candidate	61f2f2d7bc4955e9bca821095ef69125837133b5	cmake-input	examples/debug/CMakeLists.txt	100644	fb1c7e258147017d90538d9b2e3297d79287c344	71624de72a3fc484849b4f2b696d5429cdff31468a805484d7ad6ad7ec88f80f	235
implementation-candidate	61f2f2d7bc4955e9bca821095ef69125837133b5	cmake-input	examples/diffusion-gemma-eval/CMakeLists.txt	100644	7a99b8423a1dfe80ddecea8f2cc5d97046965eed	27e0bf011d1c98708ecfc23aa7bb50225d1203ff2afe31d7e9ba0843d396b35d	252
implementation-candidate	61f2f2d7bc4955e9bca821095ef69125837133b5	cmake-input	examples/diffusion-gemma-server/CMakeLists.txt	100644	0b1b020fef8fddf8cd1b48c1e15bda9a30569e6b	8550a4f6947f9a3a5c945e89ddc1ad1cfe5d7d4db4ae683e1e59d9dc5c12c924	256
implementation-candidate	61f2f2d7bc4955e9bca821095ef69125837133b5	cmake-input	examples/diffusion/CMakeLists.txt	100644	42a84b2dfe5f724fa0f62144027223518b6a325a	8c8a32992a7797996c026922d463da85cd1a938c56480484af2704533e871ecf	490
implementation-candidate	61f2f2d7bc4955e9bca821095ef69125837133b5	cmake-input	examples/embedding/CMakeLists.txt	100644	0634c7bd8202cb41b5fcc2f7810afa29b3c11d8d	1cf460f35453625d5399d6b9d115f56ee8e388a0fc0939b0e6e95ac2e6216c56	243
implementation-candidate	61f2f2d7bc4955e9bca821095ef69125837133b5	cmake-input	examples/eval-callback/CMakeLists.txt	100644	63fbe59dce87dd27735e200c677e5626f2a8e86e	54854a0829f124a242d79b0f942bf4e2119ae98bc869f20be097c6c998a601af	1320
implementation-candidate	61f2f2d7bc4955e9bca821095ef69125837133b5	cmake-input	examples/gen-docs/CMakeLists.txt	100644	aa68cbd78a8644bf68bd402b5d9cc2740e58ddb1	1a51f5893ace277af6164ac6501e5574bf7c1bb59092d3e66f5a63b7406ea710	241
implementation-candidate	61f2f2d7bc4955e9bca821095ef69125837133b5	cmake-input	examples/gguf-hash/CMakeLists.txt	100644	15c5c68c6f402f1ac9a81555a16c81ba87794163	f52b81f7084fa7fbb5e21b63637df1cee398ebde60a9284cefba974ae37bcb00	728
implementation-candidate	61f2f2d7bc4955e9bca821095ef69125837133b5	dependency-input	examples/gguf-hash/deps/rotate-bits/package.json	100644	74c0bef68d8bd32828a0d8c204549a72a51a903a	4627415dc3410ba88c7b1015875a717a2e23441972fef9b33d0539527b2760ba	255
implementation-candidate	61f2f2d7bc4955e9bca821095ef69125837133b5	dependency-input	examples/gguf-hash/deps/sha1/package.json	100644	6a5843dd1ef46c21599b4f75e95a088907351abd	47560382d1e2074c48c08ba36dddcbc6043f0eb372aa4617e5773305eb3bf852	200
implementation-candidate	61f2f2d7bc4955e9bca821095ef69125837133b5	dependency-input	examples/gguf-hash/deps/sha256/package.json	100644	b92a0412738dfb495cd859c5d94fb45413755bbd	674f1b5d34a7eb827115875774222ce30d5c79cb59101477dc74a18e83cd8773	283
implementation-candidate	61f2f2d7bc4955e9bca821095ef69125837133b5	cmake-input	examples/gguf/CMakeLists.txt	100644	fb04eb83f34ce16059d0e56fbd1759849e873741	88385c090deb2b2778f539ac346a8d352a66613352165e6fbc1eea5aa9df28a6	219
implementation-candidate	61f2f2d7bc4955e9bca821095ef69125837133b5	cmake-input	examples/idle/CMakeLists.txt	100644	c0fedbbff5bde2f49c991397053f759df13a6a38	d5bb9f24883b5c75f6aaa9909b1ca8e2c74ab8572516fbb1f2fc3d992b77118e	233
implementation-candidate	61f2f2d7bc4955e9bca821095ef69125837133b5	cmake-input	examples/llama.android/lib/src/main/cpp/CMakeLists.txt	100644	20c9e3b2c1fdf5bcac0c5a1d5615e60352d00a98	5730e1d299185cfa893d3923aa1f2bf9da401bb9e2ffa8663337ab228e39e442	1658
implementation-candidate	61f2f2d7bc4955e9bca821095ef69125837133b5	cmake-input	examples/lookahead/CMakeLists.txt	100644	5d6e604fa981dbbd01b2c9bfab5f0103a225414e	3235a9270094d67bfda33c3c0ac5fce981de35d33fdc8d8446775d224deca47d	243
implementation-candidate	61f2f2d7bc4955e9bca821095ef69125837133b5	cmake-input	examples/lookup/CMakeLists.txt	100644	09f7d2e3c9220bdc1461d9f84af833bec0c9e7e3	1b02f01a4b7a4ef90a97684ccdf711560300b83dfafbe21d35ddbe26165d29a5	989
implementation-candidate	61f2f2d7bc4955e9bca821095ef69125837133b5	build-system-input	examples/model-conversion/Makefile	100644	0130b0493bb2980e0daea49a8bf61e33f305b753	505d35714f9f6fbedd75d84577e20013bc673fc8f69db6ea0495e3f81be200c9	9005
implementation-candidate	61f2f2d7bc4955e9bca821095ef69125837133b5	python-dependency-input	examples/model-conversion/requirements.txt	100644	229b2ec75b75b8fb0f564fa7b8c85fdae6ff8bd0	e73cfffed19d2ab92169c325eea12eab730c35062265aa364eee0723509b5871	135
implementation-candidate	61f2f2d7bc4955e9bca821095ef69125837133b5	cmake-input	examples/parallel/CMakeLists.txt	100644	4fb7a96aae3abe5a016e19987c0e69eae4ce6740	dceb77b9d969a0dd3f3d16903c0d7705a148f4ca723439e3122d9610d0579fbd	241
implementation-candidate	61f2f2d7bc4955e9bca821095ef69125837133b5	cmake-input	examples/passkey/CMakeLists.txt	100644	12558cc25572acefba4493d73b63db801a5382ed	fe2666390ccb9c1707c6bfdbb2703369bdb8da4cb950b0ca0084feda9a331d5e	239
implementation-candidate	61f2f2d7bc4955e9bca821095ef69125837133b5	cmake-input	examples/retrieval/CMakeLists.txt	100644	5927ff8a852d6e47395b8318e2fe92f12a2e7cf3	115bede727d6955484ed32c0deb755aa31bbbdcdc65e367ea39ead4e8226ab51	243
implementation-candidate	61f2f2d7bc4955e9bca821095ef69125837133b5	cmake-input	examples/save-load-state/CMakeLists.txt	100644	78024672e77dbd5839f2e83dc611ac174de30b08	bb2b0a094dd1f26b548e497bc17cfa11c0c42fc7b967c4619e0e38a02a3acd43	255
implementation-candidate	61f2f2d7bc4955e9bca821095ef69125837133b5	cmake-input	examples/simple-chat/CMakeLists.txt	100644	567f7fbbbf43a959c8d8f71705f6700c607f90dc	d938b71d4de5058258d71b1c3264f476a9786195bd0bc84fd9ac1e840b51f3d2	234
implementation-candidate	61f2f2d7bc4955e9bca821095ef69125837133b5	cmake-input	examples/simple-cmake-pkg/CMakeLists.txt	100644	128e38c8f2dc04d48b7f837ce89bdecc816eea0c	bb2b3ed603d2f5e886413e2f0f0c4d4a3941ff1e422a279f01fbc864e0ef167a	381
implementation-candidate	61f2f2d7bc4955e9bca821095ef69125837133b5	cmake-input	examples/simple/CMakeLists.txt	100644	104ecabfd72360aa8237a14e66179bcff62682c3	c4acc5493295ac4b9a1223f60004e6ea5b054efd75d5f3dc498032c464b24817	224
implementation-candidate	61f2f2d7bc4955e9bca821095ef69125837133b5	cmake-input	examples/speculative-simple/CMakeLists.txt	100644	5ef3b4131f2a1f037c75ee7563da63624ad2b66c	e8939bcec6e731ce051f7311fe63595d6e1916c543ce4ee9001b9c13a80c6468	261
implementation-candidate	61f2f2d7bc4955e9bca821095ef69125837133b5	cmake-input	examples/speculative/CMakeLists.txt	100644	b4e20c717a21e231bd4c44f080419f3952380d20	15d32bd07f65b4bb1e35b7e9e08ed59d621473cc16e47206426b2b6589b62008	247
implementation-candidate	61f2f2d7bc4955e9bca821095ef69125837133b5	cmake-input	examples/sycl/CMakeLists.txt	100644	40e44eefc8a83f048c7f95ce5be741ad6a464f90	d2705afee47e2d677f7c7f89645bb4b42b65d11cb7e45ef6b16c0bc8cd2bc177	341
implementation-candidate	61f2f2d7bc4955e9bca821095ef69125837133b5	cmake-input	examples/training/CMakeLists.txt	100644	8bb20d0f21381f0419c3de16a7326550b3b7d4d3	4a51519d6982603238d45030d5333c30128f36dc187acd1d3826063920b9281c	241
implementation-candidate	61f2f2d7bc4955e9bca821095ef69125837133b5	build-or-source-lock-input	flake.nix	100644	bb02c8e52f9ad78e2b66eda8091e5c9356361798	a96dab876cc32b49eb478e8680fdc43c738a06310a1e5feba7b5d5a5c99ab3c4	7243
implementation-candidate	61f2f2d7bc4955e9bca821095ef69125837133b5	cmake-input	ggml/CMakeLists.txt	100644	57f5eebafd2fcf1141640abbead35693dd8916d7	2585a994119ec8991815d7ff588f5573007850cdc42a88d42b127001390ef826	21654
implementation-candidate	61f2f2d7bc4955e9bca821095ef69125837133b5	cmake-input	ggml/cmake/FindNCCL.cmake	100644	67511e2d56a6cf2e3bbcd000e6c7ad5d0535a2bd	496ad9fbb75ce307f8142ed2dc8fa1ea1baaaef70e51b8d0b153ebd191b650f8	964
implementation-candidate	61f2f2d7bc4955e9bca821095ef69125837133b5	cmake-input	ggml/cmake/GitVars.cmake	100644	1a4c24ebf6adeb1126e626f56de601621179353d	411507be4e991f2afc0007905a95bbf848176a282189d0e27d7df1d48974290d	717
implementation-candidate	61f2f2d7bc4955e9bca821095ef69125837133b5	cmake-input	ggml/cmake/common.cmake	100644	cb6638833204064c007ed8be32e5da22302c2522	438c57ef81c63b3b7b7a3078965ba081d53c3c2e9f9986c512e6f11b4937e816	2125
implementation-candidate	61f2f2d7bc4955e9bca821095ef69125837133b5	cmake-input	ggml/cmake/ggml-config.cmake.in	100644	91c9d5cd3434f595db418191e4d86f7bc9c2575c	68d6d3d46111b246beaf4429ab090a749bd7b9200ffc8ff1444e3309629859f4	6914
implementation-candidate	61f2f2d7bc4955e9bca821095ef69125837133b5	cmake-input	ggml/src/CMakeLists.txt	100644	88a5f5d618afa1cf1e2edefcf81040cae3d6c75d	fd7fcbfb61391fd5de8c02ae360039d693db843b1cd7c78522fab83b299ea2b4	19226
implementation-candidate	61f2f2d7bc4955e9bca821095ef69125837133b5	cmake-input	ggml/src/ggml-blas/CMakeLists.txt	100644	c27dc174c0041772d4950247ba374a7a0afe3e32	dc7028c2c7207e8c334fd61ea4556599a326710cd9b33050bace38833529df71	4168
implementation-candidate	61f2f2d7bc4955e9bca821095ef69125837133b5	cmake-input	ggml/src/ggml-cann/CMakeLists.txt	100755	aee5e7b06e51f5f9e36e31389798099d498d7f41	a61c05231e4ae8748c76febb4dfc214f856789caba5e0edd7d0c802bba3b172a	3476
implementation-candidate	61f2f2d7bc4955e9bca821095ef69125837133b5	cmake-input	ggml/src/ggml-cpu/CMakeLists.txt	100644	f3eccff7d72616e44bf4905c622dce4cd11d6aee	804e47a409c8465adb79877a27df62052944e9775e8c23fa4b9408fd9cb80c58	34490
implementation-candidate	61f2f2d7bc4955e9bca821095ef69125837133b5	cmake-input	ggml/src/ggml-cpu/cmake/FindSIMD.cmake	100644	5533668ec4ab18ff7261865e43be0100de65e5bf	c36807121bb1452dfb1ab39a7b366bd49f454c49b43b1df4b7c54f038c824d49	2651
implementation-candidate	61f2f2d7bc4955e9bca821095ef69125837133b5	cmake-input	ggml/src/ggml-cpu/cmake/FindSMTIME.cmake	100644	c8a4d4b4ec9335164617f3f35529d405371c9205	81fc6290d1b2fdc30746c222fe993cc7403942ca388f9db0c5885ef568929adb	2075
implementation-candidate	61f2f2d7bc4955e9bca821095ef69125837133b5	cmake-input	ggml/src/ggml-cuda/CMakeLists.txt	100644	0c15f71ffc272ea791996440f0b524aee4406f94	88a61be5c291fce276bdf71ddb2c9f9cdb10a89c6a93f7b5cedd6126d128e441	11726
implementation-candidate	61f2f2d7bc4955e9bca821095ef69125837133b5	cmake-input	ggml/src/ggml-hexagon/CMakeLists.txt	100644	b82bae0c1035ebe34d09bf9e6fb2bd37af2bbcd3	e02fefb32407bcaf3d3145c1bc911c5dac5d332d9788e01bfad2a7446db4de6b	5084
implementation-candidate	61f2f2d7bc4955e9bca821095ef69125837133b5	cmake-input	ggml/src/ggml-hexagon/htp/CMakeLists.txt	100644	31ba527623100a9ecba77ab4a44e420373d7a599	08f2e9e3e778a8cf329bd2af723fef0b9de0526e67efe87db62e346d6384238a	2115
implementation-candidate	61f2f2d7bc4955e9bca821095ef69125837133b5	cmake-input	ggml/src/ggml-hip/CMakeLists.txt	100644	f4bf89ee71fcd2f98195d228d8db3436fffb50cf	ff22c53eeda068d4002ef99d9a0f98b0e16cedf85c45b65e15d9051527eacc10	5621
implementation-candidate	61f2f2d7bc4955e9bca821095ef69125837133b5	cmake-input	ggml/src/ggml-metal/CMakeLists.txt	100644	42054d841aa3580f2247e85376b1e66410fbfde5	e0caad0073256a0cf9f445eb440cf935c569de81fac1af2127b6af5786b1c80d	5739
implementation-candidate	61f2f2d7bc4955e9bca821095ef69125837133b5	cmake-input	ggml/src/ggml-musa/CMakeLists.txt	100644	cc53c812ce5f47a2b955d8cc9af4fdcb4e62bbd7	66600e820763f5b1a60b4ec3d4a30b0495fe7cf10c715780d499a9991b0468e3	4291
implementation-candidate	61f2f2d7bc4955e9bca821095ef69125837133b5	cmake-input	ggml/src/ggml-opencl/CMakeLists.txt	100644	82ce61d72c6df50d48f55de5c9051013bca7907f	9a2750e2c43dccc6ad85a0597ac4ab70c66adc60ca8b59d0837689b4a76afc87	5045
implementation-candidate	61f2f2d7bc4955e9bca821095ef69125837133b5	cmake-input	ggml/src/ggml-openvino/CMakeLists.txt	100644	175b585661d300e77f042f7333a83a9485528281	400734439c6386fdd0b2c5273dbc01bb95fe27c4b75db8b186a8adad7043d5ad	789
implementation-candidate	61f2f2d7bc4955e9bca821095ef69125837133b5	cmake-input	ggml/src/ggml-rpc/CMakeLists.txt	100644	40e11fead63a5f8ee04b5362897688a24b4deb07	a8ceaa0037d241fca3b9a274b144991a0930c352a70e8a4083379037c4b085df	1009
implementation-candidate	61f2f2d7bc4955e9bca821095ef69125837133b5	cmake-input	ggml/src/ggml-sycl/CMakeLists.txt	100644	180de92202d525cb57c43c6c4ca179043957b0fe	d66d5fcd36f89bb548d09a8e145634ce11dd48a238e21ff8de325e2466fdfade	8025
implementation-candidate	61f2f2d7bc4955e9bca821095ef69125837133b5	cmake-input	ggml/src/ggml-virtgpu/CMakeLists.txt	100644	e6b020beb5bfa5ba6a18ac2ea326b5e2daed9704	2c5ca62a55f452d9ea95ef3ba276abdfe40738d7beedcc845956a971125d7d2a	2706
implementation-candidate	61f2f2d7bc4955e9bca821095ef69125837133b5	cmake-input	ggml/src/ggml-virtgpu/backend/CMakeLists.txt	100644	0b49c403b9a00221361db6b7493013647be2f1bc	9b3ca0ffe5db26a210d43faa7c89879dddf47bf69ea1a1a9ef175b39d1324636	881
implementation-candidate	61f2f2d7bc4955e9bca821095ef69125837133b5	cmake-input	ggml/src/ggml-vulkan/CMakeLists.txt	100644	64b03688d304a8f34c85ab35571b7e4930372f2c	2ce37b6c7ed59b2ef4152cea646a35c09fbd5b2540f600f5e12f789aebdcca24	8963
implementation-candidate	61f2f2d7bc4955e9bca821095ef69125837133b5	cmake-input	ggml/src/ggml-vulkan/cmake/host-toolchain.cmake.in	100644	2d8a85696d374e68822f854d6e59247c90a934a8	1c333fc25586feb395aa6eecc1ffac4ff66fd79968a117904c1259b47ded25d4	597
implementation-candidate	61f2f2d7bc4955e9bca821095ef69125837133b5	cmake-input	ggml/src/ggml-vulkan/vulkan-shaders/CMakeLists.txt	100644	10a9ea21025f51ca0656debc093fecc4e66489ac	2446d703642b80e0ca2943cd7fddfb34b9f53c7078c2e1880b0c7682d794b687	1364
implementation-candidate	61f2f2d7bc4955e9bca821095ef69125837133b5	cmake-input	ggml/src/ggml-webgpu/CMakeLists.txt	100644	1503a1ef8ba6f05d7e5897028c1d2b080af889e2	dd99b4af03e2bb80464edcac3476c19464a149a608243b17286226c4791a4b99	2852
implementation-candidate	61f2f2d7bc4955e9bca821095ef69125837133b5	cmake-input	ggml/src/ggml-zdnn/CMakeLists.txt	100644	0a723ce4de28646f62c0cc06e66273d0092f381f	50e5b114c2268fb5df1f308a0953d6437991b98a5fe9b2998c8a448d4e9f9fc8	1227
implementation-candidate	61f2f2d7bc4955e9bca821095ef69125837133b5	cmake-input	ggml/src/ggml-zendnn/CMakeLists.txt	100644	f1e4f991fae3bdfc30abaadc364e0e3a013cc2bf	b5956b5bafde40552d73db58533e63556cf9247b47a2ccb65819e2641169ee95	3440
implementation-candidate	61f2f2d7bc4955e9bca821095ef69125837133b5	license-or-notice	gguf-py/LICENSE	100644	76f67efdc6470081b512a8db5bf2b1d4962d9c3c	ef78c7e6659e34c798194f0d344e807c722de70cbca1359ef54772661e11ca38	1072
implementation-candidate	61f2f2d7bc4955e9bca821095ef69125837133b5	python-dependency-input	gguf-py/pyproject.toml	100644	b2a36460ad883490e909aaa86dd74701a9286eb2	69d5430a01fb1cfa2ad166de224e2222003d314ae41415f102f1cfef9b8b6146	1289
implementation-candidate	61f2f2d7bc4955e9bca821095ef69125837133b5	cmake-input	pocs/CMakeLists.txt	100644	d49d14dee4351395d04745660bd970085cfe6aad	24a96d97492e28df1634866410394cf67043f60a0661140ee80dff37a9a73d45	216
implementation-candidate	61f2f2d7bc4955e9bca821095ef69125837133b5	cmake-input	pocs/vdot/CMakeLists.txt	100644	f3776268ab6941caf9d4abd48c4dd02863f98279	7aea4bb7bc71605f62c044ef5320cdbb3242a97fb057292b3cb1ef8a45d46c6b	399
implementation-candidate	61f2f2d7bc4955e9bca821095ef69125837133b5	python-dependency-input	pyproject.toml	100644	a39c4f010bb20c1bb243194ab47771d62843fcee	b9ad1777dbaa765922672bc5e888eb45fd6391d20449c7de6455a49204cac70a	1836
implementation-candidate	61f2f2d7bc4955e9bca821095ef69125837133b5	python-dependency-input	requirements.txt	100644	9b35010e0386d6a68763b40e1156c2c5c886cf1d	c76650f5a0c919e0081fceaa39f6a78b513c2c5cb52b5bac184e7fad7e9e8c39	602
implementation-candidate	61f2f2d7bc4955e9bca821095ef69125837133b5	python-dependency-input	requirements/requirements-all.txt	100644	6c6bea9490b4b0c7b390ecaa2640cfbb69ae7131	449994b4859f6c734b7a7dce0573726a8113e607d9aa01a7f4c034b152c037c9	575
implementation-candidate	61f2f2d7bc4955e9bca821095ef69125837133b5	python-dependency-input	requirements/requirements-compare-llama-bench.txt	100644	d87e897e17199fc3ae494b91f643af5c15ab98b2	9df04bf6b7ec0c2c7c456d05a09481f646d7caf2e2954f6d862f1f2f83cbf471	53
implementation-candidate	61f2f2d7bc4955e9bca821095ef69125837133b5	python-dependency-input	requirements/requirements-convert_hf_to_gguf.txt	100644	122b4788d9199bf8015a2056d354b289b2ac7b8f	958ad0b45ea5c961c529ba86d0c2a07f3e8f1c6a1b7073de9d45a24bbba886f9	360
implementation-candidate	61f2f2d7bc4955e9bca821095ef69125837133b5	python-dependency-input	requirements/requirements-convert_hf_to_gguf_update.txt	100644	afe2747d448d4d896c78c52ec5f40560f09b09f9	04fb9a44096a91f6b6277acab2cea2ed465419c7eadf33d80f6ed6f6129ca7c5	43
implementation-candidate	61f2f2d7bc4955e9bca821095ef69125837133b5	python-dependency-input	requirements/requirements-convert_legacy_llama.txt	100644	18d39801066ca7c824f84f2c1dacd8508e2e513a	90ec54f376ff16ecb14e851673acd4317e0ba32ef93cf8c6642304812a98b1a2	101
implementation-candidate	61f2f2d7bc4955e9bca821095ef69125837133b5	python-dependency-input	requirements/requirements-convert_llama_ggml_to_gguf.txt	100644	afe2747d448d4d896c78c52ec5f40560f09b09f9	04fb9a44096a91f6b6277acab2cea2ed465419c7eadf33d80f6ed6f6129ca7c5	43
implementation-candidate	61f2f2d7bc4955e9bca821095ef69125837133b5	python-dependency-input	requirements/requirements-convert_lora_to_gguf.txt	100644	d091d564846bff78972a8502baa6a57c672b7abe	c7ea8e4c64f08759c2527702adb51eb70ca481928e58d0d05bbbbe9c83f71b8d	216
implementation-candidate	61f2f2d7bc4955e9bca821095ef69125837133b5	python-dependency-input	requirements/requirements-convert_modular.txt	100644	a8431823f2f5f788842fba079fbaa46cf769d0e4	97293c6016119e9512c8bf4ca98b8ca85d6e0acd39ef5936fcdca60ca0658ac4	41
implementation-candidate	61f2f2d7bc4955e9bca821095ef69125837133b5	python-dependency-input	requirements/requirements-gguf_editor_gui.txt	100644	fd253364e152146b416ea1ea96071deb56892d3b	fcce14ea34d20abacfef6f2808a69564bd9de7f022bc573fc48b20e3e8868519	42
implementation-candidate	61f2f2d7bc4955e9bca821095ef69125837133b5	python-dependency-input	requirements/requirements-pydantic.txt	100644	1738494edb47c9d44dd22320d59837871c7183eb	b3a9dde321f3a0aa4a5132b388c6cd490116ceebf33f6c88fde0f94aa44f699a	57
implementation-candidate	61f2f2d7bc4955e9bca821095ef69125837133b5	python-dependency-input	requirements/requirements-server-bench.txt	100644	ea5849fa104efc4ddd54d9fc8f844b76e950ec86	1f6cefddb24d47138d6b7569724b9d39b1e3e5e2a15aa927520ede8bc02520da	79
implementation-candidate	61f2f2d7bc4955e9bca821095ef69125837133b5	python-dependency-input	requirements/requirements-test-tokenizer-random.txt	100644	2785e71a257189652943630c23c9ae0abc92560b	8fd5516e7784f4c9eb68344b6822e92a2b5a3d12de2529d4401dfa11f10b4a7c	13
implementation-candidate	61f2f2d7bc4955e9bca821095ef69125837133b5	python-dependency-input	requirements/requirements-tool_bench.txt	100644	17d6b866c6b8a16d954657971562cb95f26bb278	4949f3a1c38e06ec1d2d5df18b9f2b9463758388825bbc217169e31f38974619	202
implementation-candidate	61f2f2d7bc4955e9bca821095ef69125837133b5	runtime-build-orchestration-input	scripts/apple/validate-apps.sh	100755	f0475758c37ab29baac49ed2771334b183d722e0	8ced6e8720271f7b2354184b64e9d216e58ae8c1ee7b7f5667242da79479e548	156
implementation-candidate	61f2f2d7bc4955e9bca821095ef69125837133b5	runtime-build-orchestration-input	scripts/apple/validate-ios.sh	100755	50800d84a0c1deb2cf008d78b5b1ac8e689bea30	0c5e04187df5d812d1fa56f45337ac4e1485ad5b9351d5284d1f1e8fd9e5437b	31780
implementation-candidate	61f2f2d7bc4955e9bca821095ef69125837133b5	runtime-build-orchestration-input	scripts/apple/validate-macos.sh	100755	fa800ee682027605f3cf21b216bbc0e4aea7290e	9a4da4e6621150dd81fa06b280b7cb679fe176348119e0ae368a8c4ff49e4ce4	30256
implementation-candidate	61f2f2d7bc4955e9bca821095ef69125837133b5	runtime-build-orchestration-input	scripts/apple/validate-tvos.sh	100755	b4da698749c5867193a39e32fecba75468271baa	5000a2453bdf4634eb173bc97de7b7079efc63338de81b275fd2c5f757c94927	31681
implementation-candidate	61f2f2d7bc4955e9bca821095ef69125837133b5	runtime-build-orchestration-input	scripts/apple/validate-visionos.sh	100755	bbdec6602679cbaf419fcc29472cd69fe0f09ae7	22dd1c15380da935c35d59989f316f5d0c0332e863a232bd96b2ac042b5565bd	31770
implementation-candidate	61f2f2d7bc4955e9bca821095ef69125837133b5	runtime-build-orchestration-input	scripts/bench-models.sh	100755	c241013040f64d6ff4d5a6157418a184ecaae6a9	ecd40f1705a07c8e9ba12232b7cec76e664d98fa9ca2771aa0018dbdeaedffdc	2207
implementation-candidate	61f2f2d7bc4955e9bca821095ef69125837133b5	build-or-source-lock-input	scripts/build-gfx906.sh	100755	e2eee32ce7ad97c99ca150e1558b650fb925229b	edeb1d6f5fba839d9a989dc71eb9e163f8602f54ae69a4776d585a039b5cd371	334
implementation-candidate	61f2f2d7bc4955e9bca821095ef69125837133b5	build-or-source-lock-input	scripts/build-info.sh	100755	fa9e7bacdb8cfb805ae4ad91f12791eb834e54c6	3e198b6731c4b2dccc035a579712ca756f453386b8ceec75db06961bcd7cde0a	717
implementation-candidate	61f2f2d7bc4955e9bca821095ef69125837133b5	build-or-source-lock-input	scripts/build-rdna2.sh	100644	bec4a3210ad85a08599192c1bbbd89fb7af6dc36	c45d7183ce1d36908bc00819c7ee699d952b382fd66c9937ec464b8e208ae247	225
implementation-candidate	61f2f2d7bc4955e9bca821095ef69125837133b5	build-or-source-lock-input	scripts/build-rdna3.sh	100644	800a4f2dfa2e79aa07dd17ae2b5a699d20dd4761	b47f1b0caff9a3fcbb09a60e6b0ffed78c6c1cc0026d9202c9df77decc628e55	225
implementation-candidate	61f2f2d7bc4955e9bca821095ef69125837133b5	build-or-source-lock-input	scripts/build-rdna4.sh	100644	b4b6e9dcfbbf279e024f02420f1123ee972be202	df368e0c51ed2df7b5f08f92b5163eea19eb94c9e4e5f17cc95d1e620df9c77e	225
implementation-candidate	61f2f2d7bc4955e9bca821095ef69125837133b5	build-or-source-lock-input	scripts/build-rocmfp4-rocm714-local.sh	100755	f3db187540c4786716a0bfc326f338aae9d81d52	7e26915296de1f5ba55a754a9169122ebb8ec6a2e2c0b5a88fe8134b403c12f3	8645
implementation-candidate	61f2f2d7bc4955e9bca821095ef69125837133b5	build-or-source-lock-input	scripts/build-rocmfp4.sh	100644	b03cd5542b97d68f9cf2c573d0842b5fdd621d07	d88e5c0143639e2ec9a4a367f70062d25882d970798935ef874565810e982c31	3016
implementation-candidate	61f2f2d7bc4955e9bca821095ef69125837133b5	build-or-source-lock-input	scripts/build-rocmfpx-agent-fixtures.sh	100755	ef695709e160abedc61d552703d16338fae6123d	69c882aac57ce08081209a908d918a6ee1d92f81878e41ea3e724ced0c4f4e84	2227
implementation-candidate	61f2f2d7bc4955e9bca821095ef69125837133b5	build-or-source-lock-input	scripts/build-strix-rocmfp4-mtp.sh	100755	edc0ef35bc4df01aed96e5182754c1f99bf90e46	717e9a17d160d1020f7be2e111d12c2955779eff5d94c371f50d4f1b98adafe0	2672
implementation-candidate	61f2f2d7bc4955e9bca821095ef69125837133b5	runtime-build-orchestration-input	scripts/check-release-recipe-map.py	100644	9addff8a387590554a9780d0b70a566ab14cdbe3	aa87c380cc1aa7d1a75f51edb734d3835c842d5d6615e22c9416cda1abb24470	2690
implementation-candidate	61f2f2d7bc4955e9bca821095ef69125837133b5	runtime-build-orchestration-input	scripts/check-requirements.sh	100755	da2357d76c7a660febb79f1024f14074825f7b7b	73b7e2262b384422ba9d7daef4b49a25eb931dc79f1453a3dfcb243c744c8101	4447
implementation-candidate	61f2f2d7bc4955e9bca821095ef69125837133b5	runtime-build-orchestration-input	scripts/check-rocmfp2-reference.sh	100755	9b72ad58eda009c9f103b7725a13e99f0b464a32	80de82a847014957b50cdf08274f1d2a312aecc468a0cb67489f1901782fc6ac	788
implementation-candidate	61f2f2d7bc4955e9bca821095ef69125837133b5	runtime-build-orchestration-input	scripts/check-rocmfp4-all-regression.sh	100755	c39d09e7c5018b49e8de379a96563e3a23b0e2fa	6939627dae14c35cc7d1ce03e77b84c885e745a779599d10296812ea1df03193	2279
implementation-candidate	61f2f2d7bc4955e9bca821095ef69125837133b5	runtime-build-orchestration-input	scripts/check-rocmfp4-deepseek-regression.sh	100755	252859f0bfb4ffe14dc7a203cb7d49301b1bb428	dafe897f0ce293da221a298f787a7fcb3cce8490412c4cd1d61bfb53c43b3b2d	2094
implementation-candidate	61f2f2d7bc4955e9bca821095ef69125837133b5	runtime-build-orchestration-input	scripts/check-rocmfp4-quant-regression.sh	100755	b8775206d2e254294da8d8683fdc7c811ece1e9b	ce6c5cead72bc9d6858e94dc46ba9dce82a5875250297a2a2acf245215e3b781	3770
implementation-candidate	61f2f2d7bc4955e9bca821095ef69125837133b5	runtime-build-orchestration-input	scripts/check-rocmfp4-qwen-mtp-regression.sh	100755	5b699cf23f122c36add73efb356cbebbbb922c19	53abb3aae67a378ca7e29c9246d7d7995d10e19361eb080924bd05bef46f7736	5205
implementation-candidate	61f2f2d7bc4955e9bca821095ef69125837133b5	runtime-build-orchestration-input	scripts/check-rocmfp4-qwen35-a3b-mtp-regression.sh	100755	c472bbdb52ff304a4bd3c006df0afb6c66679f64	c607e0059735a3ec95bc006ac0a4e9c2e611c02edbd742aa45f5636fba732831	832
implementation-candidate	61f2f2d7bc4955e9bca821095ef69125837133b5	runtime-build-orchestration-input	scripts/check-rocmfp4-rocm-cpy-regression.sh	100755	885a4c5bfd347d8b2eabfd4d70e047aefefaebd7	976afe3668121cb96a4f6129b208d2c6990f0cc8137b5668e26fe823aeea56f8	3099
implementation-candidate	61f2f2d7bc4955e9bca821095ef69125837133b5	runtime-build-orchestration-input	scripts/check-rocmfp4-rocm-fattn-regression.sh	100755	0c165562971e3a5501701c8ff040aa8603c0f331	642f73221e01356950b493720b57dde629f2ea84949710252e8fb97469056aa5	1964
implementation-candidate	61f2f2d7bc4955e9bca821095ef69125837133b5	runtime-build-orchestration-input	scripts/check-rocmfp4-rocm-runtime-regression.sh	100755	223b6420649e02d47435081df0d8c4a71efdc3a1	1f0870fb434ef7b513d317ff4e4926e07c30ef2fe884afaf45c06423a0610e6c	2243
implementation-candidate	61f2f2d7bc4955e9bca821095ef69125837133b5	runtime-build-orchestration-input	scripts/check-rocmfp4-vulkan-cpy-regression.sh	100755	9d159503064e0636a42f8f48eaa9c20a5165c4eb	eb96cc7dfde5d5427dec38f080ed22dc6aa9521ffcae94a531e94714bc14006e	3472
implementation-candidate	61f2f2d7bc4955e9bca821095ef69125837133b5	runtime-build-orchestration-input	scripts/check-rocmfp4-vulkan-runtime-regression.sh	100755	08dabd5752379de3db5ab560195a548e8166acca	fa190de70fed7028f4f291c750f18767d3178fa0730125ace5c860745c2bfd35	2282
implementation-candidate	61f2f2d7bc4955e9bca821095ef69125837133b5	runtime-build-orchestration-input	scripts/check-rocmfpx-agent-json-grammar.sh	100755	16cc7974d4c9e742fb6c46c6fa8dda1ee9439dcb	19c35d4b48b787cad559d3025e9b757bdf2bc691558fd57a0f31948aa83b0974	2668
implementation-candidate	61f2f2d7bc4955e9bca821095ef69125837133b5	runtime-build-orchestration-input	scripts/check-rocmfpx-agent-json.sh	100755	91a5027b330a5ec654c45edbe6c43ab9db1f51e1	15f4c27c13e42de505b1c858e04cd0633b5ae4a8d19e3f7719a90864d1111720	3225
implementation-candidate	61f2f2d7bc4955e9bca821095ef69125837133b5	runtime-build-orchestration-input	scripts/check-rocmfpx-agentic-smoke.sh	100755	21af9a670fee2f71d9ea524b191205ade0c6084f	fbad89a26454dc92ac0af89f3ca94e1640b54111c4a4aa9266ce29c008e62190	6811
implementation-candidate	61f2f2d7bc4955e9bca821095ef69125837133b5	runtime-build-orchestration-input	scripts/check-rocmfpx-all.sh	100755	167d4b4de5905475555d60735a7941bd4f8c39eb	dfe880b3ab1f03272c37a77f3ff6a23648382f210f9b05e6a4b1351d1dd98936	988
implementation-candidate	61f2f2d7bc4955e9bca821095ef69125837133b5	runtime-build-orchestration-input	scripts/check-rocmfpx-eagle3-smoke.sh	100755	ed0f17923ebc820ad701a16364655d1731a1d49d	305096bcc4f44f37fbd72059abfe854916f5d05714029736aab512a0db73eaa7	2501
implementation-candidate	61f2f2d7bc4955e9bca821095ef69125837133b5	runtime-build-orchestration-input	scripts/check-rocmfpx-hermes-smoke.sh	100755	c6300855f5676766ef32461aaa6ac70c2ec22b7f	4570c7c80a58eec1827ba9473c82c43590aa3a7b944f5ddabf65652701d88926	2570
implementation-candidate	61f2f2d7bc4955e9bca821095ef69125837133b5	runtime-build-orchestration-input	scripts/check-rocmfpx-kv-cache-fp3.sh	100755	f78a86c33b53092a3e48c2159e3c9c155d8435b2	371e4ad4127afdf3c2841b7dac9a50f77c10a3fd9b6c83c8f2835eb6742788df	3586
implementation-candidate	61f2f2d7bc4955e9bca821095ef69125837133b5	runtime-build-orchestration-input	scripts/check-rocmfpx-long-context-smoke.sh	100755	60b3dd183a70f54a4fc3eb7172ccf11b7126d720	3a4ccb7948ec9ea04e484aa6f330784a5d15b14bd1231d6821c31ef0f3362dad	2600
implementation-candidate	61f2f2d7bc4955e9bca821095ef69125837133b5	runtime-build-orchestration-input	scripts/check-rocmfpx-minimax-smoke.sh	100755	f94d85202f0c3dfc4b8a8e98bdc885028abca4ff	f7b850f348f943f1e0e0a05619697e72e5a256350ed958d20280ff2c9d82ac63	1439
implementation-candidate	61f2f2d7bc4955e9bca821095ef69125837133b5	runtime-build-orchestration-input	scripts/check-rocmfpx-model-capabilities.sh	100755	57b68134997a5c37b3b5355b440f9064025dee55	f3d240f9a504ef6ba8dcb0805e5a5a96c545ce932740056fb3f6f0403044aa8a	3743
implementation-candidate	61f2f2d7bc4955e9bca821095ef69125837133b5	runtime-build-orchestration-input	scripts/check-rocmfpx-moe-routing.sh	100755	6291c234db8503e306268e64f194441bb522f806	a1f403f7367873785a21664d7478af3a460a6abc2fc8f464eca5cdcf3da8a169	2217
implementation-candidate	61f2f2d7bc4955e9bca821095ef69125837133b5	runtime-build-orchestration-input	scripts/check-rocmfpx-mtp-smoke.sh	100755	ee0e864ad54b7e5f738224d9bb411f7c506f20af	1c35f17daea75197b548d1d816d9f595df150caa90f5f6ba4bc3bbe20ebe3344	2913
implementation-candidate	61f2f2d7bc4955e9bca821095ef69125837133b5	runtime-build-orchestration-input	scripts/check-rocmfpx-openclaw-smoke.sh	100755	c69e674cf1034751d385efff67137a830baf346d	a91bf9f386aef580eafb6135154e952b91d939f344af98d0ce6fe29dc1b9ae89	2605
implementation-candidate	61f2f2d7bc4955e9bca821095ef69125837133b5	runtime-build-orchestration-input	scripts/check-rocmfpx-qwen-all.sh	100755	e1fa7c406f7e51dee81a8b05cf06c5b2e5dcebb9	c484c4f5924ee3ca77c9a2eb6d22e28a61facc1f09639f19aca3413e7f35df0e	755
implementation-candidate	61f2f2d7bc4955e9bca821095ef69125837133b5	runtime-build-orchestration-input	scripts/check-rocmfpx-qwen-bench.sh	100755	772bedb18edac0a8f954b9c9710b2d935c3e2d39	4a538c61d5aa6678d74416028549d0acdde2c3b936412304e864f5c614bced14	1227
implementation-candidate	61f2f2d7bc4955e9bca821095ef69125837133b5	runtime-build-orchestration-input	scripts/check-rocmfpx-qwen-coherency.sh	100755	68bc0f4ed42d124b845a04a553078ad4a4fba32c	fec886bb1b45bf11a0b4b5608a97ae06b09dc0e5944c8e3eda26125c44adcb6a	3573
implementation-candidate	61f2f2d7bc4955e9bca821095ef69125837133b5	runtime-build-orchestration-input	scripts/check-rocmfpx-qwen-large.sh	100755	0f2a3c76e5b794689c8fa4819911abf740af477a	26038a521d690e7e408cc008f47364f6df66f4d96a83ef9219afd7b83408c65f	2305
implementation-candidate	61f2f2d7bc4955e9bca821095ef69125837133b5	runtime-build-orchestration-input	scripts/check-rocmfpx-qwen-strict-json.sh	100755	e360a611b65cc990946d0e3e74918a11ec4d4e0e	7b67fd7eaf79a1f4fca125feaf9fe2c2889f172fb07b04b7e6cd1e0a50da0377	1722
implementation-candidate	61f2f2d7bc4955e9bca821095ef69125837133b5	runtime-build-orchestration-input	scripts/check-rocmfpx-ranked-policy.sh	100755	230c155ba98fff88173a7e9f30ccdb8b946fb9b7	9ac3cedfa3bd5f2b6ade55707561cb7ba73c3c72e181caf24e2369dda81a50c9	1585
implementation-candidate	61f2f2d7bc4955e9bca821095ef69125837133b5	runtime-build-orchestration-input	scripts/check-rocmfpx-reference.sh	100755	0f4856a1cd0a4eb748cc96e8f73dce586e1a2109	b7e2e3c9d4aa3716be8cb9e6d005a18f7c69b8c34a648893d96cb8a34e3f10c7	519
implementation-candidate	61f2f2d7bc4955e9bca821095ef69125837133b5	runtime-build-orchestration-input	scripts/check-rocmfpx-spec-decode-all.sh	100755	a3915a582e59df881250a12c8792a5479ae102b8	5dc346578f97491eb9fd3ac30aa4927c15ef4aeace14b767b13c2e80f2e6b0d5	1594
implementation-candidate	61f2f2d7bc4955e9bca821095ef69125837133b5	runtime-build-orchestration-input	scripts/check-rocmfpx-speculative-smoke.sh	100755	dc3592fa293a54c3bf7b0cde5511b455dc363406	cec174aad7ae6e55eb7b860289490ac35e5e7138f8b994ee1d96ae5bc9df1792	2828
implementation-candidate	61f2f2d7bc4955e9bca821095ef69125837133b5	runtime-build-orchestration-input	scripts/check-rocmfpx-summary.sh	100755	11c6c2ca923957b4cc8781caab4a6122c57b1f32	969765ceaebbef8a261b25085d58c63580391a7982b0dd97c07fade874f668f8	3359
implementation-candidate	61f2f2d7bc4955e9bca821095ef69125837133b5	runtime-build-orchestration-input	scripts/check-rocmfpx-tool-calling.sh	100755	6fc0f21b7ca33b9c2fd9a8776d41a82f879c0579	9975fe866241091ab286b31062a03f09cfebeec23d442b5fe3919b6aa83a91b0	2775
implementation-candidate	61f2f2d7bc4955e9bca821095ef69125837133b5	runtime-build-orchestration-input	scripts/check-step37-mtp-gguf-metadata.sh	100755	344b6ab2a18b2d823941f77f5613706cf91d72e3	aae82861b41d22afb6df2daa9ba7cb98bdbe0a3e7204f075035862f73223d6a5	2047
implementation-candidate	61f2f2d7bc4955e9bca821095ef69125837133b5	runtime-build-orchestration-input	scripts/compare-commits.sh	100755	1802d6e5ef9f0d72ca8ac51b32217c34379f8b4f	a1048b31e74bf7b60a537fef6ec4a02d6855c59849c0e75dbe55f1a8a08d4388	1798
implementation-candidate	61f2f2d7bc4955e9bca821095ef69125837133b5	runtime-build-orchestration-input	scripts/compare-llama-bench.py	100755	5a6cc7dbb134160b1165d9405a1fa290100a7ca8	f556c71666b8097c7c95c45b66af4adecee91e9f81a74baa8111d51dbefa9420	46201
implementation-candidate	61f2f2d7bc4955e9bca821095ef69125837133b5	runtime-build-orchestration-input	scripts/compare-logprobs.py	100644	ac10085b788e80555a8fa0fb35389a311ae3d239	2c08992c8015cb38a901250cac4a6beb4f3c3db5c390efd2ddd3abd05208eb4a	9459
implementation-candidate	61f2f2d7bc4955e9bca821095ef69125837133b5	runtime-build-orchestration-input	scripts/convert_deepseek_v4_modular.py	100644	1efae44f0e163079f972108abd9de04c103ab7bb	d3de0ce8c54024af6b779245757119e303da2d6bbcae86bcd24ba209dfd2c601	1743
implementation-candidate	61f2f2d7bc4955e9bca821095ef69125837133b5	runtime-build-orchestration-input	scripts/create_ops_docs.py	100755	e3a476a1a13ffbad21527ef0587ec197f078d67a	fbc9fd162663ad0e362a04204c1a98401209720e3cd7aa188d44a73e0fcb9eda	6921
implementation-candidate	61f2f2d7bc4955e9bca821095ef69125837133b5	runtime-build-orchestration-input	scripts/debug-test.sh	100755	ead7ea15d14b45bfd1520c894732d4fb791e119f	e29b1cad2656c1e5bd82d29dd90608e2ac6d2c7b00ab35f97109425b0376a5f3	5080
implementation-candidate	61f2f2d7bc4955e9bca821095ef69125837133b5	runtime-build-orchestration-input	scripts/fetch_server_test_models.py	100755	f43d1f63cdc7ecca90bc20ac2dd1a11bf0c54e2c	170087eb9d4e81770a73127783775735d0c38c5df2ae865b869298eb6c65a52d	4025
implementation-candidate	61f2f2d7bc4955e9bca821095ef69125837133b5	runtime-build-orchestration-input	scripts/finalize-step37-mtp-rocmfp4.sh	100755	5b8151a3b905f0730b4d37608d860107f38627ff	81112637d5bded43a2424e77625a696aa3711395633fdd037c6059b624ff136a	1830
implementation-candidate	61f2f2d7bc4955e9bca821095ef69125837133b5	runtime-build-orchestration-input	scripts/gen-authors.sh	100755	73e7b386f97f2a77f500146e4b9f47d01836ff00	3d9f4568c55cfb5d79e2388f33a3da91dcca5c797a72fd5737ee1a5bf450acef	345
implementation-candidate	61f2f2d7bc4955e9bca821095ef69125837133b5	runtime-build-orchestration-input	scripts/gen-unicode-data.py	100644	0fa78b22ec90348e503a901563b53213ca6a2381	1263a483de7fc2b00e4a04a6dd9ef8fe7029f208aa692365b63d43551a7808e5	6414
implementation-candidate	61f2f2d7bc4955e9bca821095ef69125837133b5	runtime-build-orchestration-input	scripts/get-hellaswag.sh	100755	0b161141f46555fca7b0edd49bfb8272e847288f	fd88558dfd3879d6072c709f19581f683b07eae07e2f0fd81a3e687c31884cb3	661
implementation-candidate	61f2f2d7bc4955e9bca821095ef69125837133b5	runtime-build-orchestration-input	scripts/get-pg.sh	100755	f180bf8340241294bf310671338a6c1816b4bf7b	54c349a1b4ba8019d7fe7a8fe1b033325d73486c387025189b005077f6cd30be	1396
implementation-candidate	61f2f2d7bc4955e9bca821095ef69125837133b5	runtime-build-orchestration-input	scripts/get-wikitext-2.sh	100755	bd03ad35263e033bb96c8cd31314ccc422ebddb7	0d09ae33d5473a0b406332ccd1a41e24e09dced9c6ab97388ebaa9729259bd48	745
implementation-candidate	61f2f2d7bc4955e9bca821095ef69125837133b5	runtime-build-orchestration-input	scripts/get-winogrande.sh	100755	bfa0d2ef0b237651ac47f4e3ce6aab0fc614b7a2	0e6021f3424d937961d87704b36240b46167e2e4f6118d2763fae79ce1f17513	684
implementation-candidate	61f2f2d7bc4955e9bca821095ef69125837133b5	runtime-build-orchestration-input	scripts/get_chat_template.py	100755	b4827b317e1c934b359388a578b534f114bdc282	5161a4c0c644a7e326a144a55f2e9b2b3aab562bf787e139cc0a8f99fa90f90e	2866
implementation-candidate	61f2f2d7bc4955e9bca821095ef69125837133b5	runtime-build-orchestration-input	scripts/git-bisect-run.sh	100755	cd1b8c104c4c461dd5c64ca26f34779bb7e29963	5fb7bf323516a18fdde58903d41cb6edcf6a43fab01b4809dfba21420008e857	407
implementation-candidate	61f2f2d7bc4955e9bca821095ef69125837133b5	runtime-build-orchestration-input	scripts/git-bisect.sh	100755	3279d502e1142e418538d6118189db8c77634802	3f2f7a4d81d85d9cbcb2a38cd44505a245c445569bc95f9abd5f60dc5242c2dd	615
implementation-candidate	61f2f2d7bc4955e9bca821095ef69125837133b5	runtime-build-orchestration-input	scripts/hf.sh	100755	e41b9053afdf244004acb23f0b1024e8397b6a44	ad38d61cb75d5a783f9ef29a3aafe670b5d93fea8c1ca87221f0ccf04d506493	2311
implementation-candidate	61f2f2d7bc4955e9bca821095ef69125837133b5	runtime-build-orchestration-input	scripts/hip/gcn-cdna-vgpr-check.py	100644	0b007125405745047c007c5a90810b01194194e0	625b756c32baa4a4bab949f33bf0fd408e86625229fb410f9f15c54e5c4b4252	16911
implementation-candidate	61f2f2d7bc4955e9bca821095ef69125837133b5	runtime-build-orchestration-input	scripts/jinja/jinja-tester.py	100755	a83f025411ae74f1902497e418792bca0b9deaf6	24992cb769ffe74260a682e94b822ef88827c25b170cd373c5c7a5a212de15e2	18887
implementation-candidate	61f2f2d7bc4955e9bca821095ef69125837133b5	python-dependency-input	scripts/jinja/requirements.txt	100644	253685b61566fd0c26c813c97ebeedd2552c78c3	51f5f1bc6f8062c2c2e25b6c1e0d689f3a905b83e2541606b99e85cb330533d9	15
implementation-candidate	61f2f2d7bc4955e9bca821095ef69125837133b5	runtime-build-orchestration-input	scripts/pr2wt.sh	100755	ae03a888cb64ce70406068afe8c066dd4a2034dc	db20cf9a421ad907d275609d30fb40b4a730188a50900fede944f99b69d93f37	2388
implementation-candidate	61f2f2d7bc4955e9bca821095ef69125837133b5	runtime-build-orchestration-input	scripts/profile-rocmfpx-rocm-bench.sh	100755	a3780462ad22f02d1c06b4a6483dde93739abd56	e28941ae0c12ebf3f4f988a8ecee31793a052d93ee2a722272f332737b66b849	1953
implementation-candidate	61f2f2d7bc4955e9bca821095ef69125837133b5	runtime-build-orchestration-input	scripts/quantize-rocmfpx-agent.sh	100755	1d399d05d0cc0a81b0d3acb5f6802b1ad3a30dfe	dcb8434061f64963202817312b01ea7058f74dbb443e306355a23e158ba2c899	5842
implementation-candidate	61f2f2d7bc4955e9bca821095ef69125837133b5	runtime-build-orchestration-input	scripts/quantize-rocmfpx-from-kquant.sh	100755	16e942515ee54589eb4142978c7904f75f76e9d9	c5c4c764bbc12e77b4647f1b1048a77fb3bd01919a774b2b6cb371464a82a3f1	4936
implementation-candidate	61f2f2d7bc4955e9bca821095ef69125837133b5	runtime-build-orchestration-input	scripts/reproduce-rocmfp4-qwen-mtp-comparison.sh	100755	248be9a87e13b015bf58a646579ddb019cb4518b	4ca641542fdb786741a8b7e624bc52ffcc7af5e06b4d88c08de0bcc95f2df10f	7224
implementation-candidate	61f2f2d7bc4955e9bca821095ef69125837133b5	runtime-build-orchestration-input	scripts/rocmfp4-decode-tune-flags.sh	100644	a72a54b0b5fa2b49d67ab011dedafb9feacba465	7acd36cdb6e5ab136072653586ecaa50c76b92205a1cb3b7009d130f54340418	2978
implementation-candidate	61f2f2d7bc4955e9bca821095ef69125837133b5	runtime-build-orchestration-input	scripts/rocmfpx-draft-profile.py	100755	89615a2c38ff30abd498d3e210937a7f5bd31816	99fe75681555fbc803d4dd5375c1d19a3c16a21a34d095bb8d0611c2246c29e2	5318
implementation-candidate	61f2f2d7bc4955e9bca821095ef69125837133b5	runtime-build-orchestration-input	scripts/rocmfpx-lib.sh	100755	dca0fd136a2dbf3950b7b0e7d63317f15622dfe5	45ec29fa13623153a08a5756bdbd04139867e19f51738048e75e3240f0be2274	2857
implementation-candidate	61f2f2d7bc4955e9bca821095ef69125837133b5	runtime-build-orchestration-input	scripts/rocmfpx-model-capabilities.py	100755	9e68fd7903ce7db7038561ced63b5205ae78ad4b	a6d8083f1d1877067904e3c96f99600338bb424bdbebd277a8477f4039070a01	13527
implementation-candidate	61f2f2d7bc4955e9bca821095ef69125837133b5	runtime-build-orchestration-input	scripts/rocmfpx-production-preflight.sh	100755	1f572b3f383d6dec9abdb383e40ec5229725d4a3	86a75f73a1c47bc6f77914115556cc3aefcb588a45191cd67276baff316e3184	2758
implementation-candidate	61f2f2d7bc4955e9bca821095ef69125837133b5	runtime-build-orchestration-input	scripts/rocmfpx-ranked-policy.py	100755	811514843fe9e2b6e27156abd97b875f9749a2f3	5e5d663d610f614ca7aac4c309dc8051212f9c16c921482611789da64baa0d4a	3269
implementation-candidate	61f2f2d7bc4955e9bca821095ef69125837133b5	runtime-build-orchestration-input	scripts/run-deepseek-v4-mtp-context-ladder.sh	100755	f630a6dcd2a60cc1449c23c237bd9fa1168ed25a	c577d1bc4b813ff4b0add8acd4ccc74d9c6e327411095c80bfa0e1a795c11cbe	1160
implementation-candidate	61f2f2d7bc4955e9bca821095ef69125837133b5	runtime-build-orchestration-input	scripts/run-deepseek-v4-mtp-rocmfp4-capped-smoke.sh	100755	1089c751004f994e429b848b49b7028bb6d72741	176854b86353225392641652e967d67e51500210e755eb9f38ab7af009c3ac88	1147
implementation-candidate	61f2f2d7bc4955e9bca821095ef69125837133b5	runtime-build-orchestration-input	scripts/run-deepseek-v4-mtp-rocmfp4-chat.sh	100755	0827aaecd9a727175b9f63e67263d3d56f8ca121	c915eec31e5e48bc405d31582f9c4f40f5595814f66b03c8cfa20399db180491	4342
implementation-candidate	61f2f2d7bc4955e9bca821095ef69125837133b5	runtime-build-orchestration-input	scripts/run-deepseek-v4-mtp-rocmfp4-smoke.sh	100755	796cc274d39478d4523aa65207c78842a38c9e30	293855e9c06db7d3946998c9214b51aa5a72b269b9de9dc3d34d0731c36d8979	4919
implementation-candidate	61f2f2d7bc4955e9bca821095ef69125837133b5	runtime-build-orchestration-input	scripts/run-deepseek-v4-rocmfp3-pipeline.sh	100755	9ae51f76281a2206a43ccc41ad566fa85a69406f	db12fd31c1e6cef62a56c734700d9b4763761aac37579a5744202090ce2b1404	2522
implementation-candidate	61f2f2d7bc4955e9bca821095ef69125837133b5	runtime-build-orchestration-input	scripts/run-deepseek-v4-rocmfp4-fixture.sh	100755	3b7329a757c8150499448eb19e02e1285455d086	926b3f121b3e308023dc99e6de7b5ff0740881f9d8475eef47546d8edf850a61	3800
implementation-candidate	61f2f2d7bc4955e9bca821095ef69125837133b5	runtime-build-orchestration-input	scripts/run-deepseek-v4-rocmfp4-full-conversion.sh	100755	8c4024f611438560805d27bc0dc5c8a374a92a2d	c7ac5384bea3751267035f0dbaa9ee4958f55ef20b59bbfaeec19713eeefd958	3572
implementation-candidate	61f2f2d7bc4955e9bca821095ef69125837133b5	runtime-build-orchestration-input	scripts/run-deepseek-v4-rocmfp4-smoke.sh	100755	6e66f1e7f5840b40cfebd1bd9987f46368abb782	2d22bea4f61dabb282a2c60c4be4f3aa3336306887842d397c644dd66a829ec6	3654
implementation-candidate	61f2f2d7bc4955e9bca821095ef69125837133b5	runtime-build-orchestration-input	scripts/run-qwen36-27b-benchmark.sh	100755	9695f119672a1045ce2ee352dad0ccba838a75ba	fd4b1f835e4b1d04d82d64e935ff336b5d364b3d2d8dc951c639a471872d2a3a	8604
implementation-candidate	61f2f2d7bc4955e9bca821095ef69125837133b5	runtime-build-orchestration-input	scripts/run-qwen36-27b-dflash-rocmfp4-batch16.sh	100755	2dc4e1da6f5e3b9225d3c1820863dbdddeb5eee2	136f54df25424dbe347807ca9d55cbeff2cd65c923f581ed78e51d15c0e9f97a	6909
implementation-candidate	61f2f2d7bc4955e9bca821095ef69125837133b5	runtime-build-orchestration-input	scripts/run-qwen36-q4km-vs-rocmfp4-benchmark.sh	100755	e676224d2660bbde8dfb3ff94bb73ef13e952b65	0647537f1c8730a7b85d059f33c2f211a4f7a5f980fab2e4ea07f770fe0aeb2b	11026
implementation-candidate	61f2f2d7bc4955e9bca821095ef69125837133b5	runtime-build-orchestration-input	scripts/run-rocmfpx-mtp-server.sh	100755	52ec1a18c71b72658b2e81330a5b82be672324e7	e3f4feece341633c52882419c3e918c97f3a15362e18d246286effa8dc2646e9	9073
implementation-candidate	61f2f2d7bc4955e9bca821095ef69125837133b5	runtime-build-orchestration-input	scripts/run-rocmfpx-turboquant-asym-server.sh	100755	0a01c07d05052f0f456e45a9e0ce314f781edd59	7d11780827e8f016a41075ff58d0fa0fefe79f48f63de6d5df4f152ba4069d4a	889
implementation-candidate	61f2f2d7bc4955e9bca821095ef69125837133b5	runtime-build-orchestration-input	scripts/run-step37-mtp-context-ladder.sh	100755	5501ad583a611216ccb9086c55ee6b5cd17ef8f6	88d2d305293d8cea846475d19fbbe116acafea5011726b6d1ac5878a0dfe3b5f	3378
implementation-candidate	61f2f2d7bc4955e9bca821095ef69125837133b5	runtime-build-orchestration-input	scripts/run-step37-mtp-long-prompt.sh	100755	099ca4162b2ac529a72efd16e825f3746fbc3760	7a3133ea766f3c0534a02ba8745a19c9591623f74a928a6c56faea344900911e	4166
implementation-candidate	61f2f2d7bc4955e9bca821095ef69125837133b5	runtime-build-orchestration-input	scripts/run-step37-mtp-rocmfp4-chat.sh	100755	a2193559044f08b2a3461e772928bb2c4e76f5cf	65f5e79e2c6728273eab5ed339718c63d929e36f08381b2cf6acfdbe06410ebf	2439
implementation-candidate	61f2f2d7bc4955e9bca821095ef69125837133b5	runtime-build-orchestration-input	scripts/run-step37-mtp-rocmfp4-smoke.sh	100755	4b8c2fb64fa2f388be87997af3e1cc14389403d5	67c581b7502ff54765faaef0be8eaa58223ebc4f44b2cc2b41df57b4b89b3d1c	3859
implementation-candidate	61f2f2d7bc4955e9bca821095ef69125837133b5	runtime-build-orchestration-input	scripts/run-step37-mtp-speed-matrix.sh	100755	37fcb6bce69981ed0c093825e4b73d2fa403b3c4	27609d861eee9ca15756ce0552ad340f9b7b6cb18991b5c8b6427ecd7ea594b4	5055
implementation-candidate	61f2f2d7bc4955e9bca821095ef69125837133b5	runtime-build-orchestration-input	scripts/server-bench.py	100755	1b557a495a51df9782a42983538b9913382d4a78	b03f317d0b2e47e69a37621308f91dcde86a82cf2f28e2fb814e27d14c966c46	13605
implementation-candidate	61f2f2d7bc4955e9bca821095ef69125837133b5	runtime-build-orchestration-input	scripts/server-test-function-call.py	100755	c32f17b5e3bf00316d1e81d168817f5848e05623	226fd90cba1b9931bab8807d65793d8932bf4ee9784531aaf3db9be3129eaa3d	39021
implementation-candidate	61f2f2d7bc4955e9bca821095ef69125837133b5	runtime-build-orchestration-input	scripts/server-test-model.py	100644	9049d80279ae00155c32258828db1a00194cfd21	0563a39c42bb5e15ed0ee8323380f4c33ec591498278beb477a4c3465cf91cf9	8007
implementation-candidate	61f2f2d7bc4955e9bca821095ef69125837133b5	runtime-build-orchestration-input	scripts/server-test-parallel-tc.py	100755	a166c6d720814bb42fc83882b29aa0b08e821e52	d20d24672fb95564c606e793c17d120abcd8a633f16bde92a1b4f4fc2996c028	32928
implementation-candidate	61f2f2d7bc4955e9bca821095ef69125837133b5	runtime-build-orchestration-input	scripts/server-test-structured.py	100755	da217fc46c86e82e62430fdd3a4ff6e2d1a0e1fa	bca9355fe3a7239623f180366ddea0ea82bc6dbc0da66bc6956a2630c9cf1407	36429
implementation-candidate	61f2f2d7bc4955e9bca821095ef69125837133b5	runtime-build-orchestration-input	scripts/setup-rocm-7.2.1-rpath-local.sh	100755	a9ee58c8b73c6851bc63850e8389e08396ab51e1	f63a3fd03481810cba8a338ba3c68a84a547fa5ec717a30b7fca2f2552e0429d	3845
implementation-candidate	61f2f2d7bc4955e9bca821095ef69125837133b5	runtime-build-orchestration-input	scripts/snapdragon/adb/run-bench.sh	100755	27459df241b11c3396872f60d1d8deb523893365	53702b63e74ed778c987cdda4d54a4e5b5d99e494d7ba57269ef3294b27e9005	1133
implementation-candidate	61f2f2d7bc4955e9bca821095ef69125837133b5	runtime-build-orchestration-input	scripts/snapdragon/adb/run-cli.sh	100755	3f89a7777c6ee6c06bb9dbfc7fc3e6241480517c	82a4ab1f17ea6e4a7e870f9f33a91a946fc642b03bc538478585e29cea288ed1	1846
implementation-candidate	61f2f2d7bc4955e9bca821095ef69125837133b5	runtime-build-orchestration-input	scripts/snapdragon/adb/run-completion.sh	100755	1b904c77b3f40e2ee789e40eaae4606b7508250b	d07943477b06f98534c440dbe1087608849afd1850628c0c000d52c6ff523395	1756
implementation-candidate	61f2f2d7bc4955e9bca821095ef69125837133b5	runtime-build-orchestration-input	scripts/snapdragon/adb/run-mtmd.sh	100755	38467beba3d06d78d1161b20a01594742ae0fa89	1a3bd2dfebf1301076d0db4f83fccdc6a89beeb56cf540eb4302102128b35b16	1884
implementation-candidate	61f2f2d7bc4955e9bca821095ef69125837133b5	runtime-build-orchestration-input	scripts/snapdragon/adb/run-tool.sh	100755	27cbb2b6d05e428bcdf92b295f4745632aab6a83	91bf80beb03e8290d9cac9aa1982aea78b2998cf752aac3e4340f79003b1eaa0	1045
implementation-candidate	61f2f2d7bc4955e9bca821095ef69125837133b5	runtime-build-orchestration-input	scripts/snapdragon/ggml-hexagon-profile.py	100755	3edaacd2749d2fe68c25f75fa79589711a13dd15	7555f63daf16f161e9a8e2d917e0e8a0d7f48f9449745530a2ecefee7c646f1f	7143
implementation-candidate	61f2f2d7bc4955e9bca821095ef69125837133b5	python-dependency-input	scripts/snapdragon/qdc/requirements.txt	100644	5e0f85917e3ce1464f492b79af7167a6222dc874	0ba8b3f89b4a87ddcda5f6a63fc2d428f8cbab07b73c1d42de2683446660d970	388
implementation-candidate	61f2f2d7bc4955e9bca821095ef69125837133b5	runtime-build-orchestration-input	scripts/snapdragon/qdc/run_qdc_jobs.py	100644	b4eede3d019f118dedaff4897352778c4710510f	262ede6585d4e1833a8ff9ad2141eacc3550b9cc4ab509d633b0b9e22c84b52d	14890
implementation-candidate	61f2f2d7bc4955e9bca821095ef69125837133b5	runtime-build-orchestration-input	scripts/snapdragon/qdc/tests/conftest.py	100644	0fc5b3e5fa7ca4027a9b7322faa1d28b2d491976	d8db0560ff8a85c8472174d8594198dae4b8eeaa6c79e5ddfbec7f3618ed9988	562
implementation-candidate	61f2f2d7bc4955e9bca821095ef69125837133b5	runtime-build-orchestration-input	scripts/snapdragon/qdc/tests/run_backend_ops_posix.py	100644	958fc0747623873275421940941ead0b32c90ab2	bb0cb5c24a2853668357b9a4fa1e581e35570574a3bbdc8c1354852a792f6058	1321
implementation-candidate	61f2f2d7bc4955e9bca821095ef69125837133b5	runtime-build-orchestration-input	scripts/snapdragon/qdc/tests/run_bench_tests_posix.py	100644	44802c3136aa494511438ddd8a5bb10b5f398f69	389419e3de811cb04e48177ddb29bfca65e8514a484ba44aed52be6333f65edc	2665
implementation-candidate	61f2f2d7bc4955e9bca821095ef69125837133b5	runtime-build-orchestration-input	scripts/snapdragon/qdc/tests/utils.py	100644	00f0f1b2f917b8f155667aa6f34d3ec9734e19c2	4432ccee5434492738c5164c3f3edda938353b3fba92e71f82df24d683a4a9c9	3378
implementation-candidate	61f2f2d7bc4955e9bca821095ef69125837133b5	runtime-build-orchestration-input	scripts/snapdragon/windows/run-bench.ps1	100644	8bf6939d2c00dbce25d14a8abdb60c5426a4da2a	c6b74097f5f4349f5c366ce4b5f9c86bda882468b55ea3f68de7755b9bb41dde	874
implementation-candidate	61f2f2d7bc4955e9bca821095ef69125837133b5	runtime-build-orchestration-input	scripts/snapdragon/windows/run-cli.ps1	100644	104452f9ba729fc2733ff90b7924e022d26fb33f	48f7e27d25287dd17af6e3f8b5e14756e306d056fac11780f7cbccd4c5b84a7a	997
implementation-candidate	61f2f2d7bc4955e9bca821095ef69125837133b5	runtime-build-orchestration-input	scripts/snapdragon/windows/run-completion.ps1	100644	5841a82fa991cc08f5bbe8b79aacf2244d61849e	9149d6aa9a8835c4f810b1cc68e01d81b6f78bd701b8738d48b15060d0cc8a2d	1011
implementation-candidate	61f2f2d7bc4955e9bca821095ef69125837133b5	runtime-build-orchestration-input	scripts/snapdragon/windows/run-mtmd.ps1	100644	be817875142075db8ed1a45cc772213bb353ff9d	9f0e78a9d45dd64af5d8565c7a6029463a71beb039f7b184d8163f5c035cb31e	1304
implementation-candidate	61f2f2d7bc4955e9bca821095ef69125837133b5	runtime-build-orchestration-input	scripts/snapdragon/windows/run-tool.ps1	100644	15c880f2dbdf08bd6158d4cc567c7952ec17a1c8	350b0906548d296aace8e499087ac5a3581b20c4720654ecb09e9db485fb9199	981
implementation-candidate	61f2f2d7bc4955e9bca821095ef69125837133b5	runtime-build-orchestration-input	scripts/snapdragon/windows/setup-build.ps1	100644	0f3244cc9d27e8002b91886fbc66d345f1ed6d73	05c83ed19faf683e8eb2589081c26a917275f61df60fc966f5cf9b1182548257	4157
implementation-candidate	61f2f2d7bc4955e9bca821095ef69125837133b5	runtime-build-orchestration-input	scripts/stop-deepseek-v4-mtp-rocmfp4-chat.sh	100755	4d0d9df2b6bd65a9da1cd12b9e714c00fc6c8970	fbcd7fb79c991e1acc591399e138ce366731d0b906d9cfde20b5747385c28e6a	1146
implementation-candidate	61f2f2d7bc4955e9bca821095ef69125837133b5	runtime-build-orchestration-input	scripts/sweep-rocmfp4-prefill-mmq.sh	100755	0e3effb2c6ad5b0bb0f144e51678ef9ba17b79c6	c86016ecefc14e29c2b62c0e2b0a9536ece5346ec36e5bbec62d6f31ae1b805f	4608
implementation-candidate	61f2f2d7bc4955e9bca821095ef69125837133b5	runtime-build-orchestration-input	scripts/sweep-rocmfp6-competitive.sh	100755	4763d2aabda433aceb846556293c95438d7618d9	4b6b49ff2e8501cc45722acbd6937a06ac25632f83eb83228ff114965d0ec337	5494
implementation-candidate	61f2f2d7bc4955e9bca821095ef69125837133b5	runtime-build-orchestration-input	scripts/sweep-rocmfp6-kernel-tune.sh	100755	7d58cda76b43b5a34a46992a8e241e0980bf4f69	c92c0d404d3ca3d22e3dce959b4bb315fec3d663cb4da0b563478c1cccc15b0e	4408
implementation-candidate	61f2f2d7bc4955e9bca821095ef69125837133b5	runtime-build-orchestration-input	scripts/sweep-rocmfpx-agent-routing.sh	100755	a0076c5379d2f1ad8f7635a773d9826ea0e06226	d92d57d7f170be1bdb3ec8a8e686c62b43abfda78707ad2c5b19384786eb4b7d	3116
implementation-candidate	61f2f2d7bc4955e9bca821095ef69125837133b5	runtime-build-orchestration-input	scripts/sweep-rocmfpx-agent-size-table.sh	100755	eeec5a481d869e4b18fb2298c554e1cde25bed7a	5cc03c492ed873f28f35389fdb38b9f75d04b85634108c239efae2d87e8f7f3f	2391
implementation-candidate	61f2f2d7bc4955e9bca821095ef69125837133b5	runtime-build-orchestration-input	scripts/sweep-rocmfpx-backend-ops.sh	100755	3f73a2d69c294c4b33a81b095b3b25592508d32d	f84f15a0421625345a4001775ff34d729b403b107f144462ccfff1396607144e	1939
implementation-candidate	61f2f2d7bc4955e9bca821095ef69125837133b5	runtime-build-orchestration-input	scripts/sweep-rocmfpx-decode-tune.sh	100755	2f98cb38dadb8cdd9d81ce48070cde34c97ab61b	de7202f538120a6077c6f4bed337b04f3d876367b66e42238de55f0c7e368f2d	2582
implementation-candidate	61f2f2d7bc4955e9bca821095ef69125837133b5	runtime-build-orchestration-input	scripts/sweep-rocmfpx-perplexity.sh	100755	01470d6e180e1ac920f8769b7471c83903c29f2c	a36d888cadcfb5dcdbfd0e6ac8c9a66a13ed27f7c6d1557f3383d1f011e9acc2	3329
implementation-candidate	61f2f2d7bc4955e9bca821095ef69125837133b5	runtime-build-orchestration-input	scripts/sweep-rocmfpx-rocm-ai-speed.sh	100755	cd8b6a9d97f3a76605a9ff98e5d3e0ad9059735c	c76aec5b539d071cd7f4e1f87f649c969216dd515ebc22673efaeec3de34385b	4841
implementation-candidate	61f2f2d7bc4955e9bca821095ef69125837133b5	runtime-build-orchestration-input	scripts/sync-ggml-am.sh	100755	826c560cd883a8f20c9a33a52ce51e09e8dcadfa	aa976c4968842681ee75d8296da17fa4fcad2d864c2ad441431fdc0b39924ac2	4617
implementation-candidate	61f2f2d7bc4955e9bca821095ef69125837133b5	runtime-build-orchestration-input	scripts/sync-ggml.sh	100755	2da9b578915826fff94387cf884da008681969fb	d9aca1142dd3e5ab8646e691cdfdd4f6e5120dfe232b13799b9b1beae8298385	788
implementation-candidate	61f2f2d7bc4955e9bca821095ef69125837133b5	runtime-build-orchestration-input	scripts/sync_vendor.py	100755	402d7bbad3362e91901924831b39cb452123a8d9	03781b5f98ba8969659eecbff40ee996da0dad4720624bcc513556a68dea7df6	1782
implementation-candidate	61f2f2d7bc4955e9bca821095ef69125837133b5	runtime-build-orchestration-input	scripts/tool_bench.py	100755	d9f5583d4a561ff773c1cd6638d338c1be8890ef	f91dd61072ba4c1a5b48eaea2a521643cd090ca6c004559358c45e7adf21695c	14961
implementation-candidate	61f2f2d7bc4955e9bca821095ef69125837133b5	runtime-build-orchestration-input	scripts/tool_bench.sh	100755	05b41d2f1fafb97eb53a096df894a476f743eaef	cdffafc7811400293ce028830e321ab6641f4908c0ae2b3706dfa90c35ab986c	6055
implementation-candidate	61f2f2d7bc4955e9bca821095ef69125837133b5	runtime-build-orchestration-input	scripts/verify-checksum-models.py	100755	0b5b9aafaade3d25547cb633bd39c2eaf29f5199	a76122391f4e332c61f16469e5e300f1181cb4b50ea2dd757be2cc7f885046b2	2476
implementation-candidate	61f2f2d7bc4955e9bca821095ef69125837133b5	runtime-build-orchestration-input	scripts/wait-finalize-step37-mtp-rocmfp4.sh	100755	9fe54920ab509b706dc2c570f3811bca849d0e6f	80aad2df3c0e7e056b165a1be1709f1ea5e9f5ea53b2a8989e3096beeb408815	817
implementation-candidate	61f2f2d7bc4955e9bca821095ef69125837133b5	runtime-build-orchestration-input	scripts/wc2wt.sh	100755	157881b458f041394e1810860ef780edc1a6afcc	39400128bc19452c5f9d6ac829dd06147a599fc385345ac9ead7d7c2998b53a5	1383
implementation-candidate	61f2f2d7bc4955e9bca821095ef69125837133b5	cmake-input	src/CMakeLists.txt	100644	93b641eddd5287d73e7f14590ac1efbfa18b6ca1	e667aea6cd676d89cfdcb7e4a020f4a658ba360b8d83696fbf2f8ef02a16c6e2	1673
implementation-candidate	61f2f2d7bc4955e9bca821095ef69125837133b5	cmake-input	tests/CMakeLists.txt	100644	a3b7a83ca8f96088154df636909b2738410fd08e	4a36f8b9380655d2ca4ddb7d7afb1291e4514e6f567f212a60bfdfad755b7399	13756
implementation-candidate	61f2f2d7bc4955e9bca821095ef69125837133b5	cmake-input	tools/CMakeLists.txt	100644	b433c91d85eba849e290897b08c26848f77ba12d	0e471b0b077f1696a893326045a88d626159a7b6bf4c8141639f0a25bc785c39	930
implementation-candidate	61f2f2d7bc4955e9bca821095ef69125837133b5	cmake-input	tools/batched-bench/CMakeLists.txt	100644	f9ffd2d4ce70fbf1d8fb1c90b15576defd076b10	41f7481dc5e680493aaf0e3caf127d8bbdbb96533791f5516164c1b5f9ab8c30	288
implementation-candidate	61f2f2d7bc4955e9bca821095ef69125837133b5	cmake-input	tools/cli/CMakeLists.txt	100644	7e01abb81b9644511d754b40aa4ca7a2aa7ef703	0af665c052ca6b89c3f6600b85ebee9183b928821f6ebec37dc2495cacd94917	316
implementation-candidate	61f2f2d7bc4955e9bca821095ef69125837133b5	cmake-input	tools/completion/CMakeLists.txt	100644	2c7df80652c3b2c60340802c68accdfba4dd4f6f	32343744001cdb0067cf16e8bc5f754cfb7e433d777f06c6ebb43bd09b32d67c	282
implementation-candidate	61f2f2d7bc4955e9bca821095ef69125837133b5	cmake-input	tools/cvector-generator/CMakeLists.txt	100644	c0f2c2407051f8032c539bd53d6269b4136efddd	40b16b58e0ab662efc5089a4e5a6e72ef79f9adbb8e3dda892561788385b88c0	304
implementation-candidate	61f2f2d7bc4955e9bca821095ef69125837133b5	cmake-input	tools/export-lora/CMakeLists.txt	100644	b122a87523030ca43bbc55d1863d4a4296872d94	e86289a064c28bfe45ac0bcabe492157a49a73b224d123fd0a2b7d8ef8abab57	284
implementation-candidate	61f2f2d7bc4955e9bca821095ef69125837133b5	cmake-input	tools/fit-params/CMakeLists.txt	100644	25c4096633365231ffb7807ed35da70170e8ea20	e18bd367642fcf87f08d67c17d0b32d5f449d06c2b7e32be0c988b3ab77ac997	282
implementation-candidate	61f2f2d7bc4955e9bca821095ef69125837133b5	cmake-input	tools/gguf-split/CMakeLists.txt	100644	b40e07ab5aa236d3bb547ae701090b6dc7c4d0f5	82a4bacd338ebb2bf2b1f566e9fa81c6e36c64ad49b91d771e8151aec7830721	282
implementation-candidate	61f2f2d7bc4955e9bca821095ef69125837133b5	cmake-input	tools/imatrix/CMakeLists.txt	100644	361c4577d85bec2737376344658867a449142084	6c0fe64d9aa4a3712f97f24ac2cc58fe64a0aeb5caecc33c4c57473cfdfba0f8	422
implementation-candidate	61f2f2d7bc4955e9bca821095ef69125837133b5	cmake-input	tools/llama-bench/CMakeLists.txt	100644	93d6a3aa2e7fac05b6f4981f7a2352cb7c73c1b6	2cdd19234c575c0065c37d479d6ef6f4558b7a41ecdb0107bf8e7ccf5f5fcdcc	278
implementation-candidate	61f2f2d7bc4955e9bca821095ef69125837133b5	cmake-input	tools/mtmd/CMakeLists.txt	100644	3ff313ee83ecd823ee62eb21e96bff67bc78fde2	bfb22bf61ca2845d3bc94d7920f8374a0ab7bc55cbba4f597ba16b0d95bd81a2	4044
implementation-candidate	61f2f2d7bc4955e9bca821095ef69125837133b5	python-dependency-input	tools/mtmd/requirements.txt	100644	0a1f4e8647765c0c975f067221301205dc5a061f	31e133aeb7eb226f08ea5d032bf8c965e2197e34091593e2dd7c674eaab57a52	163
implementation-candidate	61f2f2d7bc4955e9bca821095ef69125837133b5	cmake-input	tools/parser/CMakeLists.txt	100644	a8df0e7e6e36541347e35fed3feca33c9000bfe3	a783ea61cf4767c2c2f92d78628a80e5f5fce86fe2326065fd946f9f2888a9a0	815
implementation-candidate	61f2f2d7bc4955e9bca821095ef69125837133b5	cmake-input	tools/perplexity/CMakeLists.txt	100644	0c194ee7f082437c8fe5204ac7d67aefd4551a69	ba8421eedc40c1309f757904a8469821a9bea439422530f97206ce8861dffc87	282
implementation-candidate	61f2f2d7bc4955e9bca821095ef69125837133b5	cmake-input	tools/quantize/CMakeLists.txt	100644	965adc0059b8d0c208597cea8aa6aa1d54fc771f	98b366a3b7cac4be2018cd00ecf4de474ede2317499cd3d5359ed594cb6d9c6b	337
implementation-candidate	61f2f2d7bc4955e9bca821095ef69125837133b5	cmake-input	tools/results/CMakeLists.txt	100644	643eb0292775f24966885a3a35945f5de65e7fcf	e1099836927d01c95d7e55a42a876f766453e743b395eabe85c08b3627d04e1e	276
implementation-candidate	61f2f2d7bc4955e9bca821095ef69125837133b5	cmake-input	tools/rpc/CMakeLists.txt	100644	20f114ad9bae2c9e745e9d9b9e754230f5365a35	92a073869e532364bc3cc811a0324e0e750f5d6b1fe16d412fe82d6d644f20a1	236
implementation-candidate	61f2f2d7bc4955e9bca821095ef69125837133b5	cmake-input	tools/server/CMakeLists.txt	100644	9778e6341575858471aa28571ce658d6f62d3d00	4ac06cdfe05d0b63080e9bfe24da2b1086ad2917b535fd4b6804823f8647da9d	6948
implementation-candidate	61f2f2d7bc4955e9bca821095ef69125837133b5	python-dependency-input	tools/server/bench/requirements.txt	100644	66ed226eda6f0cad0da494cb8bb468471318b5f4	105cc90e6706a1296b93e961f24783cc455dfbbe6c6c9acf19d1a9a524e9eee1	20
implementation-candidate	61f2f2d7bc4955e9bca821095ef69125837133b5	python-dependency-input	tools/server/tests/requirements.txt	100644	92d27e2a13c1ac218ea35a8c8280f572ca88d0ed	32437fb0818af0ed76158b87657b5c8ff054a6b2864ebd4bf51afefa6f9b3d13	139
implementation-candidate	61f2f2d7bc4955e9bca821095ef69125837133b5	dependency-input	tools/server/webui/package-lock.json	100644	bf23307b82c2489a680e9da3f11efed455149246	d230e21c6afeb80fb1016ebebdb7584695eebe323cc59a8116daae9bf4c91b19	344338
implementation-candidate	61f2f2d7bc4955e9bca821095ef69125837133b5	dependency-input	tools/server/webui/package.json	100644	2338c38402a0ad01fb85a24c646cd7ad316f21b4	a3f2beb05da7362b378e3314d94cfb131cc3b0227db32ecc5964d908b6f0f39e	3056
implementation-candidate	61f2f2d7bc4955e9bca821095ef69125837133b5	cmake-input	tools/tokenize/CMakeLists.txt	100644	1e1836575854da3c0b5d34dd4ac7e7d6c31c2e86	075b45f7115774dd35e22d1235301081ec2b298b3ed27bf414ee015ce457e9ee	277
implementation-candidate	61f2f2d7bc4955e9bca821095ef69125837133b5	cmake-input	tools/tts/CMakeLists.txt	100644	26a8bb8f2d1fb2be153f35d84926725343ce0746	66f37d1f9ba73a20bdf9a557b43b45ff34f99fd2fef9cdd2f17de6be0591d79d	268
implementation-candidate	61f2f2d7bc4955e9bca821095ef69125837133b5	cmake-input	vendor/cpp-httplib/CMakeLists.txt	100644	dbc420d837043ba0102c8b7af50209ffb43f8352	9602765b874c62a3a5a211014167cbddcec7a848d5210f560c2ce57f3d357faa	6763
implementation-candidate	61f2f2d7bc4955e9bca821095ef69125837133b5	license-or-notice	vendor/cpp-httplib/LICENSE	100644	3e5ed359a2bb16f52c383745c25f14bb7a81c9e4	4b45cbe16d7b71b89ae6127e26e0d90a029198ca5e958ad8e3d0b8bbed364d8b	1075
research-control	a5605a72768c6562241b248e268e33dc92787394	ci-container-input	.github/workflows/ai-issues.yml	100644	c762901b5ac43c284b9ff1002cace4e6e03984b4	e03ecf4919d96bd8a94864638df6ff6cd235ec4994d5c89abd825ccadbe143d2	2904
research-control	a5605a72768c6562241b248e268e33dc92787394	ci-container-input	.github/workflows/build-3rd-party.yml	100644	642d9786441f706f1f320d88d94b9557f11294ed	82069817581ce1a82b9ae0020acfe526f139cb80dd8fd1f4d78cbb617e8c0afb	1201
research-control	a5605a72768c6562241b248e268e33dc92787394	ci-container-input	.github/workflows/build-and-test-snapdragon.yml	100644	8cc61050b43d4d4c551feb5c9432de0c772b0fa9	674bc7c5ae5943c1a8c37f477d49856a9a7ce0c623e4d4f6e04269d522902075	3652
research-control	a5605a72768c6562241b248e268e33dc92787394	ci-container-input	.github/workflows/build-android.yml	100644	5d88305a4f0d90671b695099626e29fce25997c5	2f104c71605d2a66481de03bf2757ff10d6966a99ca81d8d860307ae828e9fa6	2210
research-control	a5605a72768c6562241b248e268e33dc92787394	ci-container-input	.github/workflows/build-apple.yml	100644	b99e614666e1ec720d702ac4657522e7c2ede320	c519d0104bd8d72ffa6a66a4f6f6fcd86355583f01d130a2e9f0acd614d99d19	6325
research-control	a5605a72768c6562241b248e268e33dc92787394	ci-container-input	.github/workflows/build-cache.yml	100644	bc0a92c7fcf7443925424b78d6620591f4f1faf4	1f634204ddbe43b5c01b97bf38f715b0f2612d367213df891d5ee360ba3fa1cc	3349
research-control	a5605a72768c6562241b248e268e33dc92787394	ci-container-input	.github/workflows/build-cann.yml	100644	d39b87637339181818d6cfca6d3a17b76532a8d5	da5434edec73f4d8f1a94d527ba5886553d2b763ab5bc77658bdbff5a75e33c2	3029
research-control	a5605a72768c6562241b248e268e33dc92787394	ci-container-input	.github/workflows/build-cmake-pkg.yml	100644	84cf8ddf48ad22b4490773b65e85e80621cd77df	82b27ae6dce62f6282b379551a33b32292cd91e23bc13d101b0b85e322847a18	1781
research-control	a5605a72768c6562241b248e268e33dc92787394	ci-container-input	.github/workflows/build-cross.yml	100644	97c7368387e8e7c06d2ac10c6f76f2c07684ca22	7e65759cd3d23e12de37df93255259e24c981dc49cfa3c40c7fb52e4a0729165	13650
research-control	a5605a72768c6562241b248e268e33dc92787394	ci-container-input	.github/workflows/build-msys.yml	100644	57cec7c166c74c36bb3f51cf99c20275868f23af	8c0ff02913cf04302b9707c8a5aca26d327ae728701d7d258661a35507f320a2	1950
research-control	a5605a72768c6562241b248e268e33dc92787394	ci-container-input	.github/workflows/build-openvino.yml	100644	f7177f6be37805825989d238cfad181efb3f7cc7	2c0bff9279ee8234e6428f4c38d4f9b16413c6d6ba35ff9bc901638a174d45e9	3689
research-control	a5605a72768c6562241b248e268e33dc92787394	ci-container-input	.github/workflows/build-riscv.yml	100644	b78b13140e52da2b0d994641b4cb412b6838381d	29aa73fcb616aae0c9b5c7e68abad0a291a812f2892ab8456d5b5e18cfa49343	3350
research-control	a5605a72768c6562241b248e268e33dc92787394	ci-container-input	.github/workflows/build-sanitize.yml	100644	c7b73d1dd0df4df174ea3f18c6927d3ac4c8d639	9255c7f04ca4da0b0c4f712c6e2a593a7ad627fa061b2c8997a103a61b7011bb	2247
research-control	a5605a72768c6562241b248e268e33dc92787394	ci-container-input	.github/workflows/build-self-hosted.yml	100644	e9148dd73995720c18b2772f58babcb953144240	c88dbf495d1b252289a9ff37ca06990bbdf1d688c84324c942dd676982d8e393	8361
research-control	a5605a72768c6562241b248e268e33dc92787394	ci-container-input	.github/workflows/build-sycl.yml	100644	09635f64edbbc1c75ff96512d272d9c40ac68e10	8803d0ccca6cbac3df50914ad3854540030337e4e8c3d1f17dab5ca400470feb	5180
research-control	a5605a72768c6562241b248e268e33dc92787394	ci-container-input	.github/workflows/build-virtgpu.yml	100644	5b740590d6b8734d20312c1e923c3eecf71e25c2	6b88d463777f642f93c2d6b898e1bf74d785f28ea07418a181d5a034e63336ee	1134
research-control	a5605a72768c6562241b248e268e33dc92787394	ci-container-input	.github/workflows/build-vulkan.yml	100644	ab32b6525ba2c40fdca2e5cdd686bd6d1ce8162d	13bee2a528f800d411e76670876d50f43e2beaddd41ca1cbc3b3173e252797cd	2646
research-control	a5605a72768c6562241b248e268e33dc92787394	ci-container-input	.github/workflows/build.yml	100644	6372a4b1aceb8cdea250e436fb8633b2d26e82c0	3a50fcf210282c5977c5f2c1f2503f9e20f39aa3e98109da1e351f3a427e2e5a	36480
research-control	a5605a72768c6562241b248e268e33dc92787394	ci-container-input	.github/workflows/check-rocmfpx.yml	100755	bf39ed77c301f4ba5cc4dcca73783c4d8aa7fce9	b699bf9d2ee2b33bcc6430eba205beba42b80ef8a501daaed81b4d7d1877f1fb	2588
research-control	a5605a72768c6562241b248e268e33dc92787394	ci-container-input	.github/workflows/check-vendor.yml	100644	1671ed7b8bd2775ed5b9f322d39f49a1af42b5f2	d7947a1a0097bbffe00cd1a5f3380ade6f321c0886ce62a8e104d6310e28bce2	1224
research-control	a5605a72768c6562241b248e268e33dc92787394	ci-container-input	.github/workflows/close-issue.yml	100644	4698cee5594b1337f059926e9ff487c578360dc0	f7b62804e1a4e99867d0fae96ae37282e2afca5919123b6e5d79586811fdce0d	954
research-control	a5605a72768c6562241b248e268e33dc92787394	ci-container-input	.github/workflows/code-style.yml	100644	c88396c0a7d1c2d76aa729672196b0db2c68b243	2aa2ef46ac5a3aa98b88507b8635177f2c9f2662f625ab12b9dd1e6f23114bf5	1733
research-control	a5605a72768c6562241b248e268e33dc92787394	ci-container-input	.github/workflows/copilot-setup-steps.yml	100644	6f648bac45b743feefcc2929044fddbcd66281e0	b518084905893453426ff005d831e4765e0a97a6564f08b2220b683cc8cb00ee	2180
research-control	a5605a72768c6562241b248e268e33dc92787394	ci-container-input	.github/workflows/docker.yml	100644	7bd740cfcbf9aa45d4cfeaf47ae0fb997c7c4fec	f8bebaba6f937cf488f85e730ae0b0ca6ce019f54aa1044289b867a2c692510a	16649
research-control	a5605a72768c6562241b248e268e33dc92787394	ci-container-input	.github/workflows/editorconfig.yml	100644	53f6a0ccfda457aa8855802bfc7a5f2e984f8d86	9feb99aef86497e60b08d416dc48ffd3779bc95dee2307ab2f61438e49ad28f8	569
research-control	a5605a72768c6562241b248e268e33dc92787394	ci-container-input	.github/workflows/gguf-publish.yml	100644	fb8eab3cdb3b6a43bff2cde051ed456179689c09	1f9d258b27e7b04e182f2a2c5da650772b73113c8345ab41486e02451454489c	1272
research-control	a5605a72768c6562241b248e268e33dc92787394	ci-container-input	.github/workflows/hip-quality-check.yml	100644	4a9e5a298a7bd4f4c1904d26c0ee8eafdb16f53d	677c4d7ee6be049030c76b3adca0f56dacd597cb7ffb78708ea308eb1bb28970	2386
research-control	a5605a72768c6562241b248e268e33dc92787394	ci-container-input	.github/workflows/labeler.yml	100644	eab20c68811e044894e29cd2793de40bc357559a	3516e2909e7b9b60346b6804aa7d94040c95538668474a516e710539553ec799	352
research-control	a5605a72768c6562241b248e268e33dc92787394	ci-container-input	.github/workflows/pre-tokenizer-hashes.yml	100644	7126b62b690bb288677e434dd72f36af72166c2b	e0f2991a7303dbef32dbcc5ffdf69ded6d165dd7103a91a17ce9e4f167d93d1f	1606
research-control	a5605a72768c6562241b248e268e33dc92787394	ci-container-input	.github/workflows/python-check-requirements.yml	100644	1219b87459272c381f21f4fec907e6bbe1054447	200b3c5a5816bf8b8c6e905a022248091b75597dc8f8b2163b7945372b321d19	914
research-control	a5605a72768c6562241b248e268e33dc92787394	ci-container-input	.github/workflows/python-lint.yml	100644	3035e1063c5a9f05b183d0aa87739ce3218ca86a	9354d17e5e6ae1985e682e33688502832a271f9db15687af3f910100151a4831	931
research-control	a5605a72768c6562241b248e268e33dc92787394	ci-container-input	.github/workflows/python-type-check.yml	100644	23784c50a9e2278826704a2701b187e3fafae089	22bb1da143c7c57817e2505de8382a8affd3c328ca862f22770f5955016d664b	1242
research-control	a5605a72768c6562241b248e268e33dc92787394	ci-container-input	.github/workflows/release.yml	100644	8b01798ae789a76370a01c2c2f8d7c73df8cdb7b	be4a6c379d75eb843b442301a3b8f380605541bc8ae1b11ecfb6babdd8c7339d	52844
research-control	a5605a72768c6562241b248e268e33dc92787394	ci-container-input	.github/workflows/server-sanitize.yml	100644	4c9f447cf8b708fbf275a93971383ee24e672a24	07daeb70c790646528be6d2450f6ac5fe8e9ce697776c8f7837e0c91a354ed0d	3026
research-control	a5605a72768c6562241b248e268e33dc92787394	ci-container-input	.github/workflows/server-self-hosted.yml	100644	117c79c2f8748a45cd183695b135182b4f7f75db	f3fa2e89132a9bee92347ef17f3ea62210d87c447368196812b4ffb8bd2dcf54	3997
research-control	a5605a72768c6562241b248e268e33dc92787394	ci-container-input	.github/workflows/server-webui.yml	100644	72c2016efe798a219b01bb97d2e62f943033f709	c713e33dea939b458bd2fc5ab2672da94f0fe1c6c40c580efbc20ed0b2ae323f	4213
research-control	a5605a72768c6562241b248e268e33dc92787394	ci-container-input	.github/workflows/server.yml	100644	f12e7b7366ffc35ee6a580d71cfd462d2b7719f5	38aa52e0b80cde969a93cc3dea6bd018f8105171ffb6409ac1bd40bfdfbf09fa	4914
research-control	a5605a72768c6562241b248e268e33dc92787394	ci-container-input	.github/workflows/update-ops-docs.yml	100644	2ab06eb9811d048f4fc23622b6c29a1f6c86a597	5fb90da5fd7e8abcae2425cc03b81ed9dcb7f9d1edf8154c578af1a55ebb3060	1351
research-control	a5605a72768c6562241b248e268e33dc92787394	ci-container-input	.github/workflows/webui-build.yml	100644	7f512a69d3dcfcaba022c089af8fc5afca7b44a4	5c89c2aea09b904bfc3ea1362e8a15320363956212a050c982d97e0453eef88d	1029
research-control	a5605a72768c6562241b248e268e33dc92787394	ci-container-input	.github/workflows/webui-publish.yml	100644	bf0d707a23e33a6e65593cd4786afcd5bc6e49e3	7556705356f96eef1b3cd60ae799fda0f996dfd79890bd8ce3119fe4d5bf5e93	2285
research-control	a5605a72768c6562241b248e268e33dc92787394	ci-container-input	.github/workflows/winget.yml	100644	420a98f903b0db7be291dbbdb6a045b68bd434fb	34612fafcc435586abea4840d60071a866154223f218de6c82364ddfac958ecf	1556
research-control	a5605a72768c6562241b248e268e33dc92787394	build-or-source-lock-input	.gitmodules	100644	e69de29bb2d1d6434b8b29ae775ad8c2e48c5391	e3b0c44298fc1c149afbf4c8996fb92427ae41e4649b934ca495991b7852b855	0
research-control	a5605a72768c6562241b248e268e33dc92787394	cmake-input	CMakeLists.txt	100644	244f4cb4982509afa1f467d844667c0ee4949395	919e15372024f8401781111b0820adbf73e83d4e814f13b3091e37b8ffd72d08	9666
research-control	a5605a72768c6562241b248e268e33dc92787394	cmake-input	CMakePresets.json	100644	1b1d621f5dd2b0dcafd6fc494f57ddec43fb180d	081dd1d699de4deae5a8c5e022e17d3e7108e271e839c7f7aff1e35441543123	5323
research-control	a5605a72768c6562241b248e268e33dc92787394	license-or-notice	LICENSE	100644	e7dca554bcb802f98408383a864404e3aa4eacca	94f29bbed6a22c35b992c5c6ebf0e7c92f13b836b90f36f461c9cf2f0f1d010d	1078
research-control	a5605a72768c6562241b248e268e33dc92787394	build-system-input	Makefile	100644	bcbc7702059566c8e23bcaf73e12caff9b7dac8e	81cf8d21005a58822cdf457f1caab1da5f02d34ddcaa75e871b32f05e3e52efe	257
research-control	a5605a72768c6562241b248e268e33dc92787394	license-or-notice	THIRD_PARTY_NOTICES.md	100644	4b2f877fe5011ac7eca70b5409a1cb7b032109ea	038b892fb3e926f9f85c3256554f1e74c7a6fab023574ad5869aa389dcf45729	1372
research-control	a5605a72768c6562241b248e268e33dc92787394	build-or-source-lock-input	build-xcframework.sh	100755	180c01a88e949edbe4be9f862d1cd56a369194fa	97b7d7ba87246fbc4911464be25f1874f175d0711d328e8aabac2a434f21a8b5	21688
research-control	a5605a72768c6562241b248e268e33dc92787394	cmake-input	cmake/arm64-apple-clang.cmake	100644	5fcd2882afc9d96ccc1c28396b91e5e46c93f66c	80d01144241c7a45d1c35461aab1256364f8c7e714c3401a8097a567a8179e03	555
research-control	a5605a72768c6562241b248e268e33dc92787394	cmake-input	cmake/arm64-linux-clang.cmake	100644	f16e280ec6609c13ad1546b7a0cd97ee07e37776	feb7bd04443531e2287638c23a8d1873203d72a2da95e03f9c28433b27e24bd1	587
research-control	a5605a72768c6562241b248e268e33dc92787394	cmake-input	cmake/arm64-windows-llvm.cmake	100644	8023796800683240e32048180a1eb874ddab1963	12be8ba361b88d1a12cf28970da526f98c0f9b17103c2aa0c0b49ee7fa496a48	592
research-control	a5605a72768c6562241b248e268e33dc92787394	cmake-input	cmake/build-info.cmake	100644	c7005950c5612d1d93ca728386b10806b0043106	d5cb300d2a3665eac85370617853a143a4f4a7884977f83d0635b18699f93eee	1319
research-control	a5605a72768c6562241b248e268e33dc92787394	cmake-input	cmake/common.cmake	100644	bcf403e0ee3773737d9bc1918863ac5e91b76d4c	ff633f84fb707c51d3aa1f9c898886db5e16905ffce9df15338eef4fabcd77f7	2044
research-control	a5605a72768c6562241b248e268e33dc92787394	cmake-input	cmake/download-models.cmake	100644	de252906a01fbcf2d2a3cf538d2f683c48420dbd	6cf1368093d7207c5ddd40f8c9841e50621b71e57d2fd0c13afda3b84a973eb0	505
research-control	a5605a72768c6562241b248e268e33dc92787394	cmake-input	cmake/git-vars.cmake	100644	1a4c24ebf6adeb1126e626f56de601621179353d	411507be4e991f2afc0007905a95bbf848176a282189d0e27d7df1d48974290d	717
research-control	a5605a72768c6562241b248e268e33dc92787394	license-or-notice	cmake/license.cmake	100644	de066603ba5e99d0ae4633647e69ef435f6824fd	083515dff8a9b8696e348c7c616934e53941a7db30e1b3f092576632e9a2d1d4	1445
research-control	a5605a72768c6562241b248e268e33dc92787394	cmake-input	cmake/llama-config.cmake.in	100644	90cbec5b6f1331b9149a5ae3aa03fea45d69246d	908f54308047bac0960f049458aa6874e5b5080ff0b81a30b3d56e88ea7e49a6	979
research-control	a5605a72768c6562241b248e268e33dc92787394	cmake-input	cmake/llama.pc.in	100644	6fb58b5f6881b7f204d9094a8f2d3ed1d93906c2	0d720145be0f415d5381ac58cc6878398357bee7ce83012b50668de666534eff	311
research-control	a5605a72768c6562241b248e268e33dc92787394	cmake-input	cmake/riscv64-spacemit-linux-gnu-gcc.cmake	100644	faed7fb7831a48d76202ab83ad44f8eccdc23f25	6a2ef73adf92ed68c38820b7503d3e423f27c426306ef4cfaea5d88b4eb51cb8	1463
research-control	a5605a72768c6562241b248e268e33dc92787394	cmake-input	cmake/x64-windows-llvm.cmake	100644	77e79140798b2fcee2d84a3abdeab315c08b7a03	416e1385f9ac92ff29e2158da8b1894ae2cfccc3bb024eb46c3b937cb42477a8	139
research-control	a5605a72768c6562241b248e268e33dc92787394	cmake-input	common/CMakeLists.txt	100644	1a56c25857fa6b565764253b957b76512bbdcf92	6480c353782a3b1df3bdb64eb20b2e968d342f31180f347dac2635b81f7b7354	4692
research-control	a5605a72768c6562241b248e268e33dc92787394	cmake-input	examples/CMakeLists.txt	100644	259db1c90f2895c6e32f7c983a04d778693d798b	301b64b5a65933037b8c8198e706bccbc7fc327a3dec63c99323dc09ca915841	1131
research-control	a5605a72768c6562241b248e268e33dc92787394	build-system-input	examples/batched.swift/Makefile	100755	1f9156e583fdda26611fcc9c53dfe57517a50da8	fb84da2c51818364999fb74036930f3a236498fee74373128a00f9abb58bed20	230
research-control	a5605a72768c6562241b248e268e33dc92787394	cmake-input	examples/batched/CMakeLists.txt	100644	1d7c2a0f6e7fce160d0f2f6fd663b44fea963c24	c7fdbb56aa7daca62ac30b202309e77c1738252fa27dd97463cc04178dd28b5d	239
research-control	a5605a72768c6562241b248e268e33dc92787394	cmake-input	examples/convert-llama2c-to-ggml/CMakeLists.txt	100644	2162da4fdf766928cd9864cfa657e2d29eeb70e6	979f8e1641b53b6fa29afebce017091e061914ae5f5fcdf5b6c687dd94d37645	271
research-control	a5605a72768c6562241b248e268e33dc92787394	cmake-input	examples/debug/CMakeLists.txt	100644	fb1c7e258147017d90538d9b2e3297d79287c344	71624de72a3fc484849b4f2b696d5429cdff31468a805484d7ad6ad7ec88f80f	235
research-control	a5605a72768c6562241b248e268e33dc92787394	cmake-input	examples/diffusion-gemma-eval/CMakeLists.txt	100644	7a99b8423a1dfe80ddecea8f2cc5d97046965eed	27e0bf011d1c98708ecfc23aa7bb50225d1203ff2afe31d7e9ba0843d396b35d	252
research-control	a5605a72768c6562241b248e268e33dc92787394	cmake-input	examples/diffusion-gemma-server/CMakeLists.txt	100644	0b1b020fef8fddf8cd1b48c1e15bda9a30569e6b	8550a4f6947f9a3a5c945e89ddc1ad1cfe5d7d4db4ae683e1e59d9dc5c12c924	256
research-control	a5605a72768c6562241b248e268e33dc92787394	cmake-input	examples/diffusion/CMakeLists.txt	100644	42a84b2dfe5f724fa0f62144027223518b6a325a	8c8a32992a7797996c026922d463da85cd1a938c56480484af2704533e871ecf	490
research-control	a5605a72768c6562241b248e268e33dc92787394	cmake-input	examples/embedding/CMakeLists.txt	100644	0634c7bd8202cb41b5fcc2f7810afa29b3c11d8d	1cf460f35453625d5399d6b9d115f56ee8e388a0fc0939b0e6e95ac2e6216c56	243
research-control	a5605a72768c6562241b248e268e33dc92787394	cmake-input	examples/eval-callback/CMakeLists.txt	100644	63fbe59dce87dd27735e200c677e5626f2a8e86e	54854a0829f124a242d79b0f942bf4e2119ae98bc869f20be097c6c998a601af	1320
research-control	a5605a72768c6562241b248e268e33dc92787394	cmake-input	examples/gen-docs/CMakeLists.txt	100644	aa68cbd78a8644bf68bd402b5d9cc2740e58ddb1	1a51f5893ace277af6164ac6501e5574bf7c1bb59092d3e66f5a63b7406ea710	241
research-control	a5605a72768c6562241b248e268e33dc92787394	cmake-input	examples/gguf-hash/CMakeLists.txt	100644	15c5c68c6f402f1ac9a81555a16c81ba87794163	f52b81f7084fa7fbb5e21b63637df1cee398ebde60a9284cefba974ae37bcb00	728
research-control	a5605a72768c6562241b248e268e33dc92787394	dependency-input	examples/gguf-hash/deps/rotate-bits/package.json	100644	74c0bef68d8bd32828a0d8c204549a72a51a903a	4627415dc3410ba88c7b1015875a717a2e23441972fef9b33d0539527b2760ba	255
research-control	a5605a72768c6562241b248e268e33dc92787394	dependency-input	examples/gguf-hash/deps/sha1/package.json	100644	6a5843dd1ef46c21599b4f75e95a088907351abd	47560382d1e2074c48c08ba36dddcbc6043f0eb372aa4617e5773305eb3bf852	200
research-control	a5605a72768c6562241b248e268e33dc92787394	dependency-input	examples/gguf-hash/deps/sha256/package.json	100644	b92a0412738dfb495cd859c5d94fb45413755bbd	674f1b5d34a7eb827115875774222ce30d5c79cb59101477dc74a18e83cd8773	283
research-control	a5605a72768c6562241b248e268e33dc92787394	cmake-input	examples/gguf/CMakeLists.txt	100644	fb04eb83f34ce16059d0e56fbd1759849e873741	88385c090deb2b2778f539ac346a8d352a66613352165e6fbc1eea5aa9df28a6	219
research-control	a5605a72768c6562241b248e268e33dc92787394	cmake-input	examples/idle/CMakeLists.txt	100644	c0fedbbff5bde2f49c991397053f759df13a6a38	d5bb9f24883b5c75f6aaa9909b1ca8e2c74ab8572516fbb1f2fc3d992b77118e	233
research-control	a5605a72768c6562241b248e268e33dc92787394	cmake-input	examples/llama.android/lib/src/main/cpp/CMakeLists.txt	100644	20c9e3b2c1fdf5bcac0c5a1d5615e60352d00a98	5730e1d299185cfa893d3923aa1f2bf9da401bb9e2ffa8663337ab228e39e442	1658
research-control	a5605a72768c6562241b248e268e33dc92787394	cmake-input	examples/lookahead/CMakeLists.txt	100644	5d6e604fa981dbbd01b2c9bfab5f0103a225414e	3235a9270094d67bfda33c3c0ac5fce981de35d33fdc8d8446775d224deca47d	243
research-control	a5605a72768c6562241b248e268e33dc92787394	cmake-input	examples/lookup/CMakeLists.txt	100644	09f7d2e3c9220bdc1461d9f84af833bec0c9e7e3	1b02f01a4b7a4ef90a97684ccdf711560300b83dfafbe21d35ddbe26165d29a5	989
research-control	a5605a72768c6562241b248e268e33dc92787394	build-system-input	examples/model-conversion/Makefile	100644	0130b0493bb2980e0daea49a8bf61e33f305b753	505d35714f9f6fbedd75d84577e20013bc673fc8f69db6ea0495e3f81be200c9	9005
research-control	a5605a72768c6562241b248e268e33dc92787394	python-dependency-input	examples/model-conversion/requirements.txt	100644	229b2ec75b75b8fb0f564fa7b8c85fdae6ff8bd0	e73cfffed19d2ab92169c325eea12eab730c35062265aa364eee0723509b5871	135
research-control	a5605a72768c6562241b248e268e33dc92787394	cmake-input	examples/parallel/CMakeLists.txt	100644	4fb7a96aae3abe5a016e19987c0e69eae4ce6740	dceb77b9d969a0dd3f3d16903c0d7705a148f4ca723439e3122d9610d0579fbd	241
research-control	a5605a72768c6562241b248e268e33dc92787394	cmake-input	examples/passkey/CMakeLists.txt	100644	12558cc25572acefba4493d73b63db801a5382ed	fe2666390ccb9c1707c6bfdbb2703369bdb8da4cb950b0ca0084feda9a331d5e	239
research-control	a5605a72768c6562241b248e268e33dc92787394	cmake-input	examples/retrieval/CMakeLists.txt	100644	5927ff8a852d6e47395b8318e2fe92f12a2e7cf3	115bede727d6955484ed32c0deb755aa31bbbdcdc65e367ea39ead4e8226ab51	243
research-control	a5605a72768c6562241b248e268e33dc92787394	cmake-input	examples/save-load-state/CMakeLists.txt	100644	78024672e77dbd5839f2e83dc611ac174de30b08	bb2b0a094dd1f26b548e497bc17cfa11c0c42fc7b967c4619e0e38a02a3acd43	255
research-control	a5605a72768c6562241b248e268e33dc92787394	cmake-input	examples/simple-chat/CMakeLists.txt	100644	567f7fbbbf43a959c8d8f71705f6700c607f90dc	d938b71d4de5058258d71b1c3264f476a9786195bd0bc84fd9ac1e840b51f3d2	234
research-control	a5605a72768c6562241b248e268e33dc92787394	cmake-input	examples/simple-cmake-pkg/CMakeLists.txt	100644	128e38c8f2dc04d48b7f837ce89bdecc816eea0c	bb2b3ed603d2f5e886413e2f0f0c4d4a3941ff1e422a279f01fbc864e0ef167a	381
research-control	a5605a72768c6562241b248e268e33dc92787394	cmake-input	examples/simple/CMakeLists.txt	100644	104ecabfd72360aa8237a14e66179bcff62682c3	c4acc5493295ac4b9a1223f60004e6ea5b054efd75d5f3dc498032c464b24817	224
research-control	a5605a72768c6562241b248e268e33dc92787394	cmake-input	examples/speculative-simple/CMakeLists.txt	100644	5ef3b4131f2a1f037c75ee7563da63624ad2b66c	e8939bcec6e731ce051f7311fe63595d6e1916c543ce4ee9001b9c13a80c6468	261
research-control	a5605a72768c6562241b248e268e33dc92787394	cmake-input	examples/speculative/CMakeLists.txt	100644	b4e20c717a21e231bd4c44f080419f3952380d20	15d32bd07f65b4bb1e35b7e9e08ed59d621473cc16e47206426b2b6589b62008	247
research-control	a5605a72768c6562241b248e268e33dc92787394	cmake-input	examples/sycl/CMakeLists.txt	100644	40e44eefc8a83f048c7f95ce5be741ad6a464f90	d2705afee47e2d677f7c7f89645bb4b42b65d11cb7e45ef6b16c0bc8cd2bc177	341
research-control	a5605a72768c6562241b248e268e33dc92787394	cmake-input	examples/training/CMakeLists.txt	100644	8bb20d0f21381f0419c3de16a7326550b3b7d4d3	4a51519d6982603238d45030d5333c30128f36dc187acd1d3826063920b9281c	241
research-control	a5605a72768c6562241b248e268e33dc92787394	build-or-source-lock-input	flake.nix	100644	bb02c8e52f9ad78e2b66eda8091e5c9356361798	a96dab876cc32b49eb478e8680fdc43c738a06310a1e5feba7b5d5a5c99ab3c4	7243
research-control	a5605a72768c6562241b248e268e33dc92787394	cmake-input	ggml/CMakeLists.txt	100644	57f5eebafd2fcf1141640abbead35693dd8916d7	2585a994119ec8991815d7ff588f5573007850cdc42a88d42b127001390ef826	21654
research-control	a5605a72768c6562241b248e268e33dc92787394	cmake-input	ggml/cmake/FindNCCL.cmake	100644	67511e2d56a6cf2e3bbcd000e6c7ad5d0535a2bd	496ad9fbb75ce307f8142ed2dc8fa1ea1baaaef70e51b8d0b153ebd191b650f8	964
research-control	a5605a72768c6562241b248e268e33dc92787394	cmake-input	ggml/cmake/GitVars.cmake	100644	1a4c24ebf6adeb1126e626f56de601621179353d	411507be4e991f2afc0007905a95bbf848176a282189d0e27d7df1d48974290d	717
research-control	a5605a72768c6562241b248e268e33dc92787394	cmake-input	ggml/cmake/common.cmake	100644	cb6638833204064c007ed8be32e5da22302c2522	438c57ef81c63b3b7b7a3078965ba081d53c3c2e9f9986c512e6f11b4937e816	2125
research-control	a5605a72768c6562241b248e268e33dc92787394	cmake-input	ggml/cmake/ggml-config.cmake.in	100644	91c9d5cd3434f595db418191e4d86f7bc9c2575c	68d6d3d46111b246beaf4429ab090a749bd7b9200ffc8ff1444e3309629859f4	6914
research-control	a5605a72768c6562241b248e268e33dc92787394	cmake-input	ggml/src/CMakeLists.txt	100644	88a5f5d618afa1cf1e2edefcf81040cae3d6c75d	fd7fcbfb61391fd5de8c02ae360039d693db843b1cd7c78522fab83b299ea2b4	19226
research-control	a5605a72768c6562241b248e268e33dc92787394	cmake-input	ggml/src/ggml-blas/CMakeLists.txt	100644	c27dc174c0041772d4950247ba374a7a0afe3e32	dc7028c2c7207e8c334fd61ea4556599a326710cd9b33050bace38833529df71	4168
research-control	a5605a72768c6562241b248e268e33dc92787394	cmake-input	ggml/src/ggml-cann/CMakeLists.txt	100755	aee5e7b06e51f5f9e36e31389798099d498d7f41	a61c05231e4ae8748c76febb4dfc214f856789caba5e0edd7d0c802bba3b172a	3476
research-control	a5605a72768c6562241b248e268e33dc92787394	cmake-input	ggml/src/ggml-cpu/CMakeLists.txt	100644	f3eccff7d72616e44bf4905c622dce4cd11d6aee	804e47a409c8465adb79877a27df62052944e9775e8c23fa4b9408fd9cb80c58	34490
research-control	a5605a72768c6562241b248e268e33dc92787394	cmake-input	ggml/src/ggml-cpu/cmake/FindSIMD.cmake	100644	5533668ec4ab18ff7261865e43be0100de65e5bf	c36807121bb1452dfb1ab39a7b366bd49f454c49b43b1df4b7c54f038c824d49	2651
research-control	a5605a72768c6562241b248e268e33dc92787394	cmake-input	ggml/src/ggml-cpu/cmake/FindSMTIME.cmake	100644	c8a4d4b4ec9335164617f3f35529d405371c9205	81fc6290d1b2fdc30746c222fe993cc7403942ca388f9db0c5885ef568929adb	2075
research-control	a5605a72768c6562241b248e268e33dc92787394	cmake-input	ggml/src/ggml-cuda/CMakeLists.txt	100644	0c15f71ffc272ea791996440f0b524aee4406f94	88a61be5c291fce276bdf71ddb2c9f9cdb10a89c6a93f7b5cedd6126d128e441	11726
research-control	a5605a72768c6562241b248e268e33dc92787394	cmake-input	ggml/src/ggml-hexagon/CMakeLists.txt	100644	b82bae0c1035ebe34d09bf9e6fb2bd37af2bbcd3	e02fefb32407bcaf3d3145c1bc911c5dac5d332d9788e01bfad2a7446db4de6b	5084
research-control	a5605a72768c6562241b248e268e33dc92787394	cmake-input	ggml/src/ggml-hexagon/htp/CMakeLists.txt	100644	31ba527623100a9ecba77ab4a44e420373d7a599	08f2e9e3e778a8cf329bd2af723fef0b9de0526e67efe87db62e346d6384238a	2115
research-control	a5605a72768c6562241b248e268e33dc92787394	cmake-input	ggml/src/ggml-hip/CMakeLists.txt	100644	3142310d8b005774b6f1fb4ce54a80435007638c	f1916ea50d7d309129978e20a77bb911b12367a5a3daed188e7fd0f5a1f8fe7d	5560
research-control	a5605a72768c6562241b248e268e33dc92787394	cmake-input	ggml/src/ggml-metal/CMakeLists.txt	100644	42054d841aa3580f2247e85376b1e66410fbfde5	e0caad0073256a0cf9f445eb440cf935c569de81fac1af2127b6af5786b1c80d	5739
research-control	a5605a72768c6562241b248e268e33dc92787394	cmake-input	ggml/src/ggml-musa/CMakeLists.txt	100644	cc53c812ce5f47a2b955d8cc9af4fdcb4e62bbd7	66600e820763f5b1a60b4ec3d4a30b0495fe7cf10c715780d499a9991b0468e3	4291
research-control	a5605a72768c6562241b248e268e33dc92787394	cmake-input	ggml/src/ggml-opencl/CMakeLists.txt	100644	82ce61d72c6df50d48f55de5c9051013bca7907f	9a2750e2c43dccc6ad85a0597ac4ab70c66adc60ca8b59d0837689b4a76afc87	5045
research-control	a5605a72768c6562241b248e268e33dc92787394	cmake-input	ggml/src/ggml-openvino/CMakeLists.txt	100644	175b585661d300e77f042f7333a83a9485528281	400734439c6386fdd0b2c5273dbc01bb95fe27c4b75db8b186a8adad7043d5ad	789
research-control	a5605a72768c6562241b248e268e33dc92787394	cmake-input	ggml/src/ggml-rpc/CMakeLists.txt	100644	40e11fead63a5f8ee04b5362897688a24b4deb07	a8ceaa0037d241fca3b9a274b144991a0930c352a70e8a4083379037c4b085df	1009
research-control	a5605a72768c6562241b248e268e33dc92787394	cmake-input	ggml/src/ggml-sycl/CMakeLists.txt	100644	180de92202d525cb57c43c6c4ca179043957b0fe	d66d5fcd36f89bb548d09a8e145634ce11dd48a238e21ff8de325e2466fdfade	8025
research-control	a5605a72768c6562241b248e268e33dc92787394	cmake-input	ggml/src/ggml-virtgpu/CMakeLists.txt	100644	e6b020beb5bfa5ba6a18ac2ea326b5e2daed9704	2c5ca62a55f452d9ea95ef3ba276abdfe40738d7beedcc845956a971125d7d2a	2706
research-control	a5605a72768c6562241b248e268e33dc92787394	cmake-input	ggml/src/ggml-virtgpu/backend/CMakeLists.txt	100644	0b49c403b9a00221361db6b7493013647be2f1bc	9b3ca0ffe5db26a210d43faa7c89879dddf47bf69ea1a1a9ef175b39d1324636	881
research-control	a5605a72768c6562241b248e268e33dc92787394	cmake-input	ggml/src/ggml-vulkan/CMakeLists.txt	100644	64b03688d304a8f34c85ab35571b7e4930372f2c	2ce37b6c7ed59b2ef4152cea646a35c09fbd5b2540f600f5e12f789aebdcca24	8963
research-control	a5605a72768c6562241b248e268e33dc92787394	cmake-input	ggml/src/ggml-vulkan/cmake/host-toolchain.cmake.in	100644	2d8a85696d374e68822f854d6e59247c90a934a8	1c333fc25586feb395aa6eecc1ffac4ff66fd79968a117904c1259b47ded25d4	597
research-control	a5605a72768c6562241b248e268e33dc92787394	cmake-input	ggml/src/ggml-vulkan/vulkan-shaders/CMakeLists.txt	100644	10a9ea21025f51ca0656debc093fecc4e66489ac	2446d703642b80e0ca2943cd7fddfb34b9f53c7078c2e1880b0c7682d794b687	1364
research-control	a5605a72768c6562241b248e268e33dc92787394	cmake-input	ggml/src/ggml-webgpu/CMakeLists.txt	100644	1503a1ef8ba6f05d7e5897028c1d2b080af889e2	dd99b4af03e2bb80464edcac3476c19464a149a608243b17286226c4791a4b99	2852
research-control	a5605a72768c6562241b248e268e33dc92787394	cmake-input	ggml/src/ggml-zdnn/CMakeLists.txt	100644	0a723ce4de28646f62c0cc06e66273d0092f381f	50e5b114c2268fb5df1f308a0953d6437991b98a5fe9b2998c8a448d4e9f9fc8	1227
research-control	a5605a72768c6562241b248e268e33dc92787394	cmake-input	ggml/src/ggml-zendnn/CMakeLists.txt	100644	f1e4f991fae3bdfc30abaadc364e0e3a013cc2bf	b5956b5bafde40552d73db58533e63556cf9247b47a2ccb65819e2641169ee95	3440
research-control	a5605a72768c6562241b248e268e33dc92787394	license-or-notice	gguf-py/LICENSE	100644	76f67efdc6470081b512a8db5bf2b1d4962d9c3c	ef78c7e6659e34c798194f0d344e807c722de70cbca1359ef54772661e11ca38	1072
research-control	a5605a72768c6562241b248e268e33dc92787394	python-dependency-input	gguf-py/pyproject.toml	100644	b2a36460ad883490e909aaa86dd74701a9286eb2	69d5430a01fb1cfa2ad166de224e2222003d314ae41415f102f1cfef9b8b6146	1289
research-control	a5605a72768c6562241b248e268e33dc92787394	cmake-input	pocs/CMakeLists.txt	100644	d49d14dee4351395d04745660bd970085cfe6aad	24a96d97492e28df1634866410394cf67043f60a0661140ee80dff37a9a73d45	216
research-control	a5605a72768c6562241b248e268e33dc92787394	cmake-input	pocs/vdot/CMakeLists.txt	100644	f3776268ab6941caf9d4abd48c4dd02863f98279	7aea4bb7bc71605f62c044ef5320cdbb3242a97fb057292b3cb1ef8a45d46c6b	399
research-control	a5605a72768c6562241b248e268e33dc92787394	python-dependency-input	pyproject.toml	100644	a39c4f010bb20c1bb243194ab47771d62843fcee	b9ad1777dbaa765922672bc5e888eb45fd6391d20449c7de6455a49204cac70a	1836
research-control	a5605a72768c6562241b248e268e33dc92787394	python-dependency-input	requirements.txt	100644	9b35010e0386d6a68763b40e1156c2c5c886cf1d	c76650f5a0c919e0081fceaa39f6a78b513c2c5cb52b5bac184e7fad7e9e8c39	602
research-control	a5605a72768c6562241b248e268e33dc92787394	python-dependency-input	requirements/requirements-all.txt	100644	6c6bea9490b4b0c7b390ecaa2640cfbb69ae7131	449994b4859f6c734b7a7dce0573726a8113e607d9aa01a7f4c034b152c037c9	575
research-control	a5605a72768c6562241b248e268e33dc92787394	python-dependency-input	requirements/requirements-compare-llama-bench.txt	100644	d87e897e17199fc3ae494b91f643af5c15ab98b2	9df04bf6b7ec0c2c7c456d05a09481f646d7caf2e2954f6d862f1f2f83cbf471	53
research-control	a5605a72768c6562241b248e268e33dc92787394	python-dependency-input	requirements/requirements-convert_hf_to_gguf.txt	100644	122b4788d9199bf8015a2056d354b289b2ac7b8f	958ad0b45ea5c961c529ba86d0c2a07f3e8f1c6a1b7073de9d45a24bbba886f9	360
research-control	a5605a72768c6562241b248e268e33dc92787394	python-dependency-input	requirements/requirements-convert_hf_to_gguf_update.txt	100644	afe2747d448d4d896c78c52ec5f40560f09b09f9	04fb9a44096a91f6b6277acab2cea2ed465419c7eadf33d80f6ed6f6129ca7c5	43
research-control	a5605a72768c6562241b248e268e33dc92787394	python-dependency-input	requirements/requirements-convert_legacy_llama.txt	100644	18d39801066ca7c824f84f2c1dacd8508e2e513a	90ec54f376ff16ecb14e851673acd4317e0ba32ef93cf8c6642304812a98b1a2	101
research-control	a5605a72768c6562241b248e268e33dc92787394	python-dependency-input	requirements/requirements-convert_llama_ggml_to_gguf.txt	100644	afe2747d448d4d896c78c52ec5f40560f09b09f9	04fb9a44096a91f6b6277acab2cea2ed465419c7eadf33d80f6ed6f6129ca7c5	43
research-control	a5605a72768c6562241b248e268e33dc92787394	python-dependency-input	requirements/requirements-convert_lora_to_gguf.txt	100644	d091d564846bff78972a8502baa6a57c672b7abe	c7ea8e4c64f08759c2527702adb51eb70ca481928e58d0d05bbbbe9c83f71b8d	216
research-control	a5605a72768c6562241b248e268e33dc92787394	python-dependency-input	requirements/requirements-convert_modular.txt	100644	a8431823f2f5f788842fba079fbaa46cf769d0e4	97293c6016119e9512c8bf4ca98b8ca85d6e0acd39ef5936fcdca60ca0658ac4	41
research-control	a5605a72768c6562241b248e268e33dc92787394	python-dependency-input	requirements/requirements-gguf_editor_gui.txt	100644	fd253364e152146b416ea1ea96071deb56892d3b	fcce14ea34d20abacfef6f2808a69564bd9de7f022bc573fc48b20e3e8868519	42
research-control	a5605a72768c6562241b248e268e33dc92787394	python-dependency-input	requirements/requirements-pydantic.txt	100644	1738494edb47c9d44dd22320d59837871c7183eb	b3a9dde321f3a0aa4a5132b388c6cd490116ceebf33f6c88fde0f94aa44f699a	57
research-control	a5605a72768c6562241b248e268e33dc92787394	python-dependency-input	requirements/requirements-server-bench.txt	100644	ea5849fa104efc4ddd54d9fc8f844b76e950ec86	1f6cefddb24d47138d6b7569724b9d39b1e3e5e2a15aa927520ede8bc02520da	79
research-control	a5605a72768c6562241b248e268e33dc92787394	python-dependency-input	requirements/requirements-test-tokenizer-random.txt	100644	2785e71a257189652943630c23c9ae0abc92560b	8fd5516e7784f4c9eb68344b6822e92a2b5a3d12de2529d4401dfa11f10b4a7c	13
research-control	a5605a72768c6562241b248e268e33dc92787394	python-dependency-input	requirements/requirements-tool_bench.txt	100644	17d6b866c6b8a16d954657971562cb95f26bb278	4949f3a1c38e06ec1d2d5df18b9f2b9463758388825bbc217169e31f38974619	202
research-control	a5605a72768c6562241b248e268e33dc92787394	runtime-build-orchestration-input	scripts/apple/validate-apps.sh	100755	f0475758c37ab29baac49ed2771334b183d722e0	8ced6e8720271f7b2354184b64e9d216e58ae8c1ee7b7f5667242da79479e548	156
research-control	a5605a72768c6562241b248e268e33dc92787394	runtime-build-orchestration-input	scripts/apple/validate-ios.sh	100755	50800d84a0c1deb2cf008d78b5b1ac8e689bea30	0c5e04187df5d812d1fa56f45337ac4e1485ad5b9351d5284d1f1e8fd9e5437b	31780
research-control	a5605a72768c6562241b248e268e33dc92787394	runtime-build-orchestration-input	scripts/apple/validate-macos.sh	100755	fa800ee682027605f3cf21b216bbc0e4aea7290e	9a4da4e6621150dd81fa06b280b7cb679fe176348119e0ae368a8c4ff49e4ce4	30256
research-control	a5605a72768c6562241b248e268e33dc92787394	runtime-build-orchestration-input	scripts/apple/validate-tvos.sh	100755	b4da698749c5867193a39e32fecba75468271baa	5000a2453bdf4634eb173bc97de7b7079efc63338de81b275fd2c5f757c94927	31681
research-control	a5605a72768c6562241b248e268e33dc92787394	runtime-build-orchestration-input	scripts/apple/validate-visionos.sh	100755	bbdec6602679cbaf419fcc29472cd69fe0f09ae7	22dd1c15380da935c35d59989f316f5d0c0332e863a232bd96b2ac042b5565bd	31770
research-control	a5605a72768c6562241b248e268e33dc92787394	runtime-build-orchestration-input	scripts/bench-models.sh	100755	c241013040f64d6ff4d5a6157418a184ecaae6a9	ecd40f1705a07c8e9ba12232b7cec76e664d98fa9ca2771aa0018dbdeaedffdc	2207
research-control	a5605a72768c6562241b248e268e33dc92787394	build-or-source-lock-input	scripts/build-gfx906.sh	100755	e2eee32ce7ad97c99ca150e1558b650fb925229b	edeb1d6f5fba839d9a989dc71eb9e163f8602f54ae69a4776d585a039b5cd371	334
research-control	a5605a72768c6562241b248e268e33dc92787394	build-or-source-lock-input	scripts/build-info.sh	100755	fa9e7bacdb8cfb805ae4ad91f12791eb834e54c6	3e198b6731c4b2dccc035a579712ca756f453386b8ceec75db06961bcd7cde0a	717
research-control	a5605a72768c6562241b248e268e33dc92787394	build-or-source-lock-input	scripts/build-rdna2.sh	100644	bec4a3210ad85a08599192c1bbbd89fb7af6dc36	c45d7183ce1d36908bc00819c7ee699d952b382fd66c9937ec464b8e208ae247	225
research-control	a5605a72768c6562241b248e268e33dc92787394	build-or-source-lock-input	scripts/build-rdna3.sh	100644	800a4f2dfa2e79aa07dd17ae2b5a699d20dd4761	b47f1b0caff9a3fcbb09a60e6b0ffed78c6c1cc0026d9202c9df77decc628e55	225
research-control	a5605a72768c6562241b248e268e33dc92787394	build-or-source-lock-input	scripts/build-rdna4.sh	100644	b4b6e9dcfbbf279e024f02420f1123ee972be202	df368e0c51ed2df7b5f08f92b5163eea19eb94c9e4e5f17cc95d1e620df9c77e	225
research-control	a5605a72768c6562241b248e268e33dc92787394	build-or-source-lock-input	scripts/build-rocmfp4-rocm714-local.sh	100755	f3db187540c4786716a0bfc326f338aae9d81d52	7e26915296de1f5ba55a754a9169122ebb8ec6a2e2c0b5a88fe8134b403c12f3	8645
research-control	a5605a72768c6562241b248e268e33dc92787394	build-or-source-lock-input	scripts/build-rocmfp4.sh	100644	b03cd5542b97d68f9cf2c573d0842b5fdd621d07	d88e5c0143639e2ec9a4a367f70062d25882d970798935ef874565810e982c31	3016
research-control	a5605a72768c6562241b248e268e33dc92787394	build-or-source-lock-input	scripts/build-rocmfpx-agent-fixtures.sh	100755	ef695709e160abedc61d552703d16338fae6123d	69c882aac57ce08081209a908d918a6ee1d92f81878e41ea3e724ced0c4f4e84	2227
research-control	a5605a72768c6562241b248e268e33dc92787394	build-or-source-lock-input	scripts/build-strix-rocmfp4-mtp.sh	100755	edc0ef35bc4df01aed96e5182754c1f99bf90e46	717e9a17d160d1020f7be2e111d12c2955779eff5d94c371f50d4f1b98adafe0	2672
research-control	a5605a72768c6562241b248e268e33dc92787394	runtime-build-orchestration-input	scripts/check-release-recipe-map.py	100644	9addff8a387590554a9780d0b70a566ab14cdbe3	aa87c380cc1aa7d1a75f51edb734d3835c842d5d6615e22c9416cda1abb24470	2690
research-control	a5605a72768c6562241b248e268e33dc92787394	runtime-build-orchestration-input	scripts/check-requirements.sh	100755	da2357d76c7a660febb79f1024f14074825f7b7b	73b7e2262b384422ba9d7daef4b49a25eb931dc79f1453a3dfcb243c744c8101	4447
research-control	a5605a72768c6562241b248e268e33dc92787394	runtime-build-orchestration-input	scripts/check-rocmfp2-reference.sh	100755	9b72ad58eda009c9f103b7725a13e99f0b464a32	80de82a847014957b50cdf08274f1d2a312aecc468a0cb67489f1901782fc6ac	788
research-control	a5605a72768c6562241b248e268e33dc92787394	runtime-build-orchestration-input	scripts/check-rocmfp4-all-regression.sh	100755	c39d09e7c5018b49e8de379a96563e3a23b0e2fa	6939627dae14c35cc7d1ce03e77b84c885e745a779599d10296812ea1df03193	2279
research-control	a5605a72768c6562241b248e268e33dc92787394	runtime-build-orchestration-input	scripts/check-rocmfp4-deepseek-regression.sh	100755	252859f0bfb4ffe14dc7a203cb7d49301b1bb428	dafe897f0ce293da221a298f787a7fcb3cce8490412c4cd1d61bfb53c43b3b2d	2094
research-control	a5605a72768c6562241b248e268e33dc92787394	runtime-build-orchestration-input	scripts/check-rocmfp4-quant-regression.sh	100755	b8775206d2e254294da8d8683fdc7c811ece1e9b	ce6c5cead72bc9d6858e94dc46ba9dce82a5875250297a2a2acf245215e3b781	3770
research-control	a5605a72768c6562241b248e268e33dc92787394	runtime-build-orchestration-input	scripts/check-rocmfp4-qwen-mtp-regression.sh	100755	5b699cf23f122c36add73efb356cbebbbb922c19	53abb3aae67a378ca7e29c9246d7d7995d10e19361eb080924bd05bef46f7736	5205
research-control	a5605a72768c6562241b248e268e33dc92787394	runtime-build-orchestration-input	scripts/check-rocmfp4-qwen35-a3b-mtp-regression.sh	100755	c472bbdb52ff304a4bd3c006df0afb6c66679f64	c607e0059735a3ec95bc006ac0a4e9c2e611c02edbd742aa45f5636fba732831	832
research-control	a5605a72768c6562241b248e268e33dc92787394	runtime-build-orchestration-input	scripts/check-rocmfp4-rocm-cpy-regression.sh	100755	885a4c5bfd347d8b2eabfd4d70e047aefefaebd7	976afe3668121cb96a4f6129b208d2c6990f0cc8137b5668e26fe823aeea56f8	3099
research-control	a5605a72768c6562241b248e268e33dc92787394	runtime-build-orchestration-input	scripts/check-rocmfp4-rocm-fattn-regression.sh	100755	0c165562971e3a5501701c8ff040aa8603c0f331	642f73221e01356950b493720b57dde629f2ea84949710252e8fb97469056aa5	1964
research-control	a5605a72768c6562241b248e268e33dc92787394	runtime-build-orchestration-input	scripts/check-rocmfp4-rocm-runtime-regression.sh	100755	223b6420649e02d47435081df0d8c4a71efdc3a1	1f0870fb434ef7b513d317ff4e4926e07c30ef2fe884afaf45c06423a0610e6c	2243
research-control	a5605a72768c6562241b248e268e33dc92787394	runtime-build-orchestration-input	scripts/check-rocmfp4-vulkan-cpy-regression.sh	100755	9d159503064e0636a42f8f48eaa9c20a5165c4eb	eb96cc7dfde5d5427dec38f080ed22dc6aa9521ffcae94a531e94714bc14006e	3472
research-control	a5605a72768c6562241b248e268e33dc92787394	runtime-build-orchestration-input	scripts/check-rocmfp4-vulkan-runtime-regression.sh	100755	08dabd5752379de3db5ab560195a548e8166acca	fa190de70fed7028f4f291c750f18767d3178fa0730125ace5c860745c2bfd35	2282
research-control	a5605a72768c6562241b248e268e33dc92787394	runtime-build-orchestration-input	scripts/check-rocmfpx-agent-json-grammar.sh	100755	16cc7974d4c9e742fb6c46c6fa8dda1ee9439dcb	19c35d4b48b787cad559d3025e9b757bdf2bc691558fd57a0f31948aa83b0974	2668
research-control	a5605a72768c6562241b248e268e33dc92787394	runtime-build-orchestration-input	scripts/check-rocmfpx-agent-json.sh	100755	91a5027b330a5ec654c45edbe6c43ab9db1f51e1	15f4c27c13e42de505b1c858e04cd0633b5ae4a8d19e3f7719a90864d1111720	3225
research-control	a5605a72768c6562241b248e268e33dc92787394	runtime-build-orchestration-input	scripts/check-rocmfpx-agentic-smoke.sh	100755	21af9a670fee2f71d9ea524b191205ade0c6084f	fbad89a26454dc92ac0af89f3ca94e1640b54111c4a4aa9266ce29c008e62190	6811
research-control	a5605a72768c6562241b248e268e33dc92787394	runtime-build-orchestration-input	scripts/check-rocmfpx-all.sh	100755	167d4b4de5905475555d60735a7941bd4f8c39eb	dfe880b3ab1f03272c37a77f3ff6a23648382f210f9b05e6a4b1351d1dd98936	988
research-control	a5605a72768c6562241b248e268e33dc92787394	runtime-build-orchestration-input	scripts/check-rocmfpx-eagle3-smoke.sh	100755	ed0f17923ebc820ad701a16364655d1731a1d49d	305096bcc4f44f37fbd72059abfe854916f5d05714029736aab512a0db73eaa7	2501
research-control	a5605a72768c6562241b248e268e33dc92787394	runtime-build-orchestration-input	scripts/check-rocmfpx-hermes-smoke.sh	100755	c6300855f5676766ef32461aaa6ac70c2ec22b7f	4570c7c80a58eec1827ba9473c82c43590aa3a7b944f5ddabf65652701d88926	2570
research-control	a5605a72768c6562241b248e268e33dc92787394	runtime-build-orchestration-input	scripts/check-rocmfpx-kv-cache-fp3.sh	100755	f78a86c33b53092a3e48c2159e3c9c155d8435b2	371e4ad4127afdf3c2841b7dac9a50f77c10a3fd9b6c83c8f2835eb6742788df	3586
research-control	a5605a72768c6562241b248e268e33dc92787394	runtime-build-orchestration-input	scripts/check-rocmfpx-long-context-smoke.sh	100755	60b3dd183a70f54a4fc3eb7172ccf11b7126d720	3a4ccb7948ec9ea04e484aa6f330784a5d15b14bd1231d6821c31ef0f3362dad	2600
research-control	a5605a72768c6562241b248e268e33dc92787394	runtime-build-orchestration-input	scripts/check-rocmfpx-minimax-smoke.sh	100755	f94d85202f0c3dfc4b8a8e98bdc885028abca4ff	f7b850f348f943f1e0e0a05619697e72e5a256350ed958d20280ff2c9d82ac63	1439
research-control	a5605a72768c6562241b248e268e33dc92787394	runtime-build-orchestration-input	scripts/check-rocmfpx-model-capabilities.sh	100755	57b68134997a5c37b3b5355b440f9064025dee55	f3d240f9a504ef6ba8dcb0805e5a5a96c545ce932740056fb3f6f0403044aa8a	3743
research-control	a5605a72768c6562241b248e268e33dc92787394	runtime-build-orchestration-input	scripts/check-rocmfpx-moe-routing.sh	100755	6291c234db8503e306268e64f194441bb522f806	a1f403f7367873785a21664d7478af3a460a6abc2fc8f464eca5cdcf3da8a169	2217
research-control	a5605a72768c6562241b248e268e33dc92787394	runtime-build-orchestration-input	scripts/check-rocmfpx-mtp-smoke.sh	100755	ee0e864ad54b7e5f738224d9bb411f7c506f20af	1c35f17daea75197b548d1d816d9f595df150caa90f5f6ba4bc3bbe20ebe3344	2913
research-control	a5605a72768c6562241b248e268e33dc92787394	runtime-build-orchestration-input	scripts/check-rocmfpx-openclaw-smoke.sh	100755	c69e674cf1034751d385efff67137a830baf346d	a91bf9f386aef580eafb6135154e952b91d939f344af98d0ce6fe29dc1b9ae89	2605
research-control	a5605a72768c6562241b248e268e33dc92787394	runtime-build-orchestration-input	scripts/check-rocmfpx-qwen-all.sh	100755	e1fa7c406f7e51dee81a8b05cf06c5b2e5dcebb9	c484c4f5924ee3ca77c9a2eb6d22e28a61facc1f09639f19aca3413e7f35df0e	755
research-control	a5605a72768c6562241b248e268e33dc92787394	runtime-build-orchestration-input	scripts/check-rocmfpx-qwen-bench.sh	100755	772bedb18edac0a8f954b9c9710b2d935c3e2d39	4a538c61d5aa6678d74416028549d0acdde2c3b936412304e864f5c614bced14	1227
research-control	a5605a72768c6562241b248e268e33dc92787394	runtime-build-orchestration-input	scripts/check-rocmfpx-qwen-coherency.sh	100755	68bc0f4ed42d124b845a04a553078ad4a4fba32c	fec886bb1b45bf11a0b4b5608a97ae06b09dc0e5944c8e3eda26125c44adcb6a	3573
research-control	a5605a72768c6562241b248e268e33dc92787394	runtime-build-orchestration-input	scripts/check-rocmfpx-qwen-large.sh	100755	0f2a3c76e5b794689c8fa4819911abf740af477a	26038a521d690e7e408cc008f47364f6df66f4d96a83ef9219afd7b83408c65f	2305
research-control	a5605a72768c6562241b248e268e33dc92787394	runtime-build-orchestration-input	scripts/check-rocmfpx-qwen-strict-json.sh	100755	e360a611b65cc990946d0e3e74918a11ec4d4e0e	7b67fd7eaf79a1f4fca125feaf9fe2c2889f172fb07b04b7e6cd1e0a50da0377	1722
research-control	a5605a72768c6562241b248e268e33dc92787394	runtime-build-orchestration-input	scripts/check-rocmfpx-ranked-policy.sh	100755	230c155ba98fff88173a7e9f30ccdb8b946fb9b7	9ac3cedfa3bd5f2b6ade55707561cb7ba73c3c72e181caf24e2369dda81a50c9	1585
research-control	a5605a72768c6562241b248e268e33dc92787394	runtime-build-orchestration-input	scripts/check-rocmfpx-reference.sh	100755	0f4856a1cd0a4eb748cc96e8f73dce586e1a2109	b7e2e3c9d4aa3716be8cb9e6d005a18f7c69b8c34a648893d96cb8a34e3f10c7	519
research-control	a5605a72768c6562241b248e268e33dc92787394	runtime-build-orchestration-input	scripts/check-rocmfpx-spec-decode-all.sh	100755	a3915a582e59df881250a12c8792a5479ae102b8	5dc346578f97491eb9fd3ac30aa4927c15ef4aeace14b767b13c2e80f2e6b0d5	1594
research-control	a5605a72768c6562241b248e268e33dc92787394	runtime-build-orchestration-input	scripts/check-rocmfpx-speculative-smoke.sh	100755	dc3592fa293a54c3bf7b0cde5511b455dc363406	cec174aad7ae6e55eb7b860289490ac35e5e7138f8b994ee1d96ae5bc9df1792	2828
research-control	a5605a72768c6562241b248e268e33dc92787394	runtime-build-orchestration-input	scripts/check-rocmfpx-summary.sh	100755	11c6c2ca923957b4cc8781caab4a6122c57b1f32	969765ceaebbef8a261b25085d58c63580391a7982b0dd97c07fade874f668f8	3359
research-control	a5605a72768c6562241b248e268e33dc92787394	runtime-build-orchestration-input	scripts/check-rocmfpx-tool-calling.sh	100755	6fc0f21b7ca33b9c2fd9a8776d41a82f879c0579	9975fe866241091ab286b31062a03f09cfebeec23d442b5fe3919b6aa83a91b0	2775
research-control	a5605a72768c6562241b248e268e33dc92787394	runtime-build-orchestration-input	scripts/check-step37-mtp-gguf-metadata.sh	100755	344b6ab2a18b2d823941f77f5613706cf91d72e3	aae82861b41d22afb6df2daa9ba7cb98bdbe0a3e7204f075035862f73223d6a5	2047
research-control	a5605a72768c6562241b248e268e33dc92787394	runtime-build-orchestration-input	scripts/compare-commits.sh	100755	1802d6e5ef9f0d72ca8ac51b32217c34379f8b4f	a1048b31e74bf7b60a537fef6ec4a02d6855c59849c0e75dbe55f1a8a08d4388	1798
research-control	a5605a72768c6562241b248e268e33dc92787394	runtime-build-orchestration-input	scripts/compare-llama-bench.py	100755	5a6cc7dbb134160b1165d9405a1fa290100a7ca8	f556c71666b8097c7c95c45b66af4adecee91e9f81a74baa8111d51dbefa9420	46201
research-control	a5605a72768c6562241b248e268e33dc92787394	runtime-build-orchestration-input	scripts/compare-logprobs.py	100644	ac10085b788e80555a8fa0fb35389a311ae3d239	2c08992c8015cb38a901250cac4a6beb4f3c3db5c390efd2ddd3abd05208eb4a	9459
research-control	a5605a72768c6562241b248e268e33dc92787394	runtime-build-orchestration-input	scripts/convert_deepseek_v4_modular.py	100644	1efae44f0e163079f972108abd9de04c103ab7bb	d3de0ce8c54024af6b779245757119e303da2d6bbcae86bcd24ba209dfd2c601	1743
research-control	a5605a72768c6562241b248e268e33dc92787394	runtime-build-orchestration-input	scripts/create_ops_docs.py	100755	e3a476a1a13ffbad21527ef0587ec197f078d67a	fbc9fd162663ad0e362a04204c1a98401209720e3cd7aa188d44a73e0fcb9eda	6921
research-control	a5605a72768c6562241b248e268e33dc92787394	runtime-build-orchestration-input	scripts/debug-test.sh	100755	ead7ea15d14b45bfd1520c894732d4fb791e119f	e29b1cad2656c1e5bd82d29dd90608e2ac6d2c7b00ab35f97109425b0376a5f3	5080
research-control	a5605a72768c6562241b248e268e33dc92787394	runtime-build-orchestration-input	scripts/fetch_server_test_models.py	100755	f43d1f63cdc7ecca90bc20ac2dd1a11bf0c54e2c	170087eb9d4e81770a73127783775735d0c38c5df2ae865b869298eb6c65a52d	4025
research-control	a5605a72768c6562241b248e268e33dc92787394	runtime-build-orchestration-input	scripts/finalize-step37-mtp-rocmfp4.sh	100755	5b8151a3b905f0730b4d37608d860107f38627ff	81112637d5bded43a2424e77625a696aa3711395633fdd037c6059b624ff136a	1830
research-control	a5605a72768c6562241b248e268e33dc92787394	runtime-build-orchestration-input	scripts/gen-authors.sh	100755	73e7b386f97f2a77f500146e4b9f47d01836ff00	3d9f4568c55cfb5d79e2388f33a3da91dcca5c797a72fd5737ee1a5bf450acef	345
research-control	a5605a72768c6562241b248e268e33dc92787394	runtime-build-orchestration-input	scripts/gen-unicode-data.py	100644	0fa78b22ec90348e503a901563b53213ca6a2381	1263a483de7fc2b00e4a04a6dd9ef8fe7029f208aa692365b63d43551a7808e5	6414
research-control	a5605a72768c6562241b248e268e33dc92787394	runtime-build-orchestration-input	scripts/get-hellaswag.sh	100755	0b161141f46555fca7b0edd49bfb8272e847288f	fd88558dfd3879d6072c709f19581f683b07eae07e2f0fd81a3e687c31884cb3	661
research-control	a5605a72768c6562241b248e268e33dc92787394	runtime-build-orchestration-input	scripts/get-pg.sh	100755	f180bf8340241294bf310671338a6c1816b4bf7b	54c349a1b4ba8019d7fe7a8fe1b033325d73486c387025189b005077f6cd30be	1396
research-control	a5605a72768c6562241b248e268e33dc92787394	runtime-build-orchestration-input	scripts/get-wikitext-2.sh	100755	bd03ad35263e033bb96c8cd31314ccc422ebddb7	0d09ae33d5473a0b406332ccd1a41e24e09dced9c6ab97388ebaa9729259bd48	745
research-control	a5605a72768c6562241b248e268e33dc92787394	runtime-build-orchestration-input	scripts/get-winogrande.sh	100755	bfa0d2ef0b237651ac47f4e3ce6aab0fc614b7a2	0e6021f3424d937961d87704b36240b46167e2e4f6118d2763fae79ce1f17513	684
research-control	a5605a72768c6562241b248e268e33dc92787394	runtime-build-orchestration-input	scripts/get_chat_template.py	100755	b4827b317e1c934b359388a578b534f114bdc282	5161a4c0c644a7e326a144a55f2e9b2b3aab562bf787e139cc0a8f99fa90f90e	2866
research-control	a5605a72768c6562241b248e268e33dc92787394	runtime-build-orchestration-input	scripts/git-bisect-run.sh	100755	cd1b8c104c4c461dd5c64ca26f34779bb7e29963	5fb7bf323516a18fdde58903d41cb6edcf6a43fab01b4809dfba21420008e857	407
research-control	a5605a72768c6562241b248e268e33dc92787394	runtime-build-orchestration-input	scripts/git-bisect.sh	100755	3279d502e1142e418538d6118189db8c77634802	3f2f7a4d81d85d9cbcb2a38cd44505a245c445569bc95f9abd5f60dc5242c2dd	615
research-control	a5605a72768c6562241b248e268e33dc92787394	runtime-build-orchestration-input	scripts/hf.sh	100755	e41b9053afdf244004acb23f0b1024e8397b6a44	ad38d61cb75d5a783f9ef29a3aafe670b5d93fea8c1ca87221f0ccf04d506493	2311
research-control	a5605a72768c6562241b248e268e33dc92787394	runtime-build-orchestration-input	scripts/hip/gcn-cdna-vgpr-check.py	100644	0b007125405745047c007c5a90810b01194194e0	625b756c32baa4a4bab949f33bf0fd408e86625229fb410f9f15c54e5c4b4252	16911
research-control	a5605a72768c6562241b248e268e33dc92787394	runtime-build-orchestration-input	scripts/jinja/jinja-tester.py	100755	a83f025411ae74f1902497e418792bca0b9deaf6	24992cb769ffe74260a682e94b822ef88827c25b170cd373c5c7a5a212de15e2	18887
research-control	a5605a72768c6562241b248e268e33dc92787394	python-dependency-input	scripts/jinja/requirements.txt	100644	253685b61566fd0c26c813c97ebeedd2552c78c3	51f5f1bc6f8062c2c2e25b6c1e0d689f3a905b83e2541606b99e85cb330533d9	15
research-control	a5605a72768c6562241b248e268e33dc92787394	runtime-build-orchestration-input	scripts/pr2wt.sh	100755	ae03a888cb64ce70406068afe8c066dd4a2034dc	db20cf9a421ad907d275609d30fb40b4a730188a50900fede944f99b69d93f37	2388
research-control	a5605a72768c6562241b248e268e33dc92787394	runtime-build-orchestration-input	scripts/profile-rocmfpx-rocm-bench.sh	100755	a3780462ad22f02d1c06b4a6483dde93739abd56	e28941ae0c12ebf3f4f988a8ecee31793a052d93ee2a722272f332737b66b849	1953
research-control	a5605a72768c6562241b248e268e33dc92787394	runtime-build-orchestration-input	scripts/quantize-rocmfpx-agent.sh	100755	1d399d05d0cc0a81b0d3acb5f6802b1ad3a30dfe	dcb8434061f64963202817312b01ea7058f74dbb443e306355a23e158ba2c899	5842
research-control	a5605a72768c6562241b248e268e33dc92787394	runtime-build-orchestration-input	scripts/quantize-rocmfpx-from-kquant.sh	100755	16e942515ee54589eb4142978c7904f75f76e9d9	c5c4c764bbc12e77b4647f1b1048a77fb3bd01919a774b2b6cb371464a82a3f1	4936
research-control	a5605a72768c6562241b248e268e33dc92787394	runtime-build-orchestration-input	scripts/reproduce-rocmfp4-qwen-mtp-comparison.sh	100755	248be9a87e13b015bf58a646579ddb019cb4518b	4ca641542fdb786741a8b7e624bc52ffcc7af5e06b4d88c08de0bcc95f2df10f	7224
research-control	a5605a72768c6562241b248e268e33dc92787394	runtime-build-orchestration-input	scripts/rocmfp4-decode-tune-flags.sh	100644	a72a54b0b5fa2b49d67ab011dedafb9feacba465	7acd36cdb6e5ab136072653586ecaa50c76b92205a1cb3b7009d130f54340418	2978
research-control	a5605a72768c6562241b248e268e33dc92787394	runtime-build-orchestration-input	scripts/rocmfpx-draft-profile.py	100755	89615a2c38ff30abd498d3e210937a7f5bd31816	99fe75681555fbc803d4dd5375c1d19a3c16a21a34d095bb8d0611c2246c29e2	5318
research-control	a5605a72768c6562241b248e268e33dc92787394	runtime-build-orchestration-input	scripts/rocmfpx-lib.sh	100755	dca0fd136a2dbf3950b7b0e7d63317f15622dfe5	45ec29fa13623153a08a5756bdbd04139867e19f51738048e75e3240f0be2274	2857
research-control	a5605a72768c6562241b248e268e33dc92787394	runtime-build-orchestration-input	scripts/rocmfpx-model-capabilities.py	100755	9e68fd7903ce7db7038561ced63b5205ae78ad4b	a6d8083f1d1877067904e3c96f99600338bb424bdbebd277a8477f4039070a01	13527
research-control	a5605a72768c6562241b248e268e33dc92787394	runtime-build-orchestration-input	scripts/rocmfpx-production-preflight.sh	100755	1f572b3f383d6dec9abdb383e40ec5229725d4a3	86a75f73a1c47bc6f77914115556cc3aefcb588a45191cd67276baff316e3184	2758
research-control	a5605a72768c6562241b248e268e33dc92787394	runtime-build-orchestration-input	scripts/rocmfpx-ranked-policy.py	100755	811514843fe9e2b6e27156abd97b875f9749a2f3	5e5d663d610f614ca7aac4c309dc8051212f9c16c921482611789da64baa0d4a	3269
research-control	a5605a72768c6562241b248e268e33dc92787394	runtime-build-orchestration-input	scripts/run-deepseek-v4-mtp-context-ladder.sh	100755	f630a6dcd2a60cc1449c23c237bd9fa1168ed25a	c577d1bc4b813ff4b0add8acd4ccc74d9c6e327411095c80bfa0e1a795c11cbe	1160
research-control	a5605a72768c6562241b248e268e33dc92787394	runtime-build-orchestration-input	scripts/run-deepseek-v4-mtp-rocmfp4-capped-smoke.sh	100755	1089c751004f994e429b848b49b7028bb6d72741	176854b86353225392641652e967d67e51500210e755eb9f38ab7af009c3ac88	1147
research-control	a5605a72768c6562241b248e268e33dc92787394	runtime-build-orchestration-input	scripts/run-deepseek-v4-mtp-rocmfp4-chat.sh	100755	0827aaecd9a727175b9f63e67263d3d56f8ca121	c915eec31e5e48bc405d31582f9c4f40f5595814f66b03c8cfa20399db180491	4342
research-control	a5605a72768c6562241b248e268e33dc92787394	runtime-build-orchestration-input	scripts/run-deepseek-v4-mtp-rocmfp4-smoke.sh	100755	796cc274d39478d4523aa65207c78842a38c9e30	293855e9c06db7d3946998c9214b51aa5a72b269b9de9dc3d34d0731c36d8979	4919
research-control	a5605a72768c6562241b248e268e33dc92787394	runtime-build-orchestration-input	scripts/run-deepseek-v4-rocmfp3-pipeline.sh	100755	9ae51f76281a2206a43ccc41ad566fa85a69406f	db12fd31c1e6cef62a56c734700d9b4763761aac37579a5744202090ce2b1404	2522
research-control	a5605a72768c6562241b248e268e33dc92787394	runtime-build-orchestration-input	scripts/run-deepseek-v4-rocmfp4-fixture.sh	100755	3b7329a757c8150499448eb19e02e1285455d086	926b3f121b3e308023dc99e6de7b5ff0740881f9d8475eef47546d8edf850a61	3800
research-control	a5605a72768c6562241b248e268e33dc92787394	runtime-build-orchestration-input	scripts/run-deepseek-v4-rocmfp4-full-conversion.sh	100755	8c4024f611438560805d27bc0dc5c8a374a92a2d	c7ac5384bea3751267035f0dbaa9ee4958f55ef20b59bbfaeec19713eeefd958	3572
research-control	a5605a72768c6562241b248e268e33dc92787394	runtime-build-orchestration-input	scripts/run-deepseek-v4-rocmfp4-smoke.sh	100755	6e66f1e7f5840b40cfebd1bd9987f46368abb782	2d22bea4f61dabb282a2c60c4be4f3aa3336306887842d397c644dd66a829ec6	3654
research-control	a5605a72768c6562241b248e268e33dc92787394	runtime-build-orchestration-input	scripts/run-qwen36-27b-benchmark.sh	100755	9695f119672a1045ce2ee352dad0ccba838a75ba	fd4b1f835e4b1d04d82d64e935ff336b5d364b3d2d8dc951c639a471872d2a3a	8604
research-control	a5605a72768c6562241b248e268e33dc92787394	runtime-build-orchestration-input	scripts/run-qwen36-27b-dflash-rocmfp4-batch16.sh	100755	2dc4e1da6f5e3b9225d3c1820863dbdddeb5eee2	136f54df25424dbe347807ca9d55cbeff2cd65c923f581ed78e51d15c0e9f97a	6909
research-control	a5605a72768c6562241b248e268e33dc92787394	runtime-build-orchestration-input	scripts/run-qwen36-q4km-vs-rocmfp4-benchmark.sh	100755	e676224d2660bbde8dfb3ff94bb73ef13e952b65	0647537f1c8730a7b85d059f33c2f211a4f7a5f980fab2e4ea07f770fe0aeb2b	11026
research-control	a5605a72768c6562241b248e268e33dc92787394	runtime-build-orchestration-input	scripts/run-rocmfpx-mtp-server.sh	100755	52ec1a18c71b72658b2e81330a5b82be672324e7	e3f4feece341633c52882419c3e918c97f3a15362e18d246286effa8dc2646e9	9073
research-control	a5605a72768c6562241b248e268e33dc92787394	runtime-build-orchestration-input	scripts/run-rocmfpx-turboquant-asym-server.sh	100755	0a01c07d05052f0f456e45a9e0ce314f781edd59	7d11780827e8f016a41075ff58d0fa0fefe79f48f63de6d5df4f152ba4069d4a	889
research-control	a5605a72768c6562241b248e268e33dc92787394	runtime-build-orchestration-input	scripts/run-step37-mtp-context-ladder.sh	100755	5501ad583a611216ccb9086c55ee6b5cd17ef8f6	88d2d305293d8cea846475d19fbbe116acafea5011726b6d1ac5878a0dfe3b5f	3378
research-control	a5605a72768c6562241b248e268e33dc92787394	runtime-build-orchestration-input	scripts/run-step37-mtp-long-prompt.sh	100755	099ca4162b2ac529a72efd16e825f3746fbc3760	7a3133ea766f3c0534a02ba8745a19c9591623f74a928a6c56faea344900911e	4166
research-control	a5605a72768c6562241b248e268e33dc92787394	runtime-build-orchestration-input	scripts/run-step37-mtp-rocmfp4-chat.sh	100755	a2193559044f08b2a3461e772928bb2c4e76f5cf	65f5e79e2c6728273eab5ed339718c63d929e36f08381b2cf6acfdbe06410ebf	2439
research-control	a5605a72768c6562241b248e268e33dc92787394	runtime-build-orchestration-input	scripts/run-step37-mtp-rocmfp4-smoke.sh	100755	4b8c2fb64fa2f388be87997af3e1cc14389403d5	67c581b7502ff54765faaef0be8eaa58223ebc4f44b2cc2b41df57b4b89b3d1c	3859
research-control	a5605a72768c6562241b248e268e33dc92787394	runtime-build-orchestration-input	scripts/run-step37-mtp-speed-matrix.sh	100755	37fcb6bce69981ed0c093825e4b73d2fa403b3c4	27609d861eee9ca15756ce0552ad340f9b7b6cb18991b5c8b6427ecd7ea594b4	5055
research-control	a5605a72768c6562241b248e268e33dc92787394	runtime-build-orchestration-input	scripts/server-bench.py	100755	1b557a495a51df9782a42983538b9913382d4a78	b03f317d0b2e47e69a37621308f91dcde86a82cf2f28e2fb814e27d14c966c46	13605
research-control	a5605a72768c6562241b248e268e33dc92787394	runtime-build-orchestration-input	scripts/server-test-function-call.py	100755	c32f17b5e3bf00316d1e81d168817f5848e05623	226fd90cba1b9931bab8807d65793d8932bf4ee9784531aaf3db9be3129eaa3d	39021
research-control	a5605a72768c6562241b248e268e33dc92787394	runtime-build-orchestration-input	scripts/server-test-model.py	100644	9049d80279ae00155c32258828db1a00194cfd21	0563a39c42bb5e15ed0ee8323380f4c33ec591498278beb477a4c3465cf91cf9	8007
research-control	a5605a72768c6562241b248e268e33dc92787394	runtime-build-orchestration-input	scripts/server-test-parallel-tc.py	100755	a166c6d720814bb42fc83882b29aa0b08e821e52	d20d24672fb95564c606e793c17d120abcd8a633f16bde92a1b4f4fc2996c028	32928
research-control	a5605a72768c6562241b248e268e33dc92787394	runtime-build-orchestration-input	scripts/server-test-structured.py	100755	da217fc46c86e82e62430fdd3a4ff6e2d1a0e1fa	bca9355fe3a7239623f180366ddea0ea82bc6dbc0da66bc6956a2630c9cf1407	36429
research-control	a5605a72768c6562241b248e268e33dc92787394	runtime-build-orchestration-input	scripts/setup-rocm-7.2.1-rpath-local.sh	100755	a9ee58c8b73c6851bc63850e8389e08396ab51e1	f63a3fd03481810cba8a338ba3c68a84a547fa5ec717a30b7fca2f2552e0429d	3845
research-control	a5605a72768c6562241b248e268e33dc92787394	runtime-build-orchestration-input	scripts/snapdragon/adb/run-bench.sh	100755	27459df241b11c3396872f60d1d8deb523893365	53702b63e74ed778c987cdda4d54a4e5b5d99e494d7ba57269ef3294b27e9005	1133
research-control	a5605a72768c6562241b248e268e33dc92787394	runtime-build-orchestration-input	scripts/snapdragon/adb/run-cli.sh	100755	3f89a7777c6ee6c06bb9dbfc7fc3e6241480517c	82a4ab1f17ea6e4a7e870f9f33a91a946fc642b03bc538478585e29cea288ed1	1846
research-control	a5605a72768c6562241b248e268e33dc92787394	runtime-build-orchestration-input	scripts/snapdragon/adb/run-completion.sh	100755	1b904c77b3f40e2ee789e40eaae4606b7508250b	d07943477b06f98534c440dbe1087608849afd1850628c0c000d52c6ff523395	1756
research-control	a5605a72768c6562241b248e268e33dc92787394	runtime-build-orchestration-input	scripts/snapdragon/adb/run-mtmd.sh	100755	38467beba3d06d78d1161b20a01594742ae0fa89	1a3bd2dfebf1301076d0db4f83fccdc6a89beeb56cf540eb4302102128b35b16	1884
research-control	a5605a72768c6562241b248e268e33dc92787394	runtime-build-orchestration-input	scripts/snapdragon/adb/run-tool.sh	100755	27cbb2b6d05e428bcdf92b295f4745632aab6a83	91bf80beb03e8290d9cac9aa1982aea78b2998cf752aac3e4340f79003b1eaa0	1045
research-control	a5605a72768c6562241b248e268e33dc92787394	runtime-build-orchestration-input	scripts/snapdragon/ggml-hexagon-profile.py	100755	3edaacd2749d2fe68c25f75fa79589711a13dd15	7555f63daf16f161e9a8e2d917e0e8a0d7f48f9449745530a2ecefee7c646f1f	7143
research-control	a5605a72768c6562241b248e268e33dc92787394	python-dependency-input	scripts/snapdragon/qdc/requirements.txt	100644	5e0f85917e3ce1464f492b79af7167a6222dc874	0ba8b3f89b4a87ddcda5f6a63fc2d428f8cbab07b73c1d42de2683446660d970	388
research-control	a5605a72768c6562241b248e268e33dc92787394	runtime-build-orchestration-input	scripts/snapdragon/qdc/run_qdc_jobs.py	100644	b4eede3d019f118dedaff4897352778c4710510f	262ede6585d4e1833a8ff9ad2141eacc3550b9cc4ab509d633b0b9e22c84b52d	14890
research-control	a5605a72768c6562241b248e268e33dc92787394	runtime-build-orchestration-input	scripts/snapdragon/qdc/tests/conftest.py	100644	0fc5b3e5fa7ca4027a9b7322faa1d28b2d491976	d8db0560ff8a85c8472174d8594198dae4b8eeaa6c79e5ddfbec7f3618ed9988	562
research-control	a5605a72768c6562241b248e268e33dc92787394	runtime-build-orchestration-input	scripts/snapdragon/qdc/tests/run_backend_ops_posix.py	100644	958fc0747623873275421940941ead0b32c90ab2	bb0cb5c24a2853668357b9a4fa1e581e35570574a3bbdc8c1354852a792f6058	1321
research-control	a5605a72768c6562241b248e268e33dc92787394	runtime-build-orchestration-input	scripts/snapdragon/qdc/tests/run_bench_tests_posix.py	100644	44802c3136aa494511438ddd8a5bb10b5f398f69	389419e3de811cb04e48177ddb29bfca65e8514a484ba44aed52be6333f65edc	2665
research-control	a5605a72768c6562241b248e268e33dc92787394	runtime-build-orchestration-input	scripts/snapdragon/qdc/tests/utils.py	100644	00f0f1b2f917b8f155667aa6f34d3ec9734e19c2	4432ccee5434492738c5164c3f3edda938353b3fba92e71f82df24d683a4a9c9	3378
research-control	a5605a72768c6562241b248e268e33dc92787394	runtime-build-orchestration-input	scripts/snapdragon/windows/run-bench.ps1	100644	8bf6939d2c00dbce25d14a8abdb60c5426a4da2a	c6b74097f5f4349f5c366ce4b5f9c86bda882468b55ea3f68de7755b9bb41dde	874
research-control	a5605a72768c6562241b248e268e33dc92787394	runtime-build-orchestration-input	scripts/snapdragon/windows/run-cli.ps1	100644	104452f9ba729fc2733ff90b7924e022d26fb33f	48f7e27d25287dd17af6e3f8b5e14756e306d056fac11780f7cbccd4c5b84a7a	997
research-control	a5605a72768c6562241b248e268e33dc92787394	runtime-build-orchestration-input	scripts/snapdragon/windows/run-completion.ps1	100644	5841a82fa991cc08f5bbe8b79aacf2244d61849e	9149d6aa9a8835c4f810b1cc68e01d81b6f78bd701b8738d48b15060d0cc8a2d	1011
research-control	a5605a72768c6562241b248e268e33dc92787394	runtime-build-orchestration-input	scripts/snapdragon/windows/run-mtmd.ps1	100644	be817875142075db8ed1a45cc772213bb353ff9d	9f0e78a9d45dd64af5d8565c7a6029463a71beb039f7b184d8163f5c035cb31e	1304
research-control	a5605a72768c6562241b248e268e33dc92787394	runtime-build-orchestration-input	scripts/snapdragon/windows/run-tool.ps1	100644	15c880f2dbdf08bd6158d4cc567c7952ec17a1c8	350b0906548d296aace8e499087ac5a3581b20c4720654ecb09e9db485fb9199	981
research-control	a5605a72768c6562241b248e268e33dc92787394	runtime-build-orchestration-input	scripts/snapdragon/windows/setup-build.ps1	100644	0f3244cc9d27e8002b91886fbc66d345f1ed6d73	05c83ed19faf683e8eb2589081c26a917275f61df60fc966f5cf9b1182548257	4157
research-control	a5605a72768c6562241b248e268e33dc92787394	runtime-build-orchestration-input	scripts/stop-deepseek-v4-mtp-rocmfp4-chat.sh	100755	4d0d9df2b6bd65a9da1cd12b9e714c00fc6c8970	fbcd7fb79c991e1acc591399e138ce366731d0b906d9cfde20b5747385c28e6a	1146
research-control	a5605a72768c6562241b248e268e33dc92787394	runtime-build-orchestration-input	scripts/sweep-rocmfp4-prefill-mmq.sh	100755	0e3effb2c6ad5b0bb0f144e51678ef9ba17b79c6	c86016ecefc14e29c2b62c0e2b0a9536ece5346ec36e5bbec62d6f31ae1b805f	4608
research-control	a5605a72768c6562241b248e268e33dc92787394	runtime-build-orchestration-input	scripts/sweep-rocmfp6-competitive.sh	100755	4763d2aabda433aceb846556293c95438d7618d9	4b6b49ff2e8501cc45722acbd6937a06ac25632f83eb83228ff114965d0ec337	5494
research-control	a5605a72768c6562241b248e268e33dc92787394	runtime-build-orchestration-input	scripts/sweep-rocmfp6-kernel-tune.sh	100755	7d58cda76b43b5a34a46992a8e241e0980bf4f69	c92c0d404d3ca3d22e3dce959b4bb315fec3d663cb4da0b563478c1cccc15b0e	4408
research-control	a5605a72768c6562241b248e268e33dc92787394	runtime-build-orchestration-input	scripts/sweep-rocmfpx-agent-routing.sh	100755	a0076c5379d2f1ad8f7635a773d9826ea0e06226	d92d57d7f170be1bdb3ec8a8e686c62b43abfda78707ad2c5b19384786eb4b7d	3116
research-control	a5605a72768c6562241b248e268e33dc92787394	runtime-build-orchestration-input	scripts/sweep-rocmfpx-agent-size-table.sh	100755	eeec5a481d869e4b18fb2298c554e1cde25bed7a	5cc03c492ed873f28f35389fdb38b9f75d04b85634108c239efae2d87e8f7f3f	2391
research-control	a5605a72768c6562241b248e268e33dc92787394	runtime-build-orchestration-input	scripts/sweep-rocmfpx-backend-ops.sh	100755	3f73a2d69c294c4b33a81b095b3b25592508d32d	f84f15a0421625345a4001775ff34d729b403b107f144462ccfff1396607144e	1939
research-control	a5605a72768c6562241b248e268e33dc92787394	runtime-build-orchestration-input	scripts/sweep-rocmfpx-decode-tune.sh	100755	2f98cb38dadb8cdd9d81ce48070cde34c97ab61b	de7202f538120a6077c6f4bed337b04f3d876367b66e42238de55f0c7e368f2d	2582
research-control	a5605a72768c6562241b248e268e33dc92787394	runtime-build-orchestration-input	scripts/sweep-rocmfpx-perplexity.sh	100755	01470d6e180e1ac920f8769b7471c83903c29f2c	a36d888cadcfb5dcdbfd0e6ac8c9a66a13ed27f7c6d1557f3383d1f011e9acc2	3329
research-control	a5605a72768c6562241b248e268e33dc92787394	runtime-build-orchestration-input	scripts/sweep-rocmfpx-rocm-ai-speed.sh	100755	cd8b6a9d97f3a76605a9ff98e5d3e0ad9059735c	c76aec5b539d071cd7f4e1f87f649c969216dd515ebc22673efaeec3de34385b	4841
research-control	a5605a72768c6562241b248e268e33dc92787394	runtime-build-orchestration-input	scripts/sync-ggml-am.sh	100755	826c560cd883a8f20c9a33a52ce51e09e8dcadfa	aa976c4968842681ee75d8296da17fa4fcad2d864c2ad441431fdc0b39924ac2	4617
research-control	a5605a72768c6562241b248e268e33dc92787394	runtime-build-orchestration-input	scripts/sync-ggml.sh	100755	2da9b578915826fff94387cf884da008681969fb	d9aca1142dd3e5ab8646e691cdfdd4f6e5120dfe232b13799b9b1beae8298385	788
research-control	a5605a72768c6562241b248e268e33dc92787394	runtime-build-orchestration-input	scripts/sync_vendor.py	100755	402d7bbad3362e91901924831b39cb452123a8d9	03781b5f98ba8969659eecbff40ee996da0dad4720624bcc513556a68dea7df6	1782
research-control	a5605a72768c6562241b248e268e33dc92787394	runtime-build-orchestration-input	scripts/tool_bench.py	100755	d9f5583d4a561ff773c1cd6638d338c1be8890ef	f91dd61072ba4c1a5b48eaea2a521643cd090ca6c004559358c45e7adf21695c	14961
research-control	a5605a72768c6562241b248e268e33dc92787394	runtime-build-orchestration-input	scripts/tool_bench.sh	100755	05b41d2f1fafb97eb53a096df894a476f743eaef	cdffafc7811400293ce028830e321ab6641f4908c0ae2b3706dfa90c35ab986c	6055
research-control	a5605a72768c6562241b248e268e33dc92787394	runtime-build-orchestration-input	scripts/verify-checksum-models.py	100755	0b5b9aafaade3d25547cb633bd39c2eaf29f5199	a76122391f4e332c61f16469e5e300f1181cb4b50ea2dd757be2cc7f885046b2	2476
research-control	a5605a72768c6562241b248e268e33dc92787394	runtime-build-orchestration-input	scripts/wait-finalize-step37-mtp-rocmfp4.sh	100755	9fe54920ab509b706dc2c570f3811bca849d0e6f	80aad2df3c0e7e056b165a1be1709f1ea5e9f5ea53b2a8989e3096beeb408815	817
research-control	a5605a72768c6562241b248e268e33dc92787394	runtime-build-orchestration-input	scripts/wc2wt.sh	100755	157881b458f041394e1810860ef780edc1a6afcc	39400128bc19452c5f9d6ac829dd06147a599fc385345ac9ead7d7c2998b53a5	1383
research-control	a5605a72768c6562241b248e268e33dc92787394	cmake-input	src/CMakeLists.txt	100644	93b641eddd5287d73e7f14590ac1efbfa18b6ca1	e667aea6cd676d89cfdcb7e4a020f4a658ba360b8d83696fbf2f8ef02a16c6e2	1673
research-control	a5605a72768c6562241b248e268e33dc92787394	cmake-input	tests/CMakeLists.txt	100644	a3b7a83ca8f96088154df636909b2738410fd08e	4a36f8b9380655d2ca4ddb7d7afb1291e4514e6f567f212a60bfdfad755b7399	13756
research-control	a5605a72768c6562241b248e268e33dc92787394	cmake-input	tools/CMakeLists.txt	100644	b433c91d85eba849e290897b08c26848f77ba12d	0e471b0b077f1696a893326045a88d626159a7b6bf4c8141639f0a25bc785c39	930
research-control	a5605a72768c6562241b248e268e33dc92787394	cmake-input	tools/batched-bench/CMakeLists.txt	100644	f9ffd2d4ce70fbf1d8fb1c90b15576defd076b10	41f7481dc5e680493aaf0e3caf127d8bbdbb96533791f5516164c1b5f9ab8c30	288
research-control	a5605a72768c6562241b248e268e33dc92787394	cmake-input	tools/cli/CMakeLists.txt	100644	7e01abb81b9644511d754b40aa4ca7a2aa7ef703	0af665c052ca6b89c3f6600b85ebee9183b928821f6ebec37dc2495cacd94917	316
research-control	a5605a72768c6562241b248e268e33dc92787394	cmake-input	tools/completion/CMakeLists.txt	100644	2c7df80652c3b2c60340802c68accdfba4dd4f6f	32343744001cdb0067cf16e8bc5f754cfb7e433d777f06c6ebb43bd09b32d67c	282
research-control	a5605a72768c6562241b248e268e33dc92787394	cmake-input	tools/cvector-generator/CMakeLists.txt	100644	c0f2c2407051f8032c539bd53d6269b4136efddd	40b16b58e0ab662efc5089a4e5a6e72ef79f9adbb8e3dda892561788385b88c0	304
research-control	a5605a72768c6562241b248e268e33dc92787394	cmake-input	tools/export-lora/CMakeLists.txt	100644	b122a87523030ca43bbc55d1863d4a4296872d94	e86289a064c28bfe45ac0bcabe492157a49a73b224d123fd0a2b7d8ef8abab57	284
research-control	a5605a72768c6562241b248e268e33dc92787394	cmake-input	tools/fit-params/CMakeLists.txt	100644	25c4096633365231ffb7807ed35da70170e8ea20	e18bd367642fcf87f08d67c17d0b32d5f449d06c2b7e32be0c988b3ab77ac997	282
research-control	a5605a72768c6562241b248e268e33dc92787394	cmake-input	tools/gguf-split/CMakeLists.txt	100644	b40e07ab5aa236d3bb547ae701090b6dc7c4d0f5	82a4bacd338ebb2bf2b1f566e9fa81c6e36c64ad49b91d771e8151aec7830721	282
research-control	a5605a72768c6562241b248e268e33dc92787394	cmake-input	tools/imatrix/CMakeLists.txt	100644	361c4577d85bec2737376344658867a449142084	6c0fe64d9aa4a3712f97f24ac2cc58fe64a0aeb5caecc33c4c57473cfdfba0f8	422
research-control	a5605a72768c6562241b248e268e33dc92787394	cmake-input	tools/llama-bench/CMakeLists.txt	100644	93d6a3aa2e7fac05b6f4981f7a2352cb7c73c1b6	2cdd19234c575c0065c37d479d6ef6f4558b7a41ecdb0107bf8e7ccf5f5fcdcc	278
research-control	a5605a72768c6562241b248e268e33dc92787394	cmake-input	tools/mtmd/CMakeLists.txt	100644	3ff313ee83ecd823ee62eb21e96bff67bc78fde2	bfb22bf61ca2845d3bc94d7920f8374a0ab7bc55cbba4f597ba16b0d95bd81a2	4044
research-control	a5605a72768c6562241b248e268e33dc92787394	python-dependency-input	tools/mtmd/requirements.txt	100644	0a1f4e8647765c0c975f067221301205dc5a061f	31e133aeb7eb226f08ea5d032bf8c965e2197e34091593e2dd7c674eaab57a52	163
research-control	a5605a72768c6562241b248e268e33dc92787394	cmake-input	tools/parser/CMakeLists.txt	100644	a8df0e7e6e36541347e35fed3feca33c9000bfe3	a783ea61cf4767c2c2f92d78628a80e5f5fce86fe2326065fd946f9f2888a9a0	815
research-control	a5605a72768c6562241b248e268e33dc92787394	cmake-input	tools/perplexity/CMakeLists.txt	100644	0c194ee7f082437c8fe5204ac7d67aefd4551a69	ba8421eedc40c1309f757904a8469821a9bea439422530f97206ce8861dffc87	282
research-control	a5605a72768c6562241b248e268e33dc92787394	cmake-input	tools/quantize/CMakeLists.txt	100644	965adc0059b8d0c208597cea8aa6aa1d54fc771f	98b366a3b7cac4be2018cd00ecf4de474ede2317499cd3d5359ed594cb6d9c6b	337
research-control	a5605a72768c6562241b248e268e33dc92787394	cmake-input	tools/results/CMakeLists.txt	100644	643eb0292775f24966885a3a35945f5de65e7fcf	e1099836927d01c95d7e55a42a876f766453e743b395eabe85c08b3627d04e1e	276
research-control	a5605a72768c6562241b248e268e33dc92787394	cmake-input	tools/rpc/CMakeLists.txt	100644	20f114ad9bae2c9e745e9d9b9e754230f5365a35	92a073869e532364bc3cc811a0324e0e750f5d6b1fe16d412fe82d6d644f20a1	236
research-control	a5605a72768c6562241b248e268e33dc92787394	cmake-input	tools/server/CMakeLists.txt	100644	9778e6341575858471aa28571ce658d6f62d3d00	4ac06cdfe05d0b63080e9bfe24da2b1086ad2917b535fd4b6804823f8647da9d	6948
research-control	a5605a72768c6562241b248e268e33dc92787394	python-dependency-input	tools/server/bench/requirements.txt	100644	66ed226eda6f0cad0da494cb8bb468471318b5f4	105cc90e6706a1296b93e961f24783cc455dfbbe6c6c9acf19d1a9a524e9eee1	20
research-control	a5605a72768c6562241b248e268e33dc92787394	python-dependency-input	tools/server/tests/requirements.txt	100644	92d27e2a13c1ac218ea35a8c8280f572ca88d0ed	32437fb0818af0ed76158b87657b5c8ff054a6b2864ebd4bf51afefa6f9b3d13	139
research-control	a5605a72768c6562241b248e268e33dc92787394	dependency-input	tools/server/webui/package-lock.json	100644	bf23307b82c2489a680e9da3f11efed455149246	d230e21c6afeb80fb1016ebebdb7584695eebe323cc59a8116daae9bf4c91b19	344338
research-control	a5605a72768c6562241b248e268e33dc92787394	dependency-input	tools/server/webui/package.json	100644	2338c38402a0ad01fb85a24c646cd7ad316f21b4	a3f2beb05da7362b378e3314d94cfb131cc3b0227db32ecc5964d908b6f0f39e	3056
research-control	a5605a72768c6562241b248e268e33dc92787394	cmake-input	tools/tokenize/CMakeLists.txt	100644	1e1836575854da3c0b5d34dd4ac7e7d6c31c2e86	075b45f7115774dd35e22d1235301081ec2b298b3ed27bf414ee015ce457e9ee	277
research-control	a5605a72768c6562241b248e268e33dc92787394	cmake-input	tools/tts/CMakeLists.txt	100644	26a8bb8f2d1fb2be153f35d84926725343ce0746	66f37d1f9ba73a20bdf9a557b43b45ff34f99fd2fef9cdd2f17de6be0591d79d	268
research-control	a5605a72768c6562241b248e268e33dc92787394	cmake-input	vendor/cpp-httplib/CMakeLists.txt	100644	dbc420d837043ba0102c8b7af50209ffb43f8352	9602765b874c62a3a5a211014167cbddcec7a848d5210f560c2ce57f3d357faa	6763
research-control	a5605a72768c6562241b248e268e33dc92787394	license-or-notice	vendor/cpp-httplib/LICENSE	100644	3e5ed359a2bb16f52c383745c25f14bb7a81c9e4	4b45cbe16d7b71b89ae6127e26e0d90a029198ca5e958ad8e3d0b8bbed364d8b	1075
