start=2026-07-17T18:16:05,794784883-07:00
commit=a5605a72768c6562241b248e268e33dc92787394
tree=6528a116ad015c316948d288b4ffd9c3586c00ad
status_begin=0
Linux nimo-2 7.1.3-1-cachyos #1 SMP PREEMPT_DYNAMIC Sat, 04 Jul 2026 20:05:25 +0000 x86_64 GNU/Linux
cmake version 4.3.4

CMake suite maintained and supported by Kitware (kitware.com/cmake).
1.13.2
HIP version: 7.2.53211-3d9ef42
AMD clang version 22.0.0git (/startdir/rocm-llvm f58b06dce1f9c15707c5f808fd002e18c2accf7e)
Target: x86_64-pc-linux-gnu
Thread model: posix
InstalledDir: /opt/rocm/lib/llvm/bin
clang version 22.1.6
Target: x86_64-pc-linux-gnu
Thread model: posix
InstalledDir: /usr/bin
               total        used        free      shared  buff/cache   available
Mem:     133623500800  2644389888 68832796672      679936 63514046464 130979110912
Swap:    34359734272   478515200 33881219072
NAME      TYPE        SIZE      USED PRIO
/swapfile file 34359734272 478515200  100
Filesystem        1B-blocks         Used    Available Use% Mounted on
/dev/nvme0n1p2 999665881088 658987237376 340815298560  66% /
build_command=env JOBS=16 BUILD_DIR=/home/connorb/halofpx-lab/open-pin-01/control/build-open-pin-01 scripts/build-strix-rocmfp4-mtp.sh
-- The C compiler identification is GNU 16.1.1
-- The CXX compiler identification is GNU 16.1.1
-- Detecting C compiler ABI info
-- Detecting C compiler ABI info - done
-- Check for working C compiler: /usr/bin/cc - skipped
-- Detecting C compile features
-- Detecting C compile features - done
-- Detecting CXX compiler ABI info
-- Detecting CXX compiler ABI info - done
-- Check for working CXX compiler: /usr/bin/c++ - skipped
-- Detecting CXX compile features
-- Detecting CXX compile features - done
CMAKE_BUILD_TYPE=Release
-- Found Git: /usr/bin/git (found version "2.55.0")
-- The ASM compiler identification is GNU
-- Found assembler: /usr/bin/cc
-- Performing Test CMAKE_HAVE_LIBC_PTHREAD
-- Performing Test CMAKE_HAVE_LIBC_PTHREAD - Success
-- Found Threads: TRUE
-- Warning: ccache not found - consider installing it for faster compilation or disable this warning with GGML_CCACHE=OFF
-- CMAKE_SYSTEM_PROCESSOR: x86_64
-- GGML_SYSTEM_ARCH: x86
-- Including CPU backend
-- Found OpenMP_C: -fopenmp (found version "5.2")
-- Found OpenMP_CXX: -fopenmp (found version "5.2")
-- Found OpenMP: TRUE (found version "5.2")
-- x86 detected
-- Adding CPU backend variant ggml-cpu: -march=native 
-- The HIP compiler identification is Clang 22.0.0
-- Detecting HIP compiler ABI info
-- Detecting HIP compiler ABI info - done
-- Check for working HIP compiler: /opt/rocm/lib/llvm/bin/clang++ - skipped
-- Detecting HIP compile features
-- Detecting HIP compile features - done
-- HIP and hipBLAS found
-- Including HIP backend
-- Found Vulkan: /usr/lib/libvulkan.so (found version "1.4.350") found components: glslc glslangValidator
-- Vulkan found
-- GL_KHR_cooperative_matrix supported by glslc
-- GL_NV_cooperative_matrix2 supported by glslc
-- GL_NV_cooperative_matrix_decode_vector not supported by glslc
-- GL_EXT_integer_dot_product supported by glslc
-- GL_EXT_bfloat16 supported by glslc
-- Including Vulkan backend
-- ggml version: 0.11.1
-- ggml commit:  a5605a7
-- Found OpenSSL: /usr/lib/libcrypto.so (found version "3.6.3")
-- Performing Test OPENSSL_VERSION_SUPPORTED
-- Performing Test OPENSSL_VERSION_SUPPORTED - Success
-- OpenSSL found: 3.6.3
-- Generating embedded license file for target: llama-common
-- Configuring done (1.8s)
-- Generating done (0.1s)
-- Build files have been written to: /home/connorb/halofpx-lab/open-pin-01/control/build-open-pin-01
[  0%] Creating directories for 'vulkan-shaders-gen'
[  0%] Building CXX object vendor/cpp-httplib/CMakeFiles/cpp-httplib.dir/httplib.cpp.o
[  0%] Building CXX object common/CMakeFiles/llama-common-base.dir/build-info.cpp.o
[  0%] Building CXX object ggml/src/CMakeFiles/ggml-base.dir/ggml-backend.cpp.o
[  0%] Building CXX object ggml/src/CMakeFiles/ggml-base.dir/ggml.cpp.o
[  0%] Building C object ggml/src/CMakeFiles/ggml-base.dir/ggml.c.o
[  1%] Building C object ggml/src/CMakeFiles/ggml-base.dir/ggml-alloc.c.o
[  1%] Building CXX object ggml/src/CMakeFiles/ggml-base.dir/ggml-opt.cpp.o
[  1%] Building CXX object ggml/src/CMakeFiles/ggml-base.dir/ggml-backend-meta.cpp.o
[  1%] Building C object ggml/src/CMakeFiles/ggml-base.dir/ggml-quants.c.o
[  1%] Building CXX object ggml/src/CMakeFiles/ggml-base.dir/ggml-threading.cpp.o
[  1%] Building C object ggml/src/CMakeFiles/ggml-base.dir/__/rocmfp4/rocmfp4.c.o
[  1%] Building C object ggml/src/CMakeFiles/ggml-base.dir/__/rocmfpx/rocmfpx.c.o
[  1%] Building CXX object ggml/src/CMakeFiles/ggml-base.dir/gguf.cpp.o
[  1%] No download step for 'vulkan-shaders-gen'
[  1%] No update step for 'vulkan-shaders-gen'
[  1%] No patch step for 'vulkan-shaders-gen'
[  1%] Performing configure step for 'vulkan-shaders-gen'
-- The C compiler identification is GNU 16.1.1
-- The CXX compiler identification is GNU 16.1.1
-- Detecting C compiler ABI info
-- Detecting C compiler ABI info - done
-- Check for working C compiler: /usr/bin/cc - skipped
-- Detecting C compile features
-- Detecting C compile features - done
[  1%] Linking CXX static library libllama-common-base.a
-- Detecting CXX compiler ABI info
[  1%] Built target llama-common-base
-- Detecting CXX compiler ABI info - done
-- Check for working CXX compiler: /usr/bin/c++ - skipped
-- Detecting CXX compile features
-- Detecting CXX compile features - done
-- Performing Test CMAKE_HAVE_LIBC_PTHREAD
-- Performing Test CMAKE_HAVE_LIBC_PTHREAD - Success
-- Found Threads: TRUE
-- Enabling coopmat glslc support
-- Enabling coopmat2 glslc support
-- Enabling dot glslc support
-- Enabling bfloat16 glslc support
-- Configuring done (0.2s)
-- Generating done (0.0s)
-- Build files have been written to: /home/connorb/halofpx-lab/open-pin-01/control/build-open-pin-01/ggml/src/ggml-vulkan/vulkan-shaders-gen-prefix/src/vulkan-shaders-gen-build
[  1%] Performing build step for 'vulkan-shaders-gen'
[ 50%] Building CXX object CMakeFiles/vulkan-shaders-gen.dir/vulkan-shaders-gen.cpp.o
[  1%] Linking CXX shared library ../../bin/libggml-base.so
[  1%] Built target ggml-base
[  2%] Building C object ggml/src/CMakeFiles/ggml-cpu.dir/ggml-cpu/ggml-cpu.c.o
[  2%] Building CXX object ggml/src/CMakeFiles/ggml-cpu.dir/ggml-cpu/repack.cpp.o
[  2%] Building C object ggml/src/CMakeFiles/ggml-cpu.dir/ggml-cpu/quants.c.o
[  2%] Building CXX object ggml/src/CMakeFiles/ggml-cpu.dir/ggml-cpu/amx/amx.cpp.o
[  2%] Building CXX object ggml/src/CMakeFiles/ggml-cpu.dir/ggml-cpu/binary-ops.cpp.o
[  2%] Building CXX object ggml/src/CMakeFiles/ggml-cpu.dir/ggml-cpu/vec.cpp.o
[  2%] Building CXX object ggml/src/CMakeFiles/ggml-cpu.dir/ggml-cpu/llamafile/sgemm.cpp.o
[  4%] Building CXX object ggml/src/CMakeFiles/ggml-cpu.dir/ggml-cpu/hbm.cpp.o
[  4%] Building CXX object ggml/src/CMakeFiles/ggml-cpu.dir/ggml-cpu/amx/mmq.cpp.o
[  4%] Building CXX object ggml/src/CMakeFiles/ggml-cpu.dir/ggml-cpu/traits.cpp.o
[  4%] Building CXX object ggml/src/CMakeFiles/ggml-cpu.dir/ggml-cpu/ops.cpp.o
[  4%] Building CXX object ggml/src/CMakeFiles/ggml-cpu.dir/ggml-cpu/ggml-cpu.cpp.o
[  4%] Building CXX object ggml/src/CMakeFiles/ggml-cpu.dir/ggml-cpu/unary-ops.cpp.o
[  4%] Building C object ggml/src/CMakeFiles/ggml-cpu.dir/ggml-cpu/arch/x86/quants.c.o
[  4%] Building HIP object ggml/src/ggml-hip/CMakeFiles/ggml-hip.dir/__/ggml-cuda/acc.cu.o
[  4%] Building CXX object ggml/src/CMakeFiles/ggml-cpu.dir/ggml-cpu/arch/x86/repack.cpp.o
[  4%] Building HIP object ggml/src/ggml-hip/CMakeFiles/ggml-hip.dir/__/ggml-cuda/add-id.cu.o
[  4%] Building HIP object ggml/src/ggml-hip/CMakeFiles/ggml-hip.dir/__/ggml-cuda/allreduce.cu.o
[  5%] Building HIP object ggml/src/ggml-hip/CMakeFiles/ggml-hip.dir/__/ggml-cuda/arange.cu.o
[  5%] Building HIP object ggml/src/ggml-hip/CMakeFiles/ggml-hip.dir/__/ggml-cuda/argmax.cu.o
[  5%] Building HIP object ggml/src/ggml-hip/CMakeFiles/ggml-hip.dir/__/ggml-cuda/argsort.cu.o
[  5%] Building HIP object ggml/src/ggml-hip/CMakeFiles/ggml-hip.dir/__/ggml-cuda/binbcast.cu.o
[  5%] Building HIP object ggml/src/ggml-hip/CMakeFiles/ggml-hip.dir/__/ggml-cuda/clamp.cu.o
[  5%] Building HIP object ggml/src/ggml-hip/CMakeFiles/ggml-hip.dir/__/ggml-cuda/concat.cu.o
[  5%] Building HIP object ggml/src/ggml-hip/CMakeFiles/ggml-hip.dir/__/ggml-cuda/conv-transpose-1d.cu.o
[  5%] Building HIP object ggml/src/ggml-hip/CMakeFiles/ggml-hip.dir/__/ggml-cuda/conv2d-dw.cu.o
[  5%] Building HIP object ggml/src/ggml-hip/CMakeFiles/ggml-hip.dir/__/ggml-cuda/conv2d-transpose.cu.o
[  6%] Building HIP object ggml/src/ggml-hip/CMakeFiles/ggml-hip.dir/__/ggml-cuda/conv2d.cu.o
[  6%] Building HIP object ggml/src/ggml-hip/CMakeFiles/ggml-hip.dir/__/ggml-cuda/convert.cu.o
[  6%] Building HIP object ggml/src/ggml-hip/CMakeFiles/ggml-hip.dir/__/ggml-cuda/count-equal.cu.o
[  6%] Building HIP object ggml/src/ggml-hip/CMakeFiles/ggml-hip.dir/__/ggml-cuda/cpy.cu.o
[  6%] Building HIP object ggml/src/ggml-hip/CMakeFiles/ggml-hip.dir/__/ggml-cuda/cross-entropy-loss.cu.o
[  6%] Building HIP object ggml/src/ggml-hip/CMakeFiles/ggml-hip.dir/__/ggml-cuda/cumsum.cu.o
[  6%] Building HIP object ggml/src/ggml-hip/CMakeFiles/ggml-hip.dir/__/ggml-cuda/diag.cu.o
[  6%] Building HIP object ggml/src/ggml-hip/CMakeFiles/ggml-hip.dir/__/ggml-cuda/diagmask.cu.o
[  6%] Building HIP object ggml/src/ggml-hip/CMakeFiles/ggml-hip.dir/__/ggml-cuda/dsv4.cu.o
[  6%] Building HIP object ggml/src/ggml-hip/CMakeFiles/ggml-hip.dir/__/ggml-cuda/fattn-tile.cu.o
[  8%] Building HIP object ggml/src/ggml-hip/CMakeFiles/ggml-hip.dir/__/ggml-cuda/fattn-wmma-f16.cu.o
[  8%] Building HIP object ggml/src/ggml-hip/CMakeFiles/ggml-hip.dir/__/ggml-cuda/fattn.cu.o
[  8%] Building HIP object ggml/src/ggml-hip/CMakeFiles/ggml-hip.dir/__/ggml-cuda/fill.cu.o
[  8%] Building HIP object ggml/src/ggml-hip/CMakeFiles/ggml-hip.dir/__/ggml-cuda/gated_delta_net.cu.o
[  8%] Building HIP object ggml/src/ggml-hip/CMakeFiles/ggml-hip.dir/__/ggml-cuda/getrows.cu.o
[  8%] Building HIP object ggml/src/ggml-hip/CMakeFiles/ggml-hip.dir/__/ggml-cuda/ggml-cuda.cu.o
[  8%] Building HIP object ggml/src/ggml-hip/CMakeFiles/ggml-hip.dir/__/ggml-cuda/gla.cu.o
[  8%] Building HIP object ggml/src/ggml-hip/CMakeFiles/ggml-hip.dir/__/ggml-cuda/im2col.cu.o
[  8%] Building HIP object ggml/src/ggml-hip/CMakeFiles/ggml-hip.dir/__/ggml-cuda/mean.cu.o
[  9%] Building HIP object ggml/src/ggml-hip/CMakeFiles/ggml-hip.dir/__/ggml-cuda/mmf.cu.o
[  9%] Building HIP object ggml/src/ggml-hip/CMakeFiles/ggml-hip.dir/__/ggml-cuda/mmid.cu.o
[  9%] Building HIP object ggml/src/ggml-hip/CMakeFiles/ggml-hip.dir/__/ggml-cuda/mmq.cu.o
[  9%] Building HIP object ggml/src/ggml-hip/CMakeFiles/ggml-hip.dir/__/ggml-cuda/mmvf.cu.o
[100%] Linking CXX executable vulkan-shaders-gen
[100%] Built target vulkan-shaders-gen
[  9%] Performing install step for 'vulkan-shaders-gen'
-- Installing: /home/connorb/halofpx-lab/open-pin-01/control/build-open-pin-01/Release/./vulkan-shaders-gen
[  9%] Completed 'vulkan-shaders-gen'
[  9%] Built target vulkan-shaders-gen
[  9%] Building HIP object ggml/src/ggml-hip/CMakeFiles/ggml-hip.dir/__/ggml-cuda/mmvq.cu.o
[  9%] Building HIP object ggml/src/ggml-hip/CMakeFiles/ggml-hip.dir/__/ggml-cuda/norm.cu.o
[  9%] Building HIP object ggml/src/ggml-hip/CMakeFiles/ggml-hip.dir/__/ggml-cuda/opt-step-adamw.cu.o
[  9%] Building HIP object ggml/src/ggml-hip/CMakeFiles/ggml-hip.dir/__/ggml-cuda/opt-step-sgd.cu.o
[  9%] Building HIP object ggml/src/ggml-hip/CMakeFiles/ggml-hip.dir/__/ggml-cuda/out-prod.cu.o
[  9%] Building HIP object ggml/src/ggml-hip/CMakeFiles/ggml-hip.dir/__/ggml-cuda/pad.cu.o
[ 10%] Building HIP object ggml/src/ggml-hip/CMakeFiles/ggml-hip.dir/__/ggml-cuda/pad_reflect_1d.cu.o
[ 10%] Building HIP object ggml/src/ggml-hip/CMakeFiles/ggml-hip.dir/__/ggml-cuda/pool2d.cu.o
[ 10%] Building HIP object ggml/src/ggml-hip/CMakeFiles/ggml-hip.dir/__/ggml-cuda/quantize.cu.o
[ 10%] Building HIP object ggml/src/ggml-hip/CMakeFiles/ggml-hip.dir/__/ggml-cuda/roll.cu.o
[ 10%] Building HIP object ggml/src/ggml-hip/CMakeFiles/ggml-hip.dir/__/ggml-cuda/rope.cu.o
[ 10%] Building HIP object ggml/src/ggml-hip/CMakeFiles/ggml-hip.dir/__/ggml-cuda/scale.cu.o
[ 10%] Building HIP object ggml/src/ggml-hip/CMakeFiles/ggml-hip.dir/__/ggml-cuda/set-rows.cu.o
[ 10%] Linking CXX shared library ../../bin/libggml-cpu.so
[ 10%] Building HIP object ggml/src/ggml-hip/CMakeFiles/ggml-hip.dir/__/ggml-cuda/set.cu.o
[ 10%] Built target ggml-cpu
[ 10%] Generate vulkan shaders for wkv7.comp
[ 10%] Building HIP object ggml/src/ggml-hip/CMakeFiles/ggml-hip.dir/__/ggml-cuda/snake.cu.o
[ 12%] Building HIP object ggml/src/ggml-hip/CMakeFiles/ggml-hip.dir/__/ggml-cuda/softcap.cu.o
[ 12%] Generate vulkan shaders for acc.comp
[ 13%] Generate vulkan shaders for add.comp
[ 13%] Building HIP object ggml/src/ggml-hip/CMakeFiles/ggml-hip.dir/__/ggml-cuda/softmax.cu.o
[ 13%] Building HIP object ggml/src/ggml-hip/CMakeFiles/ggml-hip.dir/__/ggml-cuda/solve_tri.cu.o
[ 13%] Generate vulkan shaders for add1.comp
[ 13%] Generate vulkan shaders for add_id.comp
[ 13%] Generate vulkan shaders for arange.comp
[ 13%] Generate vulkan shaders for argmax.comp
[ 13%] Generate vulkan shaders for argsort.comp
[ 13%] Generate vulkan shaders for argsort_large.comp
[ 13%] Generate vulkan shaders for concat.comp
[ 13%] Generate vulkan shaders for contig_copy.comp
[ 14%] Generate vulkan shaders for conv2d_dw.comp
[ 14%] Generate vulkan shaders for conv2d_mm.comp
[ 14%] Building HIP object ggml/src/ggml-hip/CMakeFiles/ggml-hip.dir/__/ggml-cuda/ssm-conv.cu.o
[ 14%] Building HIP object ggml/src/ggml-hip/CMakeFiles/ggml-hip.dir/__/ggml-cuda/ssm-scan.cu.o
[ 14%] Generate vulkan shaders for conv_transpose_1d.comp
[ 14%] Building HIP object ggml/src/ggml-hip/CMakeFiles/ggml-hip.dir/__/ggml-cuda/sum.cu.o
[ 14%] Generate vulkan shaders for copy.comp
[ 14%] Building HIP object ggml/src/ggml-hip/CMakeFiles/ggml-hip.dir/__/ggml-cuda/sumrows.cu.o
[ 14%] Building HIP object ggml/src/ggml-hip/CMakeFiles/ggml-hip.dir/__/ggml-cuda/top-k.cu.o
[ 14%] Generate vulkan shaders for copy_from_quant.comp
[ 14%] Building HIP object ggml/src/ggml-hip/CMakeFiles/ggml-hip.dir/__/ggml-cuda/topk-moe.cu.o
[ 14%] Generate vulkan shaders for copy_quant_same.comp
[ 14%] Building HIP object ggml/src/ggml-hip/CMakeFiles/ggml-hip.dir/__/ggml-cuda/tri.cu.o
[ 14%] Generate vulkan shaders for copy_to_quant.comp
[ 16%] Building HIP object ggml/src/ggml-hip/CMakeFiles/ggml-hip.dir/__/ggml-cuda/tsembd.cu.o
[ 16%] Building HIP object ggml/src/ggml-hip/CMakeFiles/ggml-hip.dir/__/ggml-cuda/unary.cu.o
[ 16%] Generate vulkan shaders for copy_transpose.comp
[ 16%] Generate vulkan shaders for count_equal.comp
[ 16%] Generate vulkan shaders for count_experts.comp
[ 17%] Generate vulkan shaders for cumsum.comp
[ 17%] Generate vulkan shaders for cumsum_multipass1.comp
[ 17%] Generate vulkan shaders for dequant_f32.comp
[ 17%] Generate vulkan shaders for cumsum_multipass2.comp
[ 17%] Building HIP object ggml/src/ggml-hip/CMakeFiles/ggml-hip.dir/__/ggml-cuda/upscale.cu.o
[ 17%] Building HIP object ggml/src/ggml-hip/CMakeFiles/ggml-hip.dir/__/ggml-cuda/wkv.cu.o
[ 17%] Generate vulkan shaders for dequant_iq1_m.comp
[ 17%] Generate vulkan shaders for dequant_iq1_s.comp
[ 17%] Building HIP object ggml/src/ggml-hip/CMakeFiles/ggml-hip.dir/__/__/rocmfp4/rocmfp4_hip.cu.o
[ 17%] Generate vulkan shaders for dequant_iq2_s.comp
[ 17%] Building HIP object ggml/src/ggml-hip/CMakeFiles/ggml-hip.dir/__/ggml-cuda/template-instances/fattn-tile-instance-dkq112-dv112.cu.o
[ 17%] Building HIP object ggml/src/ggml-hip/CMakeFiles/ggml-hip.dir/__/ggml-cuda/template-instances/fattn-tile-instance-dkq128-dv128.cu.o
[ 17%] Building HIP object ggml/src/ggml-hip/CMakeFiles/ggml-hip.dir/__/ggml-cuda/template-instances/fattn-tile-instance-dkq192-dv128.cu.o
[ 17%] Generate vulkan shaders for dequant_iq2_xs.comp
[ 17%] Generate vulkan shaders for dequant_iq2_xxs.comp
[ 17%] Building HIP object ggml/src/ggml-hip/CMakeFiles/ggml-hip.dir/__/ggml-cuda/template-instances/fattn-tile-instance-dkq256-dv256.cu.o
[ 18%] Generate vulkan shaders for dequant_iq3_s.comp
[ 18%] Linking CXX static library libcpp-httplib.a
[ 20%] Building HIP object ggml/src/ggml-hip/CMakeFiles/ggml-hip.dir/__/ggml-cuda/template-instances/fattn-tile-instance-dkq320-dv256.cu.o
[ 20%] Built target cpp-httplib
[ 20%] Generate vulkan shaders for dequant_iq3_xxs.comp
[ 20%] Generate vulkan shaders for dequant_iq4_nl.comp
[ 20%] Generate vulkan shaders for dequant_iq4_xs.comp
[ 20%] Generate vulkan shaders for dequant_mxfp4.comp
[ 20%] Generate vulkan shaders for dequant_nvfp4.comp
[ 20%] Generate vulkan shaders for dequant_q1_0.comp
[ 20%] Generate vulkan shaders for dequant_q2_k.comp
[ 20%] Generate vulkan shaders for dequant_q3_k.comp
[ 20%] Generate vulkan shaders for dequant_q4_0.comp
[ 21%] Generate vulkan shaders for dequant_q4_1.comp
[ 21%] Generate vulkan shaders for dequant_q4_k.comp
[ 21%] Generate vulkan shaders for dequant_q5_0.comp
[ 21%] Generate vulkan shaders for dequant_q5_1.comp
[ 21%] Generate vulkan shaders for dequant_q5_k.comp
[ 21%] Building HIP object ggml/src/ggml-hip/CMakeFiles/ggml-hip.dir/__/ggml-cuda/template-instances/fattn-tile-instance-dkq40-dv40.cu.o
[ 21%] Building HIP object ggml/src/ggml-hip/CMakeFiles/ggml-hip.dir/__/ggml-cuda/template-instances/fattn-tile-instance-dkq512-dv512.cu.o
[ 21%] Generate vulkan shaders for dequant_q6_k.comp
[ 21%] Generate vulkan shaders for dequant_q8_0.comp
[ 21%] Generate vulkan shaders for dequant_rocmfp4.comp
[ 21%] Generate vulkan shaders for dequant_rocmfp4_fast.comp
[ 22%] Generate vulkan shaders for dequant_rocmfpx_fp3.comp
[ 22%] Generate vulkan shaders for dequant_rocmfpx_fp6.comp
[ 22%] Generate vulkan shaders for dequant_rocmfpx_fp8.comp
[ 22%] Building HIP object ggml/src/ggml-hip/CMakeFiles/ggml-hip.dir/__/ggml-cuda/template-instances/fattn-tile-instance-dkq576-dv512.cu.o
[ 22%] Generate vulkan shaders for dequant_turbo3_0.comp
[ 22%] Generate vulkan shaders for dequant_turbo4_0.comp
[ 22%] Building HIP object ggml/src/ggml-hip/CMakeFiles/ggml-hip.dir/__/ggml-cuda/template-instances/fattn-tile-instance-dkq64-dv64.cu.o
[ 22%] Generate vulkan shaders for diag.comp
[ 22%] Generate vulkan shaders for diag_mask_inf.comp
[ 22%] Building HIP object ggml/src/ggml-hip/CMakeFiles/ggml-hip.dir/__/ggml-cuda/template-instances/fattn-tile-instance-dkq72-dv72.cu.o
[ 22%] Generate vulkan shaders for div.comp
[ 22%] Generate vulkan shaders for fill.comp
[ 22%] Generate vulkan shaders for flash_attn.comp
[ 24%] Generate vulkan shaders for flash_attn_cm1.comp
[ 24%] Building HIP object ggml/src/ggml-hip/CMakeFiles/ggml-hip.dir/__/ggml-cuda/template-instances/fattn-tile-instance-dkq80-dv80.cu.o
[ 24%] Generate vulkan shaders for flash_attn_cm2.comp
[ 24%] Generate vulkan shaders for flash_attn_mask_opt.comp
[ 24%] Generate vulkan shaders for flash_attn_split_k_reduce.comp
[ 24%] Generate vulkan shaders for gated_delta_net.comp
[ 24%] Generate vulkan shaders for geglu.comp
[ 24%] Generate vulkan shaders for geglu_erf.comp
[ 24%] Generate vulkan shaders for geglu_quick.comp
[ 25%] Generate vulkan shaders for get_rows.comp
[ 25%] Generate vulkan shaders for get_rows_quant.comp
[ 25%] Generate vulkan shaders header
[ 25%] Building HIP object ggml/src/ggml-hip/CMakeFiles/ggml-hip.dir/__/ggml-cuda/template-instances/fattn-tile-instance-dkq96-dv96.cu.o
[ 25%] Generate vulkan shaders for group_norm.comp
[ 25%] Building HIP object ggml/src/ggml-hip/CMakeFiles/ggml-hip.dir/__/ggml-cuda/template-instances/fattn-mma-f16-instance-ncols1_1-ncols2_16.cu.o
[ 25%] Generate vulkan shaders for im2col.comp
[ 25%] Generate vulkan shaders for im2col_3d.comp
[ 25%] Generate vulkan shaders for l2_norm.comp
[ 25%] Generate vulkan shaders for log.comp
[ 25%] Generate vulkan shaders for mul.comp
[ 25%] Generate vulkan shaders for mul_mat_split_k_reduce.comp
[ 25%] Generate vulkan shaders for mul_mat_vec.comp
[ 25%] Building HIP object ggml/src/ggml-hip/CMakeFiles/ggml-hip.dir/__/ggml-cuda/template-instances/fattn-mma-f16-instance-ncols1_1-ncols2_32.cu.o
[ 27%] Building HIP object ggml/src/ggml-hip/CMakeFiles/ggml-hip.dir/__/ggml-cuda/template-instances/fattn-mma-f16-instance-ncols1_1-ncols2_8.cu.o
[ 27%] Generate vulkan shaders for mul_mat_vec_iq1_m.comp
[ 28%] Generate vulkan shaders for mul_mat_vec_iq1_s.comp
[ 28%] Generate vulkan shaders for mul_mat_vec_iq2_s.comp
[ 28%] Generate vulkan shaders for mul_mat_vec_iq2_xs.comp
[ 28%] Generate vulkan shaders for mul_mat_vec_iq2_xxs.comp
[ 28%] Generate vulkan shaders for mul_mat_vec_iq3_s.comp
[ 28%] Generate vulkan shaders for mul_mat_vec_iq3_xxs.comp
[ 28%] Generate vulkan shaders for mul_mat_vec_nc.comp
[ 28%] Generate vulkan shaders for mul_mat_vec_p021.comp
[ 28%] Building HIP object ggml/src/ggml-hip/CMakeFiles/ggml-hip.dir/__/ggml-cuda/template-instances/fattn-mma-f16-instance-ncols1_16-ncols2_1.cu.o
[ 28%] Generate vulkan shaders for mul_mat_vec_q2_k.comp
[ 28%] Building HIP object ggml/src/ggml-hip/CMakeFiles/ggml-hip.dir/__/ggml-cuda/template-instances/fattn-mma-f16-instance-ncols1_16-ncols2_2.cu.o
[ 29%] Generate vulkan shaders for mul_mat_vec_q3_k.comp
[ 29%] Building HIP object ggml/src/ggml-hip/CMakeFiles/ggml-hip.dir/__/ggml-cuda/template-instances/fattn-mma-f16-instance-ncols1_16-ncols2_4.cu.o
[ 29%] Generate vulkan shaders for mul_mat_vec_q4_k.comp
[ 29%] Generate vulkan shaders for mul_mat_vec_q5_k.comp
[ 29%] Generate vulkan shaders for mul_mat_vec_q6_k.comp
[ 29%] Generate vulkan shaders for mul_mat_vecq.comp
[ 29%] Building HIP object ggml/src/ggml-hip/CMakeFiles/ggml-hip.dir/__/ggml-cuda/template-instances/fattn-mma-f16-instance-ncols1_2-ncols2_16.cu.o
[ 29%] Generate vulkan shaders for mul_mm.comp
[ 29%] Building HIP object ggml/src/ggml-hip/CMakeFiles/ggml-hip.dir/__/ggml-cuda/template-instances/fattn-mma-f16-instance-ncols1_2-ncols2_32.cu.o
[ 29%] Building HIP object ggml/src/ggml-hip/CMakeFiles/ggml-hip.dir/__/ggml-cuda/template-instances/fattn-mma-f16-instance-ncols1_2-ncols2_4.cu.o
[ 29%] Generate vulkan shaders for mul_mm_cm2.comp
[ 29%] Building HIP object ggml/src/ggml-hip/CMakeFiles/ggml-hip.dir/__/ggml-cuda/template-instances/fattn-mma-f16-instance-ncols1_2-ncols2_8.cu.o
[ 29%] Building HIP object ggml/src/ggml-hip/CMakeFiles/ggml-hip.dir/__/ggml-cuda/template-instances/fattn-mma-f16-instance-ncols1_32-ncols2_1.cu.o
[ 31%] Building HIP object ggml/src/ggml-hip/CMakeFiles/ggml-hip.dir/__/ggml-cuda/template-instances/fattn-mma-f16-instance-ncols1_32-ncols2_2.cu.o
[ 31%] Building HIP object ggml/src/ggml-hip/CMakeFiles/ggml-hip.dir/__/ggml-cuda/template-instances/fattn-mma-f16-instance-ncols1_4-ncols2_16.cu.o
[ 31%] Building HIP object ggml/src/ggml-hip/CMakeFiles/ggml-hip.dir/__/ggml-cuda/template-instances/fattn-mma-f16-instance-ncols1_4-ncols2_2.cu.o
[ 31%] Generate vulkan shaders for mul_mmq.comp
[ 31%] Generate vulkan shaders for multi_add.comp
[ 31%] Generate vulkan shaders for norm.comp
[ 32%] Generate vulkan shaders for opt_step_adamw.comp
[ 32%] Generate vulkan shaders for opt_step_sgd.comp
[ 32%] Building HIP object ggml/src/ggml-hip/CMakeFiles/ggml-hip.dir/__/ggml-cuda/template-instances/fattn-mma-f16-instance-ncols1_4-ncols2_4.cu.o
[ 32%] Generate vulkan shaders for pad.comp
[ 32%] Building HIP object ggml/src/ggml-hip/CMakeFiles/ggml-hip.dir/__/ggml-cuda/template-instances/fattn-mma-f16-instance-ncols1_4-ncols2_8.cu.o
[ 32%] Generate vulkan shaders for pool2d.comp
[ 32%] Building HIP object ggml/src/ggml-hip/CMakeFiles/ggml-hip.dir/__/ggml-cuda/template-instances/fattn-mma-f16-instance-ncols1_64-ncols2_1.cu.o
[ 32%] Generate vulkan shaders for quantize_q8_1.comp
[ 32%] Generate vulkan shaders for reglu.comp
[ 32%] Generate vulkan shaders for repeat.comp
[ 32%] Generate vulkan shaders for repeat_back.comp
[ 32%] Generate vulkan shaders for rms_norm.comp
[ 33%] Generate vulkan shaders for rms_norm_back.comp
[ 33%] Generate vulkan shaders for rms_norm_partials.comp
[ 33%] Generate vulkan shaders for roll.comp
[ 33%] Building HIP object ggml/src/ggml-hip/CMakeFiles/ggml-hip.dir/__/ggml-cuda/template-instances/fattn-mma-f16-instance-ncols1_8-ncols2_1.cu.o
[ 33%] Building HIP object ggml/src/ggml-hip/CMakeFiles/ggml-hip.dir/__/ggml-cuda/template-instances/fattn-mma-f16-instance-ncols1_8-ncols2_2.cu.o
[ 33%] Generate vulkan shaders for rope_multi.comp
[ 33%] Generate vulkan shaders for rope_neox.comp
[ 33%] Building HIP object ggml/src/ggml-hip/CMakeFiles/ggml-hip.dir/__/ggml-cuda/template-instances/fattn-mma-f16-instance-ncols1_8-ncols2_4.cu.o
[ 33%] Building HIP object ggml/src/ggml-hip/CMakeFiles/ggml-hip.dir/__/ggml-cuda/template-instances/fattn-mma-f16-instance-ncols1_8-ncols2_8.cu.o
[ 33%] Generate vulkan shaders for rope_norm.comp
[ 33%] Generate vulkan shaders for rope_vision.comp
[ 33%] Generate vulkan shaders for scale.comp
[ 33%] Generate vulkan shaders for set_rows_turbo.comp
[ 35%] Building HIP object ggml/src/ggml-hip/CMakeFiles/ggml-hip.dir/__/ggml-cuda/template-instances/mmq-instance-iq1_s.cu.o
[ 35%] Building HIP object ggml/src/ggml-hip/CMakeFiles/ggml-hip.dir/__/ggml-cuda/template-instances/mmq-instance-iq2_s.cu.o
[ 35%] Generate vulkan shaders for silu_back.comp
[ 36%] Generate vulkan shaders for soft_max.comp
[ 36%] Building HIP object ggml/src/ggml-hip/CMakeFiles/ggml-hip.dir/__/ggml-cuda/template-instances/mmq-instance-iq2_xs.cu.o
[ 36%] Generate vulkan shaders for soft_max_back.comp
[ 36%] Generate vulkan shaders for soft_max_large1.comp
[ 36%] Generate vulkan shaders for soft_max_large2.comp
[ 36%] Generate vulkan shaders for soft_max_large3.comp
[ 36%] Generate vulkan shaders for solve_tri.comp
[ 36%] Generate vulkan shaders for ssm_conv.comp
[ 36%] Building HIP object ggml/src/ggml-hip/CMakeFiles/ggml-hip.dir/__/ggml-cuda/template-instances/mmq-instance-iq2_xxs.cu.o
[ 36%] Generate vulkan shaders for ssm_scan.comp
[ 36%] Generate vulkan shaders for sub.comp
[ 37%] Generate vulkan shaders for sum_rows.comp
[ 37%] Building HIP object ggml/src/ggml-hip/CMakeFiles/ggml-hip.dir/__/ggml-cuda/template-instances/mmq-instance-iq3_s.cu.o
[ 37%] Building HIP object ggml/src/ggml-hip/CMakeFiles/ggml-hip.dir/__/ggml-cuda/template-instances/mmq-instance-iq3_xxs.cu.o
[ 37%] Building HIP object ggml/src/ggml-hip/CMakeFiles/ggml-hip.dir/__/ggml-cuda/template-instances/mmq-instance-iq4_nl.cu.o
[ 37%] Generate vulkan shaders for swiglu.comp
[ 37%] Generate vulkan shaders for swiglu_oai.comp
[ 37%] Generate vulkan shaders for timestep_embedding.comp
[ 37%] Building HIP object ggml/src/ggml-hip/CMakeFiles/ggml-hip.dir/__/ggml-cuda/template-instances/mmq-instance-iq4_xs.cu.o
[ 37%] Generate vulkan shaders for topk_argsort.comp
[ 37%] Building HIP object ggml/src/ggml-hip/CMakeFiles/ggml-hip.dir/__/ggml-cuda/template-instances/mmq-instance-mxfp4.cu.o
[ 39%] Building HIP object ggml/src/ggml-hip/CMakeFiles/ggml-hip.dir/__/ggml-cuda/template-instances/mmq-instance-nvfp4.cu.o
[ 39%] Generate vulkan shaders for topk_moe.comp
[ 39%] Generate vulkan shaders for topk_nary_search.comp
[ 39%] Generate vulkan shaders for tri.comp
[ 39%] Building HIP object ggml/src/ggml-hip/CMakeFiles/ggml-hip.dir/__/ggml-cuda/template-instances/mmq-instance-q1_0.cu.o
[ 39%] Generate vulkan shaders for unary.comp
[ 39%] Building HIP object ggml/src/ggml-hip/CMakeFiles/ggml-hip.dir/__/ggml-cuda/template-instances/mmq-instance-q2_0_rocmfpx.cu.o
[ 39%] Generate vulkan shaders for upscale.comp
[ 40%] Generate vulkan shaders for wkv6.comp
[ 40%] Building HIP object ggml/src/ggml-hip/CMakeFiles/ggml-hip.dir/__/ggml-cuda/template-instances/mmq-instance-q2_k.cu.o
[ 40%] Building HIP object ggml/src/ggml-hip/CMakeFiles/ggml-hip.dir/__/ggml-cuda/template-instances/mmq-instance-q3_0_rocmfpx.cu.o
[ 40%] Building HIP object ggml/src/ggml-hip/CMakeFiles/ggml-hip.dir/__/ggml-cuda/template-instances/mmq-instance-q3_k.cu.o
[ 40%] Building HIP object ggml/src/ggml-hip/CMakeFiles/ggml-hip.dir/__/ggml-cuda/template-instances/mmq-instance-q4_0.cu.o
[ 40%] Building HIP object ggml/src/ggml-hip/CMakeFiles/ggml-hip.dir/__/ggml-cuda/template-instances/mmq-instance-q4_0_rocmfp4.cu.o
[ 40%] Building HIP object ggml/src/ggml-hip/CMakeFiles/ggml-hip.dir/__/ggml-cuda/template-instances/mmq-instance-q4_0_rocmfp4_fast.cu.o
[ 40%] Building HIP object ggml/src/ggml-hip/CMakeFiles/ggml-hip.dir/__/ggml-cuda/template-instances/mmq-instance-q4_1.cu.o
[ 41%] Building HIP object ggml/src/ggml-hip/CMakeFiles/ggml-hip.dir/__/ggml-cuda/template-instances/mmq-instance-q4_k.cu.o
[ 41%] Building CXX object ggml/src/ggml-vulkan/CMakeFiles/ggml-vulkan.dir/ggml-vulkan.cpp.o
[ 41%] Building HIP object ggml/src/ggml-hip/CMakeFiles/ggml-hip.dir/__/ggml-cuda/template-instances/mmq-instance-q5_0.cu.o
[ 41%] Building HIP object ggml/src/ggml-hip/CMakeFiles/ggml-hip.dir/__/ggml-cuda/template-instances/mmq-instance-q5_1.cu.o
[ 41%] Building HIP object ggml/src/ggml-hip/CMakeFiles/ggml-hip.dir/__/ggml-cuda/template-instances/mmq-instance-q5_k.cu.o
[ 41%] Building HIP object ggml/src/ggml-hip/CMakeFiles/ggml-hip.dir/__/ggml-cuda/template-instances/mmq-instance-q6_0_rocmfpx.cu.o
[ 41%] Building HIP object ggml/src/ggml-hip/CMakeFiles/ggml-hip.dir/__/ggml-cuda/template-instances/mmq-instance-q6_k.cu.o
[ 41%] Building HIP object ggml/src/ggml-hip/CMakeFiles/ggml-hip.dir/__/ggml-cuda/template-instances/mmq-instance-q8_0.cu.o
[ 41%] Building HIP object ggml/src/ggml-hip/CMakeFiles/ggml-hip.dir/__/ggml-cuda/template-instances/mmq-instance-q8_0_rocmfpx.cu.o
[ 41%] Building HIP object ggml/src/ggml-hip/CMakeFiles/ggml-hip.dir/__/ggml-cuda/template-instances/mmf-instance-ncols_1.cu.o
[ 43%] Building HIP object ggml/src/ggml-hip/CMakeFiles/ggml-hip.dir/__/ggml-cuda/template-instances/mmf-instance-ncols_10.cu.o
[ 43%] Building HIP object ggml/src/ggml-hip/CMakeFiles/ggml-hip.dir/__/ggml-cuda/template-instances/mmf-instance-ncols_11.cu.o
[ 43%] Building CXX object ggml/src/ggml-vulkan/CMakeFiles/ggml-vulkan.dir/acc.comp.cpp.o
[ 43%] Building CXX object ggml/src/ggml-vulkan/CMakeFiles/ggml-vulkan.dir/add.comp.cpp.o
[ 43%] Building CXX object ggml/src/ggml-vulkan/CMakeFiles/ggml-vulkan.dir/add1.comp.cpp.o
[ 43%] Building CXX object ggml/src/ggml-vulkan/CMakeFiles/ggml-vulkan.dir/add_id.comp.cpp.o
[ 43%] Building CXX object ggml/src/ggml-vulkan/CMakeFiles/ggml-vulkan.dir/arange.comp.cpp.o
[ 43%] Building CXX object ggml/src/ggml-vulkan/CMakeFiles/ggml-vulkan.dir/argmax.comp.cpp.o
[ 44%] Building CXX object ggml/src/ggml-vulkan/CMakeFiles/ggml-vulkan.dir/argsort.comp.cpp.o
[ 44%] Building CXX object ggml/src/ggml-vulkan/CMakeFiles/ggml-vulkan.dir/argsort_large.comp.cpp.o
[ 44%] Building CXX object ggml/src/ggml-vulkan/CMakeFiles/ggml-vulkan.dir/concat.comp.cpp.o
[ 44%] Building CXX object ggml/src/ggml-vulkan/CMakeFiles/ggml-vulkan.dir/contig_copy.comp.cpp.o
[ 44%] Building CXX object ggml/src/ggml-vulkan/CMakeFiles/ggml-vulkan.dir/conv2d_dw.comp.cpp.o
[ 44%] Building CXX object ggml/src/ggml-vulkan/CMakeFiles/ggml-vulkan.dir/conv2d_mm.comp.cpp.o
[ 44%] Building CXX object ggml/src/ggml-vulkan/CMakeFiles/ggml-vulkan.dir/conv_transpose_1d.comp.cpp.o
[ 44%] Building CXX object ggml/src/ggml-vulkan/CMakeFiles/ggml-vulkan.dir/copy.comp.cpp.o
[ 44%] Building CXX object ggml/src/ggml-vulkan/CMakeFiles/ggml-vulkan.dir/copy_from_quant.comp.cpp.o
[ 44%] Building HIP object ggml/src/ggml-hip/CMakeFiles/ggml-hip.dir/__/ggml-cuda/template-instances/mmf-instance-ncols_12.cu.o
[ 44%] Building CXX object ggml/src/ggml-vulkan/CMakeFiles/ggml-vulkan.dir/copy_quant_same.comp.cpp.o
[ 45%] Building CXX object ggml/src/ggml-vulkan/CMakeFiles/ggml-vulkan.dir/copy_to_quant.comp.cpp.o
[ 45%] Building CXX object ggml/src/ggml-vulkan/CMakeFiles/ggml-vulkan.dir/copy_transpose.comp.cpp.o
[ 45%] Building CXX object ggml/src/ggml-vulkan/CMakeFiles/ggml-vulkan.dir/count_equal.comp.cpp.o
[ 45%] Building CXX object ggml/src/ggml-vulkan/CMakeFiles/ggml-vulkan.dir/count_experts.comp.cpp.o
[ 45%] Building CXX object ggml/src/ggml-vulkan/CMakeFiles/ggml-vulkan.dir/cumsum.comp.cpp.o
[ 45%] Building CXX object ggml/src/ggml-vulkan/CMakeFiles/ggml-vulkan.dir/cumsum_multipass1.comp.cpp.o
[ 45%] Building CXX object ggml/src/ggml-vulkan/CMakeFiles/ggml-vulkan.dir/cumsum_multipass2.comp.cpp.o
[ 45%] Building CXX object ggml/src/ggml-vulkan/CMakeFiles/ggml-vulkan.dir/dequant_f32.comp.cpp.o
[ 45%] Building CXX object ggml/src/ggml-vulkan/CMakeFiles/ggml-vulkan.dir/dequant_iq1_m.comp.cpp.o
[ 47%] Building CXX object ggml/src/ggml-vulkan/CMakeFiles/ggml-vulkan.dir/dequant_iq1_s.comp.cpp.o
[ 47%] Building CXX object ggml/src/ggml-vulkan/CMakeFiles/ggml-vulkan.dir/dequant_iq2_s.comp.cpp.o
[ 47%] Building CXX object ggml/src/ggml-vulkan/CMakeFiles/ggml-vulkan.dir/dequant_iq2_xs.comp.cpp.o
[ 47%] Building HIP object ggml/src/ggml-hip/CMakeFiles/ggml-hip.dir/__/ggml-cuda/template-instances/mmf-instance-ncols_13.cu.o
[ 47%] Building CXX object ggml/src/ggml-vulkan/CMakeFiles/ggml-vulkan.dir/dequant_iq2_xxs.comp.cpp.o
[ 47%] Building CXX object ggml/src/ggml-vulkan/CMakeFiles/ggml-vulkan.dir/dequant_iq3_s.comp.cpp.o
[ 47%] Building CXX object ggml/src/ggml-vulkan/CMakeFiles/ggml-vulkan.dir/dequant_iq3_xxs.comp.cpp.o
[ 47%] Building CXX object ggml/src/ggml-vulkan/CMakeFiles/ggml-vulkan.dir/dequant_iq4_nl.comp.cpp.o
[ 47%] Building CXX object ggml/src/ggml-vulkan/CMakeFiles/ggml-vulkan.dir/dequant_iq4_xs.comp.cpp.o
[ 47%] Building CXX object ggml/src/ggml-vulkan/CMakeFiles/ggml-vulkan.dir/dequant_mxfp4.comp.cpp.o
[ 47%] Building CXX object ggml/src/ggml-vulkan/CMakeFiles/ggml-vulkan.dir/dequant_nvfp4.comp.cpp.o
[ 48%] Building CXX object ggml/src/ggml-vulkan/CMakeFiles/ggml-vulkan.dir/dequant_q1_0.comp.cpp.o
[ 48%] Building CXX object ggml/src/ggml-vulkan/CMakeFiles/ggml-vulkan.dir/dequant_q2_k.comp.cpp.o
[ 48%] Building CXX object ggml/src/ggml-vulkan/CMakeFiles/ggml-vulkan.dir/dequant_q3_k.comp.cpp.o
[ 48%] Building CXX object ggml/src/ggml-vulkan/CMakeFiles/ggml-vulkan.dir/dequant_q4_0.comp.cpp.o
[ 48%] Building CXX object ggml/src/ggml-vulkan/CMakeFiles/ggml-vulkan.dir/dequant_q4_1.comp.cpp.o
[ 48%] Building CXX object ggml/src/ggml-vulkan/CMakeFiles/ggml-vulkan.dir/dequant_q4_k.comp.cpp.o
[ 48%] Building CXX object ggml/src/ggml-vulkan/CMakeFiles/ggml-vulkan.dir/dequant_q5_0.comp.cpp.o
[ 48%] Building CXX object ggml/src/ggml-vulkan/CMakeFiles/ggml-vulkan.dir/dequant_q5_1.comp.cpp.o
[ 48%] Building CXX object ggml/src/ggml-vulkan/CMakeFiles/ggml-vulkan.dir/dequant_q5_k.comp.cpp.o
[ 50%] Building CXX object ggml/src/ggml-vulkan/CMakeFiles/ggml-vulkan.dir/dequant_q6_k.comp.cpp.o
[ 50%] Building CXX object ggml/src/ggml-vulkan/CMakeFiles/ggml-vulkan.dir/dequant_q8_0.comp.cpp.o
[ 50%] Building CXX object ggml/src/ggml-vulkan/CMakeFiles/ggml-vulkan.dir/dequant_rocmfp4.comp.cpp.o
[ 50%] Building CXX object ggml/src/ggml-vulkan/CMakeFiles/ggml-vulkan.dir/dequant_rocmfp4_fast.comp.cpp.o
[ 50%] Building CXX object ggml/src/ggml-vulkan/CMakeFiles/ggml-vulkan.dir/dequant_rocmfpx_fp3.comp.cpp.o
[ 50%] Building CXX object ggml/src/ggml-vulkan/CMakeFiles/ggml-vulkan.dir/dequant_rocmfpx_fp6.comp.cpp.o
[ 50%] Building CXX object ggml/src/ggml-vulkan/CMakeFiles/ggml-vulkan.dir/dequant_rocmfpx_fp8.comp.cpp.o
[ 50%] Building CXX object ggml/src/ggml-vulkan/CMakeFiles/ggml-vulkan.dir/dequant_turbo3_0.comp.cpp.o
[ 50%] Building CXX object ggml/src/ggml-vulkan/CMakeFiles/ggml-vulkan.dir/dequant_turbo4_0.comp.cpp.o
[ 50%] Building CXX object ggml/src/ggml-vulkan/CMakeFiles/ggml-vulkan.dir/diag.comp.cpp.o
[ 51%] Building CXX object ggml/src/ggml-vulkan/CMakeFiles/ggml-vulkan.dir/diag_mask_inf.comp.cpp.o
[ 51%] Building HIP object ggml/src/ggml-hip/CMakeFiles/ggml-hip.dir/__/ggml-cuda/template-instances/mmf-instance-ncols_14.cu.o
[ 51%] Building CXX object ggml/src/ggml-vulkan/CMakeFiles/ggml-vulkan.dir/div.comp.cpp.o
[ 51%] Building CXX object ggml/src/ggml-vulkan/CMakeFiles/ggml-vulkan.dir/fill.comp.cpp.o
[ 51%] Building CXX object ggml/src/ggml-vulkan/CMakeFiles/ggml-vulkan.dir/flash_attn.comp.cpp.o
[ 51%] Building CXX object ggml/src/ggml-vulkan/CMakeFiles/ggml-vulkan.dir/flash_attn_cm1.comp.cpp.o
[ 51%] Building CXX object ggml/src/ggml-vulkan/CMakeFiles/ggml-vulkan.dir/flash_attn_cm2.comp.cpp.o
[ 51%] Building CXX object ggml/src/ggml-vulkan/CMakeFiles/ggml-vulkan.dir/flash_attn_mask_opt.comp.cpp.o
[ 51%] Building CXX object ggml/src/ggml-vulkan/CMakeFiles/ggml-vulkan.dir/flash_attn_split_k_reduce.comp.cpp.o
[ 51%] Building CXX object ggml/src/ggml-vulkan/CMakeFiles/ggml-vulkan.dir/gated_delta_net.comp.cpp.o
[ 52%] Building CXX object ggml/src/ggml-vulkan/CMakeFiles/ggml-vulkan.dir/geglu.comp.cpp.o
[ 52%] Building CXX object ggml/src/ggml-vulkan/CMakeFiles/ggml-vulkan.dir/geglu_erf.comp.cpp.o
[ 52%] Building CXX object ggml/src/ggml-vulkan/CMakeFiles/ggml-vulkan.dir/geglu_quick.comp.cpp.o
[ 52%] Building CXX object ggml/src/ggml-vulkan/CMakeFiles/ggml-vulkan.dir/get_rows.comp.cpp.o
[ 52%] Building CXX object ggml/src/ggml-vulkan/CMakeFiles/ggml-vulkan.dir/get_rows_quant.comp.cpp.o
[ 52%] Building CXX object ggml/src/ggml-vulkan/CMakeFiles/ggml-vulkan.dir/group_norm.comp.cpp.o
[ 52%] Building CXX object ggml/src/ggml-vulkan/CMakeFiles/ggml-vulkan.dir/im2col.comp.cpp.o
[ 52%] Building CXX object ggml/src/ggml-vulkan/CMakeFiles/ggml-vulkan.dir/im2col_3d.comp.cpp.o
[ 52%] Building CXX object ggml/src/ggml-vulkan/CMakeFiles/ggml-vulkan.dir/l2_norm.comp.cpp.o
[ 52%] Building CXX object ggml/src/ggml-vulkan/CMakeFiles/ggml-vulkan.dir/log.comp.cpp.o
[ 54%] Building CXX object ggml/src/ggml-vulkan/CMakeFiles/ggml-vulkan.dir/mul.comp.cpp.o
[ 54%] Building HIP object ggml/src/ggml-hip/CMakeFiles/ggml-hip.dir/__/ggml-cuda/template-instances/mmf-instance-ncols_15.cu.o
[ 54%] Building CXX object ggml/src/ggml-vulkan/CMakeFiles/ggml-vulkan.dir/mul_mat_split_k_reduce.comp.cpp.o
[ 54%] Building CXX object ggml/src/ggml-vulkan/CMakeFiles/ggml-vulkan.dir/mul_mat_vec.comp.cpp.o
[ 54%] Building CXX object ggml/src/ggml-vulkan/CMakeFiles/ggml-vulkan.dir/mul_mat_vec_iq1_m.comp.cpp.o
[ 54%] Building CXX object ggml/src/ggml-vulkan/CMakeFiles/ggml-vulkan.dir/mul_mat_vec_iq1_s.comp.cpp.o
[ 54%] Building CXX object ggml/src/ggml-vulkan/CMakeFiles/ggml-vulkan.dir/mul_mat_vec_iq2_s.comp.cpp.o
[ 54%] Building CXX object ggml/src/ggml-vulkan/CMakeFiles/ggml-vulkan.dir/mul_mat_vec_iq2_xs.comp.cpp.o
[ 54%] Building CXX object ggml/src/ggml-vulkan/CMakeFiles/ggml-vulkan.dir/mul_mat_vec_iq2_xxs.comp.cpp.o
[ 54%] Building CXX object ggml/src/ggml-vulkan/CMakeFiles/ggml-vulkan.dir/mul_mat_vec_iq3_s.comp.cpp.o
[ 54%] Building HIP object ggml/src/ggml-hip/CMakeFiles/ggml-hip.dir/__/ggml-cuda/template-instances/mmf-instance-ncols_16.cu.o
[ 55%] Building CXX object ggml/src/ggml-vulkan/CMakeFiles/ggml-vulkan.dir/mul_mat_vec_iq3_xxs.comp.cpp.o
[ 55%] Building CXX object ggml/src/ggml-vulkan/CMakeFiles/ggml-vulkan.dir/mul_mat_vec_nc.comp.cpp.o
[ 55%] Building CXX object ggml/src/ggml-vulkan/CMakeFiles/ggml-vulkan.dir/mul_mat_vec_p021.comp.cpp.o
[ 55%] Building CXX object ggml/src/ggml-vulkan/CMakeFiles/ggml-vulkan.dir/mul_mat_vec_q2_k.comp.cpp.o
[ 55%] Building CXX object ggml/src/ggml-vulkan/CMakeFiles/ggml-vulkan.dir/mul_mat_vec_q3_k.comp.cpp.o
[ 55%] Building CXX object ggml/src/ggml-vulkan/CMakeFiles/ggml-vulkan.dir/mul_mat_vec_q4_k.comp.cpp.o
[ 55%] Building CXX object ggml/src/ggml-vulkan/CMakeFiles/ggml-vulkan.dir/mul_mat_vec_q5_k.comp.cpp.o
[ 55%] Building HIP object ggml/src/ggml-hip/CMakeFiles/ggml-hip.dir/__/ggml-cuda/template-instances/mmf-instance-ncols_2.cu.o
[ 55%] Building CXX object ggml/src/ggml-vulkan/CMakeFiles/ggml-vulkan.dir/mul_mat_vec_q6_k.comp.cpp.o
[ 55%] Building CXX object ggml/src/ggml-vulkan/CMakeFiles/ggml-vulkan.dir/mul_mat_vecq.comp.cpp.o
[ 55%] Building CXX object ggml/src/ggml-vulkan/CMakeFiles/ggml-vulkan.dir/mul_mm.comp.cpp.o
[ 55%] Building HIP object ggml/src/ggml-hip/CMakeFiles/ggml-hip.dir/__/ggml-cuda/template-instances/mmf-instance-ncols_3.cu.o
[ 55%] Building HIP object ggml/src/ggml-hip/CMakeFiles/ggml-hip.dir/__/ggml-cuda/template-instances/mmf-instance-ncols_4.cu.o
[ 56%] Building HIP object ggml/src/ggml-hip/CMakeFiles/ggml-hip.dir/__/ggml-cuda/template-instances/mmf-instance-ncols_5.cu.o
[ 56%] Building HIP object ggml/src/ggml-hip/CMakeFiles/ggml-hip.dir/__/ggml-cuda/template-instances/mmf-instance-ncols_6.cu.o
In file included from /usr/include/c++/16/algorithm:62,
                 from /usr/include/vulkan/vulkan.hpp:16,
                 from /home/connorb/halofpx-lab/open-pin-01/control/ggml/src/ggml-vulkan/ggml-vulkan.cpp:22:
In function ‘_OutIter std::__copy_move_a2(_InIter, _Sent, _OutIter) [with bool _IsMove = false; _InIter = const unsigned int*; _Sent = const unsigned int*; _OutIter = unsigned int*]’,
    inlined from ‘_OI std::__copy_move_a1(_II, _II, _OI) [with bool _IsMove = false; _II = const unsigned int*; _OI = unsigned int*]’ at /usr/include/c++/16/bits/stl_algobase.h:490:42,
    inlined from ‘_OI std::__copy_move_a(_II, _II, _OI) [with bool _IsMove = false; _II = const unsigned int*; _OI = unsigned int*]’ at /usr/include/c++/16/bits/stl_algobase.h:498:31,
    inlined from ‘_OI std::copy(_II, _II, _OI) [with _II = const unsigned int*; _OI = unsigned int*]’ at /usr/include/c++/16/bits/stl_algobase.h:640:7,
    inlined from ‘void std::vector<_Tp, _Alloc>::_M_assign_aux(_ForwardIterator, _ForwardIterator, std::forward_iterator_tag) [with _ForwardIterator = const unsigned int*; _Tp = unsigned int; _Alloc = std::allocator<unsigned int>]’ at /usr/include/c++/16/bits/vector.tcc:347:19:
/usr/include/c++/16/bits/stl_algobase.h:424:32: warning: argument 1 null where non-null expected because argument 3 is nonzero [-Wnonnull]
  424 |               __builtin_memmove(_GLIBCXX_TO_ADDR(__result),
      |               ~~~~~~~~~~~~~~~~~^~~~~~~~~~~~~~~~~~~~~~~~~~~~
  425 |                                 _GLIBCXX_TO_ADDR(__first),
      |                                 ~~~~~~~~~~~~~~~~~~~~~~~~~~
  426 |                                 __n * sizeof(*__first));
      |                                 ~~~~~~~~~~~~~~~~~~~~~~~
/usr/include/c++/16/bits/stl_algobase.h:424:32: note: in a call to built-in function ‘void* __builtin_memmove(void*, const void*, long unsigned int)’
[ 56%] Building HIP object ggml/src/ggml-hip/CMakeFiles/ggml-hip.dir/__/ggml-cuda/template-instances/mmf-instance-ncols_7.cu.o
[ 56%] Building HIP object ggml/src/ggml-hip/CMakeFiles/ggml-hip.dir/__/ggml-cuda/template-instances/mmf-instance-ncols_8.cu.o
[ 56%] Building HIP object ggml/src/ggml-hip/CMakeFiles/ggml-hip.dir/__/ggml-cuda/template-instances/mmf-instance-ncols_9.cu.o
[ 58%] Building CXX object ggml/src/ggml-vulkan/CMakeFiles/ggml-vulkan.dir/mul_mm_cm2.comp.cpp.o
[ 58%] Building HIP object ggml/src/ggml-hip/CMakeFiles/ggml-hip.dir/__/ggml-cuda/template-instances/fattn-vec-instance-f16-f16.cu.o
[ 58%] Building HIP object ggml/src/ggml-hip/CMakeFiles/ggml-hip.dir/__/ggml-cuda/template-instances/fattn-vec-instance-q4_0-q4_0.cu.o
[ 58%] Building HIP object ggml/src/ggml-hip/CMakeFiles/ggml-hip.dir/__/ggml-cuda/template-instances/fattn-vec-instance-q4_0_rocmfp4-q4_0_rocmfp4.cu.o
[ 58%] Building HIP object ggml/src/ggml-hip/CMakeFiles/ggml-hip.dir/__/ggml-cuda/template-instances/fattn-vec-instance-q4_0_rocmfp4_fast-q4_0_rocmfp4_fast.cu.o
[ 59%] Building HIP object ggml/src/ggml-hip/CMakeFiles/ggml-hip.dir/__/ggml-cuda/template-instances/fattn-vec-instance-q3_0_rocmfpx-q3_0_rocmfpx.cu.o
[ 59%] Building HIP object ggml/src/ggml-hip/CMakeFiles/ggml-hip.dir/__/ggml-cuda/template-instances/fattn-vec-instance-q6_0_rocmfpx-q6_0_rocmfpx.cu.o
[ 59%] Building HIP object ggml/src/ggml-hip/CMakeFiles/ggml-hip.dir/__/ggml-cuda/template-instances/fattn-vec-instance-q8_0_rocmfpx-q8_0_rocmfpx.cu.o
[ 59%] Building HIP object ggml/src/ggml-hip/CMakeFiles/ggml-hip.dir/__/ggml-cuda/template-instances/fattn-vec-instance-q8_0-q8_0.cu.o
[ 59%] Building HIP object ggml/src/ggml-hip/CMakeFiles/ggml-hip.dir/__/ggml-cuda/template-instances/fattn-vec-instance-bf16-bf16.cu.o
[ 59%] Building HIP object ggml/src/ggml-hip/CMakeFiles/ggml-hip.dir/__/ggml-cuda/template-instances/fattn-vec-instance-turbo3_0-turbo3_0.cu.o
[ 59%] Building HIP object ggml/src/ggml-hip/CMakeFiles/ggml-hip.dir/__/ggml-cuda/template-instances/fattn-vec-instance-turbo4_0-turbo4_0.cu.o
[ 59%] Building CXX object ggml/src/ggml-vulkan/CMakeFiles/ggml-vulkan.dir/mul_mmq.comp.cpp.o
[ 59%] Building CXX object ggml/src/ggml-vulkan/CMakeFiles/ggml-vulkan.dir/multi_add.comp.cpp.o
[ 59%] Building CXX object ggml/src/ggml-vulkan/CMakeFiles/ggml-vulkan.dir/norm.comp.cpp.o
[ 59%] Building CXX object ggml/src/ggml-vulkan/CMakeFiles/ggml-vulkan.dir/opt_step_adamw.comp.cpp.o
[ 59%] Building CXX object ggml/src/ggml-vulkan/CMakeFiles/ggml-vulkan.dir/opt_step_sgd.comp.cpp.o
[ 59%] Building CXX object ggml/src/ggml-vulkan/CMakeFiles/ggml-vulkan.dir/pad.comp.cpp.o
[ 59%] Building CXX object ggml/src/ggml-vulkan/CMakeFiles/ggml-vulkan.dir/pool2d.comp.cpp.o
[ 59%] Building CXX object ggml/src/ggml-vulkan/CMakeFiles/ggml-vulkan.dir/quantize_q8_1.comp.cpp.o
[ 60%] Building CXX object ggml/src/ggml-vulkan/CMakeFiles/ggml-vulkan.dir/reglu.comp.cpp.o
[ 60%] Building CXX object ggml/src/ggml-vulkan/CMakeFiles/ggml-vulkan.dir/repeat.comp.cpp.o
[ 60%] Building CXX object ggml/src/ggml-vulkan/CMakeFiles/ggml-vulkan.dir/repeat_back.comp.cpp.o
[ 60%] Building CXX object ggml/src/ggml-vulkan/CMakeFiles/ggml-vulkan.dir/rms_norm.comp.cpp.o
[ 60%] Building CXX object ggml/src/ggml-vulkan/CMakeFiles/ggml-vulkan.dir/rms_norm_back.comp.cpp.o
[ 60%] Building CXX object ggml/src/ggml-vulkan/CMakeFiles/ggml-vulkan.dir/rms_norm_partials.comp.cpp.o
[ 60%] Building CXX object ggml/src/ggml-vulkan/CMakeFiles/ggml-vulkan.dir/roll.comp.cpp.o
[ 60%] Building CXX object ggml/src/ggml-vulkan/CMakeFiles/ggml-vulkan.dir/rope_multi.comp.cpp.o
[ 60%] Building CXX object ggml/src/ggml-vulkan/CMakeFiles/ggml-vulkan.dir/rope_neox.comp.cpp.o
[ 60%] Building CXX object ggml/src/ggml-vulkan/CMakeFiles/ggml-vulkan.dir/rope_norm.comp.cpp.o
[ 62%] Building CXX object ggml/src/ggml-vulkan/CMakeFiles/ggml-vulkan.dir/rope_vision.comp.cpp.o
[ 62%] Building CXX object ggml/src/ggml-vulkan/CMakeFiles/ggml-vulkan.dir/scale.comp.cpp.o
[ 62%] Building CXX object ggml/src/ggml-vulkan/CMakeFiles/ggml-vulkan.dir/set_rows_turbo.comp.cpp.o
[ 62%] Building CXX object ggml/src/ggml-vulkan/CMakeFiles/ggml-vulkan.dir/silu_back.comp.cpp.o
[ 62%] Building CXX object ggml/src/ggml-vulkan/CMakeFiles/ggml-vulkan.dir/soft_max.comp.cpp.o
[ 62%] Building CXX object ggml/src/ggml-vulkan/CMakeFiles/ggml-vulkan.dir/soft_max_back.comp.cpp.o
[ 62%] Building CXX object ggml/src/ggml-vulkan/CMakeFiles/ggml-vulkan.dir/soft_max_large1.comp.cpp.o
[ 62%] Building CXX object ggml/src/ggml-vulkan/CMakeFiles/ggml-vulkan.dir/soft_max_large2.comp.cpp.o
[ 62%] Building CXX object ggml/src/ggml-vulkan/CMakeFiles/ggml-vulkan.dir/soft_max_large3.comp.cpp.o
[ 63%] Building CXX object ggml/src/ggml-vulkan/CMakeFiles/ggml-vulkan.dir/solve_tri.comp.cpp.o
[ 63%] Building CXX object ggml/src/ggml-vulkan/CMakeFiles/ggml-vulkan.dir/ssm_conv.comp.cpp.o
[ 63%] Building CXX object ggml/src/ggml-vulkan/CMakeFiles/ggml-vulkan.dir/ssm_scan.comp.cpp.o
[ 63%] Building CXX object ggml/src/ggml-vulkan/CMakeFiles/ggml-vulkan.dir/sub.comp.cpp.o
[ 63%] Building CXX object ggml/src/ggml-vulkan/CMakeFiles/ggml-vulkan.dir/sum_rows.comp.cpp.o
[ 63%] Building CXX object ggml/src/ggml-vulkan/CMakeFiles/ggml-vulkan.dir/swiglu.comp.cpp.o
[ 63%] Building CXX object ggml/src/ggml-vulkan/CMakeFiles/ggml-vulkan.dir/swiglu_oai.comp.cpp.o
[ 63%] Building CXX object ggml/src/ggml-vulkan/CMakeFiles/ggml-vulkan.dir/timestep_embedding.comp.cpp.o
[ 63%] Building CXX object ggml/src/ggml-vulkan/CMakeFiles/ggml-vulkan.dir/topk_argsort.comp.cpp.o
[ 63%] Building CXX object ggml/src/ggml-vulkan/CMakeFiles/ggml-vulkan.dir/topk_moe.comp.cpp.o
[ 64%] Building CXX object ggml/src/ggml-vulkan/CMakeFiles/ggml-vulkan.dir/topk_nary_search.comp.cpp.o
[ 64%] Building CXX object ggml/src/ggml-vulkan/CMakeFiles/ggml-vulkan.dir/tri.comp.cpp.o
[ 64%] Building CXX object ggml/src/ggml-vulkan/CMakeFiles/ggml-vulkan.dir/unary.comp.cpp.o
[ 64%] Building CXX object ggml/src/ggml-vulkan/CMakeFiles/ggml-vulkan.dir/upscale.comp.cpp.o
[ 64%] Building CXX object ggml/src/ggml-vulkan/CMakeFiles/ggml-vulkan.dir/wkv6.comp.cpp.o
[ 64%] Building CXX object ggml/src/ggml-vulkan/CMakeFiles/ggml-vulkan.dir/wkv7.comp.cpp.o
[ 64%] Linking CXX shared library ../../../bin/libggml-vulkan.so
[ 64%] Built target ggml-vulkan
[ 64%] Linking HIP shared library ../../../bin/libggml-hip.so
[ 64%] Built target ggml-hip
[ 64%] Building CXX object ggml/src/CMakeFiles/ggml.dir/ggml-backend-dl.cpp.o
[ 64%] Building CXX object ggml/src/CMakeFiles/ggml.dir/ggml-backend-reg.cpp.o
[ 64%] Linking CXX shared library ../../bin/libggml.so
[ 64%] Built target ggml
[ 66%] Building CXX object src/CMakeFiles/llama.dir/llama.cpp.o
[ 66%] Building CXX object src/CMakeFiles/llama.dir/llama-arch.cpp.o
[ 66%] Building CXX object src/CMakeFiles/llama.dir/llama-adapter.cpp.o
[ 66%] Building CXX object src/CMakeFiles/llama.dir/llama-batch.cpp.o
[ 66%] Building CXX object src/CMakeFiles/llama.dir/llama-chat.cpp.o
[ 66%] Building CXX object src/CMakeFiles/llama.dir/llama-cparams.cpp.o
[ 66%] Building CXX object src/CMakeFiles/llama.dir/llama-grammar.cpp.o
[ 66%] Building CXX object src/CMakeFiles/llama.dir/llama-context.cpp.o
[ 66%] Building CXX object src/CMakeFiles/llama.dir/llama-graph.cpp.o
[ 67%] Building CXX object src/CMakeFiles/llama.dir/llama-impl.cpp.o
[ 67%] Building CXX object src/CMakeFiles/llama.dir/llama-hparams.cpp.o
[ 67%] Building CXX object src/CMakeFiles/llama.dir/llama-memory.cpp.o
[ 67%] Building CXX object src/CMakeFiles/llama.dir/llama-kv-cache-iswa.cpp.o
[ 67%] Building CXX object src/CMakeFiles/llama.dir/llama-kv-cache.cpp.o
[ 67%] Building CXX object src/CMakeFiles/llama.dir/llama-io.cpp.o
[ 67%] Building CXX object src/CMakeFiles/llama.dir/llama-kv-cache-dsa.cpp.o
[ 67%] Building CXX object src/CMakeFiles/llama.dir/llama-memory-hybrid.cpp.o
[ 67%] Building CXX object src/CMakeFiles/llama.dir/llama-memory-hybrid-iswa.cpp.o
[ 67%] Building CXX object src/CMakeFiles/llama.dir/llama-memory-recurrent.cpp.o
[ 67%] Building CXX object src/CMakeFiles/llama.dir/llama-mmap.cpp.o
[ 68%] Building CXX object src/CMakeFiles/llama.dir/llama-model-loader.cpp.o
[ 68%] Building CXX object src/CMakeFiles/llama.dir/llama-model-saver.cpp.o
[ 68%] Building CXX object src/CMakeFiles/llama.dir/llama-model.cpp.o
[ 68%] Building CXX object src/CMakeFiles/llama.dir/llama-quant.cpp.o
[ 68%] Building CXX object src/CMakeFiles/llama.dir/llama-sampler.cpp.o
[ 68%] Building CXX object src/CMakeFiles/llama.dir/llama-vocab.cpp.o
[ 68%] Building CXX object src/CMakeFiles/llama.dir/unicode-data.cpp.o
[ 68%] Building CXX object src/CMakeFiles/llama.dir/unicode.cpp.o
[ 68%] Building CXX object src/CMakeFiles/llama.dir/models/afmoe.cpp.o
[ 70%] Building CXX object src/CMakeFiles/llama.dir/models/apertus.cpp.o
[ 70%] Building CXX object src/CMakeFiles/llama.dir/models/arcee.cpp.o
[ 70%] Building CXX object src/CMakeFiles/llama.dir/models/arctic.cpp.o
[ 70%] Building CXX object src/CMakeFiles/llama.dir/models/arwkv7.cpp.o
[ 70%] Building CXX object src/CMakeFiles/llama.dir/models/baichuan.cpp.o
[ 70%] Building CXX object src/CMakeFiles/llama.dir/models/bailingmoe.cpp.o
[ 70%] Building CXX object src/CMakeFiles/llama.dir/models/bailingmoe2.cpp.o
[ 70%] Building CXX object src/CMakeFiles/llama.dir/models/bert.cpp.o
[ 70%] Building CXX object src/CMakeFiles/llama.dir/models/bitnet.cpp.o
[ 70%] Building CXX object src/CMakeFiles/llama.dir/models/bloom.cpp.o
[ 71%] Building CXX object src/CMakeFiles/llama.dir/models/chameleon.cpp.o
[ 71%] Building CXX object src/CMakeFiles/llama.dir/models/chatglm.cpp.o
[ 71%] Building CXX object src/CMakeFiles/llama.dir/models/codeshell.cpp.o
[ 71%] Building CXX object src/CMakeFiles/llama.dir/models/cogvlm.cpp.o
[ 71%] Building CXX object src/CMakeFiles/llama.dir/models/cohere2.cpp.o
[ 71%] Building CXX object src/CMakeFiles/llama.dir/models/command-r.cpp.o
[ 71%] Building CXX object src/CMakeFiles/llama.dir/models/dbrx.cpp.o
[ 71%] Building CXX object src/CMakeFiles/llama.dir/models/deci.cpp.o
[ 71%] Building CXX object src/CMakeFiles/llama.dir/models/deepseek.cpp.o
[ 72%] Building CXX object src/CMakeFiles/llama.dir/models/deepseek2.cpp.o
[ 72%] Building CXX object src/CMakeFiles/llama.dir/models/deepseek2ocr.cpp.o
[ 72%] Building CXX object src/CMakeFiles/llama.dir/models/deepseek32.cpp.o
[ 72%] Building CXX object src/CMakeFiles/llama.dir/models/deepseek4-graph.cpp.o
[ 72%] Building CXX object src/CMakeFiles/llama.dir/models/deepseek4.cpp.o
[ 72%] Building CXX object src/CMakeFiles/llama.dir/models/delta-net-base.cpp.o
[ 72%] Building CXX object src/CMakeFiles/llama.dir/models/dflash.cpp.o
[ 72%] Building CXX object src/CMakeFiles/llama.dir/models/diffusion-gemma.cpp.o
[ 72%] Building CXX object src/CMakeFiles/llama.dir/models/dots1.cpp.o
[ 72%] Building CXX object src/CMakeFiles/llama.dir/models/dream.cpp.o
[ 74%] Building CXX object src/CMakeFiles/llama.dir/models/eagle3.cpp.o
[ 74%] Building CXX object src/CMakeFiles/llama.dir/models/ernie4-5-moe.cpp.o
[ 74%] Building CXX object src/CMakeFiles/llama.dir/models/ernie4-5.cpp.o
[ 74%] Building CXX object src/CMakeFiles/llama.dir/models/eurobert.cpp.o
[ 74%] Building CXX object src/CMakeFiles/llama.dir/models/exaone-moe.cpp.o
[ 74%] Building CXX object src/CMakeFiles/llama.dir/models/exaone.cpp.o
[ 74%] Building CXX object src/CMakeFiles/llama.dir/models/exaone4.cpp.o
[ 74%] Building CXX object src/CMakeFiles/llama.dir/models/falcon-h1.cpp.o
[ 74%] Building CXX object src/CMakeFiles/llama.dir/models/falcon.cpp.o
[ 75%] Building CXX object src/CMakeFiles/llama.dir/models/gemma-embedding.cpp.o
[ 75%] Building CXX object src/CMakeFiles/llama.dir/models/gemma.cpp.o
[ 75%] Building CXX object src/CMakeFiles/llama.dir/models/gemma2.cpp.o
[ 75%] Building CXX object src/CMakeFiles/llama.dir/models/gemma3.cpp.o
[ 75%] Building CXX object src/CMakeFiles/llama.dir/models/gemma3n.cpp.o
[ 75%] Building CXX object src/CMakeFiles/llama.dir/models/gemma4-assistant.cpp.o
[ 75%] Building CXX object src/CMakeFiles/llama.dir/models/gemma4.cpp.o
[ 75%] Building CXX object src/CMakeFiles/llama.dir/models/glm-dsa.cpp.o
[ 75%] Building CXX object src/CMakeFiles/llama.dir/models/glm4-moe.cpp.o
[ 75%] Building CXX object src/CMakeFiles/llama.dir/models/glm4.cpp.o
[ 77%] Building CXX object src/CMakeFiles/llama.dir/models/gpt2.cpp.o
[ 77%] Building CXX object src/CMakeFiles/llama.dir/models/gptneox.cpp.o
[ 77%] Building CXX object src/CMakeFiles/llama.dir/models/granite-hybrid.cpp.o
[ 77%] Building CXX object src/CMakeFiles/llama.dir/models/granite-moe.cpp.o
[ 77%] Building CXX object src/CMakeFiles/llama.dir/models/granite.cpp.o
[ 77%] Building CXX object src/CMakeFiles/llama.dir/models/grok.cpp.o
[ 77%] Building CXX object src/CMakeFiles/llama.dir/models/grovemoe.cpp.o
[ 77%] Building CXX object src/CMakeFiles/llama.dir/models/hunyuan-dense.cpp.o
[ 77%] Building CXX object src/CMakeFiles/llama.dir/models/hunyuan-moe.cpp.o
[ 78%] Building CXX object src/CMakeFiles/llama.dir/models/hunyuan-vl.cpp.o
[ 78%] Building CXX object src/CMakeFiles/llama.dir/models/hyv3.cpp.o
[ 78%] Building CXX object src/CMakeFiles/llama.dir/models/internlm2.cpp.o
[ 78%] Building CXX object src/CMakeFiles/llama.dir/models/jais.cpp.o
[ 78%] Building CXX object src/CMakeFiles/llama.dir/models/jais2.cpp.o
[ 78%] Building CXX object src/CMakeFiles/llama.dir/models/jamba.cpp.o
[ 78%] Building CXX object src/CMakeFiles/llama.dir/models/jina-bert-v2.cpp.o
[ 78%] Building CXX object src/CMakeFiles/llama.dir/models/jina-bert-v3.cpp.o
[ 78%] Building CXX object src/CMakeFiles/llama.dir/models/kimi-linear.cpp.o
[ 78%] Building CXX object src/CMakeFiles/llama.dir/models/lfm2.cpp.o
[ 79%] Building CXX object src/CMakeFiles/llama.dir/models/lfm2moe.cpp.o
[ 79%] Building CXX object src/CMakeFiles/llama.dir/models/llada-moe.cpp.o
[ 79%] Building CXX object src/CMakeFiles/llama.dir/models/llada.cpp.o
[ 79%] Building CXX object src/CMakeFiles/llama.dir/models/llama-embed.cpp.o
[ 79%] Building CXX object src/CMakeFiles/llama.dir/models/llama.cpp.o
[ 79%] Building CXX object src/CMakeFiles/llama.dir/models/llama4.cpp.o
[ 79%] Building CXX object src/CMakeFiles/llama.dir/models/maincoder.cpp.o
[ 79%] Building CXX object src/CMakeFiles/llama.dir/models/mamba-base.cpp.o
[ 79%] Building CXX object src/CMakeFiles/llama.dir/models/mamba.cpp.o
[ 81%] Building CXX object src/CMakeFiles/llama.dir/models/mamba2.cpp.o
[ 81%] Building CXX object src/CMakeFiles/llama.dir/models/mimo2.cpp.o
[ 81%] Building CXX object src/CMakeFiles/llama.dir/models/minicpm.cpp.o
[ 81%] Building CXX object src/CMakeFiles/llama.dir/models/minicpm3.cpp.o
[ 81%] Building CXX object src/CMakeFiles/llama.dir/models/minimax-m2.cpp.o
[ 81%] Building CXX object src/CMakeFiles/llama.dir/models/minimax-m3.cpp.o
[ 81%] Building CXX object src/CMakeFiles/llama.dir/models/mistral3.cpp.o
[ 81%] Building CXX object src/CMakeFiles/llama.dir/models/mistral4.cpp.o
[ 81%] Building CXX object src/CMakeFiles/llama.dir/models/modern-bert.cpp.o
[ 81%] Building CXX object src/CMakeFiles/llama.dir/models/mpt.cpp.o
[ 82%] Building CXX object src/CMakeFiles/llama.dir/models/nemotron-h-moe.cpp.o
[ 82%] Building CXX object src/CMakeFiles/llama.dir/models/nemotron.cpp.o
[ 82%] Building CXX object src/CMakeFiles/llama.dir/models/nemotron-h.cpp.o
[ 82%] Building CXX object src/CMakeFiles/llama.dir/models/neo-bert.cpp.o
[ 82%] Building CXX object src/CMakeFiles/llama.dir/models/nomic-bert-moe.cpp.o
[ 82%] Building CXX object src/CMakeFiles/llama.dir/models/nomic-bert.cpp.o
[ 82%] Building CXX object src/CMakeFiles/llama.dir/models/olmo.cpp.o
[ 82%] Building CXX object src/CMakeFiles/llama.dir/models/olmo2.cpp.o
[ 82%] Building CXX object src/CMakeFiles/llama.dir/models/olmoe.cpp.o
[ 83%] Building CXX object src/CMakeFiles/llama.dir/models/openai-moe.cpp.o
[ 83%] Building CXX object src/CMakeFiles/llama.dir/models/openelm.cpp.o
[ 83%] Building CXX object src/CMakeFiles/llama.dir/models/orion.cpp.o
[ 83%] Building CXX object src/CMakeFiles/llama.dir/models/paddleocr.cpp.o
[ 83%] Building CXX object src/CMakeFiles/llama.dir/models/pangu-embed.cpp.o
[ 83%] Building CXX object src/CMakeFiles/llama.dir/models/phi2.cpp.o
[ 83%] Building CXX object src/CMakeFiles/llama.dir/models/phi3.cpp.o
[ 83%] Building CXX object src/CMakeFiles/llama.dir/models/phimoe.cpp.o
[ 83%] Building CXX object src/CMakeFiles/llama.dir/models/plamo.cpp.o
[ 83%] Building CXX object src/CMakeFiles/llama.dir/models/plamo2.cpp.o
[ 85%] Building CXX object src/CMakeFiles/llama.dir/models/plamo3.cpp.o
[ 85%] Building CXX object src/CMakeFiles/llama.dir/models/plm.cpp.o
[ 85%] Building CXX object src/CMakeFiles/llama.dir/models/qwen.cpp.o
[ 85%] Building CXX object src/CMakeFiles/llama.dir/models/qwen2.cpp.o
[ 85%] Building CXX object src/CMakeFiles/llama.dir/models/qwen2moe.cpp.o
[ 85%] Building CXX object src/CMakeFiles/llama.dir/models/qwen2vl.cpp.o
[ 85%] Building CXX object src/CMakeFiles/llama.dir/models/qwen3.cpp.o
[ 85%] Building CXX object src/CMakeFiles/llama.dir/models/qwen35.cpp.o
[ 85%] Building CXX object src/CMakeFiles/llama.dir/models/qwen35moe.cpp.o
[ 86%] Building CXX object src/CMakeFiles/llama.dir/models/qwen3moe.cpp.o
[ 86%] Building CXX object src/CMakeFiles/llama.dir/models/qwen3next.cpp.o
[ 86%] Building CXX object src/CMakeFiles/llama.dir/models/qwen3vl.cpp.o
[ 86%] Building CXX object src/CMakeFiles/llama.dir/models/qwen3vlmoe.cpp.o
[ 86%] Building CXX object src/CMakeFiles/llama.dir/models/refact.cpp.o
[ 86%] Building CXX object src/CMakeFiles/llama.dir/models/rnd1.cpp.o
[ 86%] Building CXX object src/CMakeFiles/llama.dir/models/rwkv6-base.cpp.o
[ 86%] Building CXX object src/CMakeFiles/llama.dir/models/rwkv6.cpp.o
[ 86%] Building CXX object src/CMakeFiles/llama.dir/models/rwkv6qwen2.cpp.o
[ 86%] Building CXX object src/CMakeFiles/llama.dir/models/rwkv7-base.cpp.o
[ 87%] Building CXX object src/CMakeFiles/llama.dir/models/rwkv7.cpp.o
[ 87%] Building CXX object src/CMakeFiles/llama.dir/models/seed-oss.cpp.o
[ 87%] Building CXX object src/CMakeFiles/llama.dir/models/smallthinker.cpp.o
[ 87%] Building CXX object src/CMakeFiles/llama.dir/models/smollm3.cpp.o
[ 87%] Building CXX object src/CMakeFiles/llama.dir/models/stablelm.cpp.o
[ 87%] Building CXX object src/CMakeFiles/llama.dir/models/starcoder.cpp.o
[ 87%] Building CXX object src/CMakeFiles/llama.dir/models/starcoder2.cpp.o
[ 87%] Building CXX object src/CMakeFiles/llama.dir/models/step35.cpp.o
[ 87%] Building CXX object src/CMakeFiles/llama.dir/models/t5.cpp.o
[ 89%] Building CXX object src/CMakeFiles/llama.dir/models/t5encoder.cpp.o
[ 89%] Building CXX object src/CMakeFiles/llama.dir/models/wavtokenizer-dec.cpp.o
[ 89%] Building CXX object src/CMakeFiles/llama.dir/models/xverse.cpp.o
[ 89%] Linking CXX shared library ../bin/libllama.so
[ 89%] Built target llama
[ 89%] Building CXX object tools/mtmd/CMakeFiles/mtmd.dir/mtmd.cpp.o
[ 89%] Building CXX object tools/mtmd/CMakeFiles/mtmd.dir/mtmd-image.cpp.o
[ 89%] Building CXX object tools/mtmd/CMakeFiles/mtmd.dir/mtmd-audio.cpp.o
[ 89%] Building CXX object tools/mtmd/CMakeFiles/mtmd.dir/models/cogvlm.cpp.o
[ 89%] Building CXX object tools/mtmd/CMakeFiles/mtmd.dir/clip.cpp.o
[ 89%] Building CXX object tools/mtmd/CMakeFiles/mtmd.dir/models/dotsocr.cpp.o
[ 89%] Building CXX object tools/mtmd/CMakeFiles/mtmd.dir/mtmd-helper.cpp.o
[ 90%] Building CXX object tools/mtmd/CMakeFiles/mtmd.dir/models/gemma4a.cpp.o
[ 90%] Building CXX object tools/mtmd/CMakeFiles/mtmd.dir/models/gemma4ua.cpp.o
[ 90%] Building CXX object tools/mtmd/CMakeFiles/mtmd.dir/models/conformer.cpp.o
[ 90%] Building CXX object tools/mtmd/CMakeFiles/mtmd.dir/models/gemma4v.cpp.o
[ 90%] Building CXX object tools/mtmd/CMakeFiles/mtmd.dir/models/gemma4uv.cpp.o
[ 90%] Building CXX object tools/mtmd/CMakeFiles/mtmd.dir/models/hunyuanocr.cpp.o
[ 90%] Building CXX object tools/mtmd/CMakeFiles/mtmd.dir/models/glm4v.cpp.o
[ 90%] Building CXX object tools/mtmd/CMakeFiles/mtmd.dir/models/granite-speech.cpp.o
[ 90%] Building CXX object common/CMakeFiles/llama-common.dir/arg.cpp.o
In file included from /home/connorb/halofpx-lab/open-pin-01/control/tools/mtmd/models/models.h:3,
                 from /home/connorb/halofpx-lab/open-pin-01/control/tools/mtmd/models/gemma4v.cpp:1:
/home/connorb/halofpx-lab/open-pin-01/control/tools/mtmd/models/../clip-graph.h:12:62: warning: bitwise operation between different enumeration types ‘ggml_scale_mode’ and ‘ggml_scale_flag’ is deprecated [-Wdeprecated-enum-enum-conversion]
   12 | #define DEFAULT_INTERPOLATION_MODE (GGML_SCALE_MODE_BILINEAR | GGML_SCALE_FLAG_ANTIALIAS)
      |                                     ~~~~~~~~~~~~~~~~~~~~~~~~~^~~~~~~~~~~~~~~~~~~~~~~~~~~
/home/connorb/halofpx-lab/open-pin-01/control/tools/mtmd/models/../clip-graph.h:59:76: note: in expansion of macro ‘DEFAULT_INTERPOLATION_MODE’
   59 |     ggml_tensor * resize_position_embeddings(uint32_t interpolation_mode = DEFAULT_INTERPOLATION_MODE);
      |                                                                            ^~~~~~~~~~~~~~~~~~~~~~~~~~
In file included from /home/connorb/halofpx-lab/open-pin-01/control/tools/mtmd/models/models.h:3,
                 from /home/connorb/halofpx-lab/open-pin-01/control/tools/mtmd/models/gemma4a.cpp:8:
/home/connorb/halofpx-lab/open-pin-01/control/tools/mtmd/models/../clip-graph.h:12:62: warning: bitwise operation between different enumeration types ‘ggml_scale_mode’ and ‘ggml_scale_flag’ is deprecated [-Wdeprecated-enum-enum-conversion]
   12 | #define DEFAULT_INTERPOLATION_MODE (GGML_SCALE_MODE_BILINEAR | GGML_SCALE_FLAG_ANTIALIAS)
      |                                     ~~~~~~~~~~~~~~~~~~~~~~~~~^~~~~~~~~~~~~~~~~~~~~~~~~~~
/home/connorb/halofpx-lab/open-pin-01/control/tools/mtmd/models/../clip-graph.h:59:76: note: in expansion of macro ‘DEFAULT_INTERPOLATION_MODE’
   59 |     ggml_tensor * resize_position_embeddings(uint32_t interpolation_mode = DEFAULT_INTERPOLATION_MODE);
      |                                                                            ^~~~~~~~~~~~~~~~~~~~~~~~~~
In file included from /home/connorb/halofpx-lab/open-pin-01/control/tools/mtmd/models/models.h:3,
                 from /home/connorb/halofpx-lab/open-pin-01/control/tools/mtmd/models/granite-speech.cpp:1:
/home/connorb/halofpx-lab/open-pin-01/control/tools/mtmd/models/../clip-graph.h:12:62: warning: bitwise operation between different enumeration types ‘ggml_scale_mode’ and ‘ggml_scale_flag’ is deprecated [-Wdeprecated-enum-enum-conversion]
   12 | #define DEFAULT_INTERPOLATION_MODE (GGML_SCALE_MODE_BILINEAR | GGML_SCALE_FLAG_ANTIALIAS)
      |                                     ~~~~~~~~~~~~~~~~~~~~~~~~~^~~~~~~~~~~~~~~~~~~~~~~~~~~
/home/connorb/halofpx-lab/open-pin-01/control/tools/mtmd/models/../clip-graph.h:59:76: note: in expansion of macro ‘DEFAULT_INTERPOLATION_MODE’
   59 |     ggml_tensor * resize_position_embeddings(uint32_t interpolation_mode = DEFAULT_INTERPOLATION_MODE);
      |                                                                            ^~~~~~~~~~~~~~~~~~~~~~~~~~
In file included from /home/connorb/halofpx-lab/open-pin-01/control/tools/mtmd/models/models.h:3,
                 from /home/connorb/halofpx-lab/open-pin-01/control/tools/mtmd/models/hunyuanocr.cpp:1:
/home/connorb/halofpx-lab/open-pin-01/control/tools/mtmd/models/../clip-graph.h:12:62: warning: bitwise operation between different enumeration types ‘ggml_scale_mode’ and ‘ggml_scale_flag’ is deprecated [-Wdeprecated-enum-enum-conversion]
   12 | #define DEFAULT_INTERPOLATION_MODE (GGML_SCALE_MODE_BILINEAR | GGML_SCALE_FLAG_ANTIALIAS)
      |                                     ~~~~~~~~~~~~~~~~~~~~~~~~~^~~~~~~~~~~~~~~~~~~~~~~~~~~
/home/connorb/halofpx-lab/open-pin-01/control/tools/mtmd/models/../clip-graph.h:59:76: note: in expansion of macro ‘DEFAULT_INTERPOLATION_MODE’
   59 |     ggml_tensor * resize_position_embeddings(uint32_t interpolation_mode = DEFAULT_INTERPOLATION_MODE);
      |                                                                            ^~~~~~~~~~~~~~~~~~~~~~~~~~
In file included from /home/connorb/halofpx-lab/open-pin-01/control/tools/mtmd/models/models.h:3,
                 from /home/connorb/halofpx-lab/open-pin-01/control/tools/mtmd/models/gemma4ua.cpp:1:
/home/connorb/halofpx-lab/open-pin-01/control/tools/mtmd/models/../clip-graph.h:12:62: warning: bitwise operation between different enumeration types ‘ggml_scale_mode’ and ‘ggml_scale_flag’ is deprecated [-Wdeprecated-enum-enum-conversion]
   12 | #define DEFAULT_INTERPOLATION_MODE (GGML_SCALE_MODE_BILINEAR | GGML_SCALE_FLAG_ANTIALIAS)
      |                                     ~~~~~~~~~~~~~~~~~~~~~~~~~^~~~~~~~~~~~~~~~~~~~~~~~~~~
/home/connorb/halofpx-lab/open-pin-01/control/tools/mtmd/models/../clip-graph.h:59:76: note: in expansion of macro ‘DEFAULT_INTERPOLATION_MODE’
   59 |     ggml_tensor * resize_position_embeddings(uint32_t interpolation_mode = DEFAULT_INTERPOLATION_MODE);
      |                                                                            ^~~~~~~~~~~~~~~~~~~~~~~~~~
In file included from /home/connorb/halofpx-lab/open-pin-01/control/tools/mtmd/models/models.h:3,
                 from /home/connorb/halofpx-lab/open-pin-01/control/tools/mtmd/models/gemma4uv.cpp:1:
/home/connorb/halofpx-lab/open-pin-01/control/tools/mtmd/models/../clip-graph.h:12:62: warning: bitwise operation between different enumeration types ‘ggml_scale_mode’ and ‘ggml_scale_flag’ is deprecated [-Wdeprecated-enum-enum-conversion]
   12 | #define DEFAULT_INTERPOLATION_MODE (GGML_SCALE_MODE_BILINEAR | GGML_SCALE_FLAG_ANTIALIAS)
      |                                     ~~~~~~~~~~~~~~~~~~~~~~~~~^~~~~~~~~~~~~~~~~~~~~~~~~~~
/home/connorb/halofpx-lab/open-pin-01/control/tools/mtmd/models/../clip-graph.h:59:76: note: in expansion of macro ‘DEFAULT_INTERPOLATION_MODE’
   59 |     ggml_tensor * resize_position_embeddings(uint32_t interpolation_mode = DEFAULT_INTERPOLATION_MODE);
      |                                                                            ^~~~~~~~~~~~~~~~~~~~~~~~~~
In file included from /home/connorb/halofpx-lab/open-pin-01/control/tools/mtmd/models/models.h:3,
                 from /home/connorb/halofpx-lab/open-pin-01/control/tools/mtmd/models/dotsocr.cpp:1:
/home/connorb/halofpx-lab/open-pin-01/control/tools/mtmd/models/../clip-graph.h:12:62: warning: bitwise operation between different enumeration types ‘ggml_scale_mode’ and ‘ggml_scale_flag’ is deprecated [-Wdeprecated-enum-enum-conversion]
   12 | #define DEFAULT_INTERPOLATION_MODE (GGML_SCALE_MODE_BILINEAR | GGML_SCALE_FLAG_ANTIALIAS)
      |                                     ~~~~~~~~~~~~~~~~~~~~~~~~~^~~~~~~~~~~~~~~~~~~~~~~~~~~
/home/connorb/halofpx-lab/open-pin-01/control/tools/mtmd/models/../clip-graph.h:59:76: note: in expansion of macro ‘DEFAULT_INTERPOLATION_MODE’
   59 |     ggml_tensor * resize_position_embeddings(uint32_t interpolation_mode = DEFAULT_INTERPOLATION_MODE);
      |                                                                            ^~~~~~~~~~~~~~~~~~~~~~~~~~
In file included from /home/connorb/halofpx-lab/open-pin-01/control/tools/mtmd/models/models.h:3,
                 from /home/connorb/halofpx-lab/open-pin-01/control/tools/mtmd/models/glm4v.cpp:1:
/home/connorb/halofpx-lab/open-pin-01/control/tools/mtmd/models/../clip-graph.h:12:62: warning: bitwise operation between different enumeration types ‘ggml_scale_mode’ and ‘ggml_scale_flag’ is deprecated [-Wdeprecated-enum-enum-conversion]
   12 | #define DEFAULT_INTERPOLATION_MODE (GGML_SCALE_MODE_BILINEAR | GGML_SCALE_FLAG_ANTIALIAS)
      |                                     ~~~~~~~~~~~~~~~~~~~~~~~~~^~~~~~~~~~~~~~~~~~~~~~~~~~~
/home/connorb/halofpx-lab/open-pin-01/control/tools/mtmd/models/../clip-graph.h:59:76: note: in expansion of macro ‘DEFAULT_INTERPOLATION_MODE’
   59 |     ggml_tensor * resize_position_embeddings(uint32_t interpolation_mode = DEFAULT_INTERPOLATION_MODE);
      |                                                                            ^~~~~~~~~~~~~~~~~~~~~~~~~~
In file included from /home/connorb/halofpx-lab/open-pin-01/control/tools/mtmd/clip.cpp:4:
/home/connorb/halofpx-lab/open-pin-01/control/tools/mtmd/clip-graph.h:12:62: warning: bitwise operation between different enumeration types ‘ggml_scale_mode’ and ‘ggml_scale_flag’ is deprecated [-Wdeprecated-enum-enum-conversion]
   12 | #define DEFAULT_INTERPOLATION_MODE (GGML_SCALE_MODE_BILINEAR | GGML_SCALE_FLAG_ANTIALIAS)
      |                                     ~~~~~~~~~~~~~~~~~~~~~~~~~^~~~~~~~~~~~~~~~~~~~~~~~~~~
/home/connorb/halofpx-lab/open-pin-01/control/tools/mtmd/clip-graph.h:59:76: note: in expansion of macro ‘DEFAULT_INTERPOLATION_MODE’
   59 |     ggml_tensor * resize_position_embeddings(uint32_t interpolation_mode = DEFAULT_INTERPOLATION_MODE);
      |                                                                            ^~~~~~~~~~~~~~~~~~~~~~~~~~
In file included from /home/connorb/halofpx-lab/open-pin-01/control/tools/mtmd/models/models.h:3,
                 from /home/connorb/halofpx-lab/open-pin-01/control/tools/mtmd/models/conformer.cpp:1:
/home/connorb/halofpx-lab/open-pin-01/control/tools/mtmd/models/../clip-graph.h:12:62: warning: bitwise operation between different enumeration types ‘ggml_scale_mode’ and ‘ggml_scale_flag’ is deprecated [-Wdeprecated-enum-enum-conversion]
   12 | #define DEFAULT_INTERPOLATION_MODE (GGML_SCALE_MODE_BILINEAR | GGML_SCALE_FLAG_ANTIALIAS)
      |                                     ~~~~~~~~~~~~~~~~~~~~~~~~~^~~~~~~~~~~~~~~~~~~~~~~~~~~
/home/connorb/halofpx-lab/open-pin-01/control/tools/mtmd/models/../clip-graph.h:59:76: note: in expansion of macro ‘DEFAULT_INTERPOLATION_MODE’
   59 |     ggml_tensor * resize_position_embeddings(uint32_t interpolation_mode = DEFAULT_INTERPOLATION_MODE);
      |                                                                            ^~~~~~~~~~~~~~~~~~~~~~~~~~
In file included from /home/connorb/halofpx-lab/open-pin-01/control/tools/mtmd/models/models.h:3,
                 from /home/connorb/halofpx-lab/open-pin-01/control/tools/mtmd/models/cogvlm.cpp:1:
/home/connorb/halofpx-lab/open-pin-01/control/tools/mtmd/models/../clip-graph.h:12:62: warning: bitwise operation between different enumeration types ‘ggml_scale_mode’ and ‘ggml_scale_flag’ is deprecated [-Wdeprecated-enum-enum-conversion]
   12 | #define DEFAULT_INTERPOLATION_MODE (GGML_SCALE_MODE_BILINEAR | GGML_SCALE_FLAG_ANTIALIAS)
      |                                     ~~~~~~~~~~~~~~~~~~~~~~~~~^~~~~~~~~~~~~~~~~~~~~~~~~~~
/home/connorb/halofpx-lab/open-pin-01/control/tools/mtmd/models/../clip-graph.h:59:76: note: in expansion of macro ‘DEFAULT_INTERPOLATION_MODE’
   59 |     ggml_tensor * resize_position_embeddings(uint32_t interpolation_mode = DEFAULT_INTERPOLATION_MODE);
      |                                                                            ^~~~~~~~~~~~~~~~~~~~~~~~~~
[ 90%] Building CXX object tools/mtmd/CMakeFiles/mtmd.dir/models/internvl.cpp.o
[ 91%] Building CXX object tools/mtmd/CMakeFiles/mtmd.dir/models/kimik25.cpp.o
[ 91%] Building CXX object tools/mtmd/CMakeFiles/mtmd.dir/models/kimivl.cpp.o
[ 91%] Building CXX object tools/mtmd/CMakeFiles/mtmd.dir/models/nemotron-v2-vl.cpp.o
[ 91%] Building CXX object tools/mtmd/CMakeFiles/mtmd.dir/models/llama4.cpp.o
[ 91%] Building CXX object tools/mtmd/CMakeFiles/mtmd.dir/models/llava.cpp.o
[ 91%] Building CXX object tools/mtmd/CMakeFiles/mtmd.dir/models/minicpmv.cpp.o
[ 91%] Building CXX object tools/mtmd/CMakeFiles/mtmd.dir/models/paddleocr.cpp.o
[ 91%] Building CXX object tools/mtmd/CMakeFiles/mtmd.dir/models/pixtral.cpp.o
[ 91%] Building CXX object tools/mtmd/CMakeFiles/mtmd.dir/models/qwen2vl.cpp.o
In file included from /home/connorb/halofpx-lab/open-pin-01/control/tools/mtmd/models/models.h:3,
                 from /home/connorb/halofpx-lab/open-pin-01/control/tools/mtmd/models/internvl.cpp:1:
/home/connorb/halofpx-lab/open-pin-01/control/tools/mtmd/models/../clip-graph.h:12:62: warning: bitwise operation between different enumeration types ‘ggml_scale_mode’ and ‘ggml_scale_flag’ is deprecated [-Wdeprecated-enum-enum-conversion]
   12 | #define DEFAULT_INTERPOLATION_MODE (GGML_SCALE_MODE_BILINEAR | GGML_SCALE_FLAG_ANTIALIAS)
      |                                     ~~~~~~~~~~~~~~~~~~~~~~~~~^~~~~~~~~~~~~~~~~~~~~~~~~~~
/home/connorb/halofpx-lab/open-pin-01/control/tools/mtmd/models/../clip-graph.h:59:76: note: in expansion of macro ‘DEFAULT_INTERPOLATION_MODE’
   59 |     ggml_tensor * resize_position_embeddings(uint32_t interpolation_mode = DEFAULT_INTERPOLATION_MODE);
      |                                                                            ^~~~~~~~~~~~~~~~~~~~~~~~~~
In file included from /home/connorb/halofpx-lab/open-pin-01/control/tools/mtmd/models/models.h:3,
                 from /home/connorb/halofpx-lab/open-pin-01/control/tools/mtmd/models/llama4.cpp:1:
/home/connorb/halofpx-lab/open-pin-01/control/tools/mtmd/models/../clip-graph.h:12:62: warning: bitwise operation between different enumeration types ‘ggml_scale_mode’ and ‘ggml_scale_flag’ is deprecated [-Wdeprecated-enum-enum-conversion]
   12 | #define DEFAULT_INTERPOLATION_MODE (GGML_SCALE_MODE_BILINEAR | GGML_SCALE_FLAG_ANTIALIAS)
      |                                     ~~~~~~~~~~~~~~~~~~~~~~~~~^~~~~~~~~~~~~~~~~~~~~~~~~~~
/home/connorb/halofpx-lab/open-pin-01/control/tools/mtmd/models/../clip-graph.h:59:76: note: in expansion of macro ‘DEFAULT_INTERPOLATION_MODE’
   59 |     ggml_tensor * resize_position_embeddings(uint32_t interpolation_mode = DEFAULT_INTERPOLATION_MODE);
      |                                                                            ^~~~~~~~~~~~~~~~~~~~~~~~~~
In file included from /home/connorb/halofpx-lab/open-pin-01/control/tools/mtmd/models/models.h:3,
                 from /home/connorb/halofpx-lab/open-pin-01/control/tools/mtmd/models/kimik25.cpp:1:
/home/connorb/halofpx-lab/open-pin-01/control/tools/mtmd/models/../clip-graph.h:12:62: warning: bitwise operation between different enumeration types ‘ggml_scale_mode’ and ‘ggml_scale_flag’ is deprecated [-Wdeprecated-enum-enum-conversion]
   12 | #define DEFAULT_INTERPOLATION_MODE (GGML_SCALE_MODE_BILINEAR | GGML_SCALE_FLAG_ANTIALIAS)
      |                                     ~~~~~~~~~~~~~~~~~~~~~~~~~^~~~~~~~~~~~~~~~~~~~~~~~~~~
/home/connorb/halofpx-lab/open-pin-01/control/tools/mtmd/models/../clip-graph.h:59:76: note: in expansion of macro ‘DEFAULT_INTERPOLATION_MODE’
   59 |     ggml_tensor * resize_position_embeddings(uint32_t interpolation_mode = DEFAULT_INTERPOLATION_MODE);
      |                                                                            ^~~~~~~~~~~~~~~~~~~~~~~~~~
In file included from /home/connorb/halofpx-lab/open-pin-01/control/tools/mtmd/models/models.h:3,
                 from /home/connorb/halofpx-lab/open-pin-01/control/tools/mtmd/models/kimivl.cpp:1:
/home/connorb/halofpx-lab/open-pin-01/control/tools/mtmd/models/../clip-graph.h:12:62: warning: bitwise operation between different enumeration types ‘ggml_scale_mode’ and ‘ggml_scale_flag’ is deprecated [-Wdeprecated-enum-enum-conversion]
   12 | #define DEFAULT_INTERPOLATION_MODE (GGML_SCALE_MODE_BILINEAR | GGML_SCALE_FLAG_ANTIALIAS)
      |                                     ~~~~~~~~~~~~~~~~~~~~~~~~~^~~~~~~~~~~~~~~~~~~~~~~~~~~
/home/connorb/halofpx-lab/open-pin-01/control/tools/mtmd/models/../clip-graph.h:59:76: note: in expansion of macro ‘DEFAULT_INTERPOLATION_MODE’
   59 |     ggml_tensor * resize_position_embeddings(uint32_t interpolation_mode = DEFAULT_INTERPOLATION_MODE);
      |                                                                            ^~~~~~~~~~~~~~~~~~~~~~~~~~
In file included from /home/connorb/halofpx-lab/open-pin-01/control/tools/mtmd/models/models.h:3,
                 from /home/connorb/halofpx-lab/open-pin-01/control/tools/mtmd/models/llava.cpp:1:
/home/connorb/halofpx-lab/open-pin-01/control/tools/mtmd/models/../clip-graph.h:12:62: warning: bitwise operation between different enumeration types ‘ggml_scale_mode’ and ‘ggml_scale_flag’ is deprecated [-Wdeprecated-enum-enum-conversion]
   12 | #define DEFAULT_INTERPOLATION_MODE (GGML_SCALE_MODE_BILINEAR | GGML_SCALE_FLAG_ANTIALIAS)
      |                                     ~~~~~~~~~~~~~~~~~~~~~~~~~^~~~~~~~~~~~~~~~~~~~~~~~~~~
/home/connorb/halofpx-lab/open-pin-01/control/tools/mtmd/models/../clip-graph.h:59:76: note: in expansion of macro ‘DEFAULT_INTERPOLATION_MODE’
   59 |     ggml_tensor * resize_position_embeddings(uint32_t interpolation_mode = DEFAULT_INTERPOLATION_MODE);
      |                                                                            ^~~~~~~~~~~~~~~~~~~~~~~~~~
In file included from /home/connorb/halofpx-lab/open-pin-01/control/tools/mtmd/models/models.h:3,
                 from /home/connorb/halofpx-lab/open-pin-01/control/tools/mtmd/models/nemotron-v2-vl.cpp:1:
/home/connorb/halofpx-lab/open-pin-01/control/tools/mtmd/models/../clip-graph.h:12:62: warning: bitwise operation between different enumeration types ‘ggml_scale_mode’ and ‘ggml_scale_flag’ is deprecated [-Wdeprecated-enum-enum-conversion]
   12 | #define DEFAULT_INTERPOLATION_MODE (GGML_SCALE_MODE_BILINEAR | GGML_SCALE_FLAG_ANTIALIAS)
      |                                     ~~~~~~~~~~~~~~~~~~~~~~~~~^~~~~~~~~~~~~~~~~~~~~~~~~~~
/home/connorb/halofpx-lab/open-pin-01/control/tools/mtmd/models/../clip-graph.h:59:76: note: in expansion of macro ‘DEFAULT_INTERPOLATION_MODE’
   59 |     ggml_tensor * resize_position_embeddings(uint32_t interpolation_mode = DEFAULT_INTERPOLATION_MODE);
      |                                                                            ^~~~~~~~~~~~~~~~~~~~~~~~~~
In file included from /home/connorb/halofpx-lab/open-pin-01/control/tools/mtmd/models/models.h:3,
                 from /home/connorb/halofpx-lab/open-pin-01/control/tools/mtmd/models/minicpmv.cpp:1:
/home/connorb/halofpx-lab/open-pin-01/control/tools/mtmd/models/../clip-graph.h:12:62: warning: bitwise operation between different enumeration types ‘ggml_scale_mode’ and ‘ggml_scale_flag’ is deprecated [-Wdeprecated-enum-enum-conversion]
   12 | #define DEFAULT_INTERPOLATION_MODE (GGML_SCALE_MODE_BILINEAR | GGML_SCALE_FLAG_ANTIALIAS)
      |                                     ~~~~~~~~~~~~~~~~~~~~~~~~~^~~~~~~~~~~~~~~~~~~~~~~~~~~
/home/connorb/halofpx-lab/open-pin-01/control/tools/mtmd/models/../clip-graph.h:59:76: note: in expansion of macro ‘DEFAULT_INTERPOLATION_MODE’
   59 |     ggml_tensor * resize_position_embeddings(uint32_t interpolation_mode = DEFAULT_INTERPOLATION_MODE);
      |                                                                            ^~~~~~~~~~~~~~~~~~~~~~~~~~
In file included from /home/connorb/halofpx-lab/open-pin-01/control/tools/mtmd/models/models.h:3,
                 from /home/connorb/halofpx-lab/open-pin-01/control/tools/mtmd/models/paddleocr.cpp:1:
/home/connorb/halofpx-lab/open-pin-01/control/tools/mtmd/models/../clip-graph.h:12:62: warning: bitwise operation between different enumeration types ‘ggml_scale_mode’ and ‘ggml_scale_flag’ is deprecated [-Wdeprecated-enum-enum-conversion]
   12 | #define DEFAULT_INTERPOLATION_MODE (GGML_SCALE_MODE_BILINEAR | GGML_SCALE_FLAG_ANTIALIAS)
      |                                     ~~~~~~~~~~~~~~~~~~~~~~~~~^~~~~~~~~~~~~~~~~~~~~~~~~~~
/home/connorb/halofpx-lab/open-pin-01/control/tools/mtmd/models/../clip-graph.h:59:76: note: in expansion of macro ‘DEFAULT_INTERPOLATION_MODE’
   59 |     ggml_tensor * resize_position_embeddings(uint32_t interpolation_mode = DEFAULT_INTERPOLATION_MODE);
      |                                                                            ^~~~~~~~~~~~~~~~~~~~~~~~~~
In file included from /home/connorb/halofpx-lab/open-pin-01/control/tools/mtmd/models/models.h:3,
                 from /home/connorb/halofpx-lab/open-pin-01/control/tools/mtmd/models/pixtral.cpp:1:
/home/connorb/halofpx-lab/open-pin-01/control/tools/mtmd/models/../clip-graph.h:12:62: warning: bitwise operation between different enumeration types ‘ggml_scale_mode’ and ‘ggml_scale_flag’ is deprecated [-Wdeprecated-enum-enum-conversion]
   12 | #define DEFAULT_INTERPOLATION_MODE (GGML_SCALE_MODE_BILINEAR | GGML_SCALE_FLAG_ANTIALIAS)
      |                                     ~~~~~~~~~~~~~~~~~~~~~~~~~^~~~~~~~~~~~~~~~~~~~~~~~~~~
/home/connorb/halofpx-lab/open-pin-01/control/tools/mtmd/models/../clip-graph.h:59:76: note: in expansion of macro ‘DEFAULT_INTERPOLATION_MODE’
   59 |     ggml_tensor * resize_position_embeddings(uint32_t interpolation_mode = DEFAULT_INTERPOLATION_MODE);
      |                                                                            ^~~~~~~~~~~~~~~~~~~~~~~~~~
In file included from /home/connorb/halofpx-lab/open-pin-01/control/tools/mtmd/models/models.h:3,
                 from /home/connorb/halofpx-lab/open-pin-01/control/tools/mtmd/models/qwen2vl.cpp:1:
/home/connorb/halofpx-lab/open-pin-01/control/tools/mtmd/models/../clip-graph.h:12:62: warning: bitwise operation between different enumeration types ‘ggml_scale_mode’ and ‘ggml_scale_flag’ is deprecated [-Wdeprecated-enum-enum-conversion]
   12 | #define DEFAULT_INTERPOLATION_MODE (GGML_SCALE_MODE_BILINEAR | GGML_SCALE_FLAG_ANTIALIAS)
      |                                     ~~~~~~~~~~~~~~~~~~~~~~~~~^~~~~~~~~~~~~~~~~~~~~~~~~~~
/home/connorb/halofpx-lab/open-pin-01/control/tools/mtmd/models/../clip-graph.h:59:76: note: in expansion of macro ‘DEFAULT_INTERPOLATION_MODE’
   59 |     ggml_tensor * resize_position_embeddings(uint32_t interpolation_mode = DEFAULT_INTERPOLATION_MODE);
      |                                                                            ^~~~~~~~~~~~~~~~~~~~~~~~~~
[ 93%] Building CXX object tools/mtmd/CMakeFiles/mtmd.dir/models/qwen3vl.cpp.o
[ 93%] Building CXX object tools/mtmd/CMakeFiles/mtmd.dir/models/mimovl.cpp.o
[ 93%] Building CXX object common/CMakeFiles/llama-common.dir/chat-auto-parser-generator.cpp.o
[ 93%] Building CXX object tools/mtmd/CMakeFiles/mtmd.dir/models/qwen3a.cpp.o
[ 93%] Building CXX object tools/mtmd/CMakeFiles/mtmd.dir/models/step3vl.cpp.o
[ 93%] Building CXX object tools/mtmd/CMakeFiles/mtmd.dir/models/siglip.cpp.o
[ 93%] Building CXX object tools/mtmd/CMakeFiles/mtmd.dir/models/whisper-enc.cpp.o
[ 93%] Building CXX object tools/mtmd/CMakeFiles/mtmd.dir/models/deepseekocr.cpp.o
[ 93%] Building CXX object tools/mtmd/CMakeFiles/mtmd.dir/models/mobilenetv5.cpp.o
[ 93%] Building CXX object tools/mtmd/CMakeFiles/mtmd.dir/models/youtuvl.cpp.o
In file included from /home/connorb/halofpx-lab/open-pin-01/control/tools/mtmd/models/models.h:3,
                 from /home/connorb/halofpx-lab/open-pin-01/control/tools/mtmd/models/qwen3vl.cpp:1:
/home/connorb/halofpx-lab/open-pin-01/control/tools/mtmd/models/../clip-graph.h:12:62: warning: bitwise operation between different enumeration types ‘ggml_scale_mode’ and ‘ggml_scale_flag’ is deprecated [-Wdeprecated-enum-enum-conversion]
   12 | #define DEFAULT_INTERPOLATION_MODE (GGML_SCALE_MODE_BILINEAR | GGML_SCALE_FLAG_ANTIALIAS)
      |                                     ~~~~~~~~~~~~~~~~~~~~~~~~~^~~~~~~~~~~~~~~~~~~~~~~~~~~
/home/connorb/halofpx-lab/open-pin-01/control/tools/mtmd/models/../clip-graph.h:59:76: note: in expansion of macro ‘DEFAULT_INTERPOLATION_MODE’
   59 |     ggml_tensor * resize_position_embeddings(uint32_t interpolation_mode = DEFAULT_INTERPOLATION_MODE);
      |                                                                            ^~~~~~~~~~~~~~~~~~~~~~~~~~
In file included from /home/connorb/halofpx-lab/open-pin-01/control/tools/mtmd/models/models.h:3,
                 from /home/connorb/halofpx-lab/open-pin-01/control/tools/mtmd/models/mimovl.cpp:1:
/home/connorb/halofpx-lab/open-pin-01/control/tools/mtmd/models/../clip-graph.h:12:62: warning: bitwise operation between different enumeration types ‘ggml_scale_mode’ and ‘ggml_scale_flag’ is deprecated [-Wdeprecated-enum-enum-conversion]
   12 | #define DEFAULT_INTERPOLATION_MODE (GGML_SCALE_MODE_BILINEAR | GGML_SCALE_FLAG_ANTIALIAS)
      |                                     ~~~~~~~~~~~~~~~~~~~~~~~~~^~~~~~~~~~~~~~~~~~~~~~~~~~~
/home/connorb/halofpx-lab/open-pin-01/control/tools/mtmd/models/../clip-graph.h:59:76: note: in expansion of macro ‘DEFAULT_INTERPOLATION_MODE’
   59 |     ggml_tensor * resize_position_embeddings(uint32_t interpolation_mode = DEFAULT_INTERPOLATION_MODE);
      |                                                                            ^~~~~~~~~~~~~~~~~~~~~~~~~~
In file included from /home/connorb/halofpx-lab/open-pin-01/control/tools/mtmd/models/models.h:3,
                 from /home/connorb/halofpx-lab/open-pin-01/control/tools/mtmd/models/qwen3a.cpp:1:
/home/connorb/halofpx-lab/open-pin-01/control/tools/mtmd/models/../clip-graph.h:12:62: warning: bitwise operation between different enumeration types ‘ggml_scale_mode’ and ‘ggml_scale_flag’ is deprecated [-Wdeprecated-enum-enum-conversion]
   12 | #define DEFAULT_INTERPOLATION_MODE (GGML_SCALE_MODE_BILINEAR | GGML_SCALE_FLAG_ANTIALIAS)
      |                                     ~~~~~~~~~~~~~~~~~~~~~~~~~^~~~~~~~~~~~~~~~~~~~~~~~~~~
/home/connorb/halofpx-lab/open-pin-01/control/tools/mtmd/models/../clip-graph.h:59:76: note: in expansion of macro ‘DEFAULT_INTERPOLATION_MODE’
   59 |     ggml_tensor * resize_position_embeddings(uint32_t interpolation_mode = DEFAULT_INTERPOLATION_MODE);
      |                                                                            ^~~~~~~~~~~~~~~~~~~~~~~~~~
In file included from /home/connorb/halofpx-lab/open-pin-01/control/tools/mtmd/models/models.h:3,
                 from /home/connorb/halofpx-lab/open-pin-01/control/tools/mtmd/models/step3vl.cpp:1:
/home/connorb/halofpx-lab/open-pin-01/control/tools/mtmd/models/../clip-graph.h:12:62: warning: bitwise operation between different enumeration types ‘ggml_scale_mode’ and ‘ggml_scale_flag’ is deprecated [-Wdeprecated-enum-enum-conversion]
   12 | #define DEFAULT_INTERPOLATION_MODE (GGML_SCALE_MODE_BILINEAR | GGML_SCALE_FLAG_ANTIALIAS)
      |                                     ~~~~~~~~~~~~~~~~~~~~~~~~~^~~~~~~~~~~~~~~~~~~~~~~~~~~
/home/connorb/halofpx-lab/open-pin-01/control/tools/mtmd/models/../clip-graph.h:59:76: note: in expansion of macro ‘DEFAULT_INTERPOLATION_MODE’
   59 |     ggml_tensor * resize_position_embeddings(uint32_t interpolation_mode = DEFAULT_INTERPOLATION_MODE);
      |                                                                            ^~~~~~~~~~~~~~~~~~~~~~~~~~
In file included from /home/connorb/halofpx-lab/open-pin-01/control/tools/mtmd/models/models.h:3,
                 from /home/connorb/halofpx-lab/open-pin-01/control/tools/mtmd/models/siglip.cpp:1:
/home/connorb/halofpx-lab/open-pin-01/control/tools/mtmd/models/../clip-graph.h:12:62: warning: bitwise operation between different enumeration types ‘ggml_scale_mode’ and ‘ggml_scale_flag’ is deprecated [-Wdeprecated-enum-enum-conversion]
   12 | #define DEFAULT_INTERPOLATION_MODE (GGML_SCALE_MODE_BILINEAR | GGML_SCALE_FLAG_ANTIALIAS)
      |                                     ~~~~~~~~~~~~~~~~~~~~~~~~~^~~~~~~~~~~~~~~~~~~~~~~~~~~
/home/connorb/halofpx-lab/open-pin-01/control/tools/mtmd/models/../clip-graph.h:59:76: note: in expansion of macro ‘DEFAULT_INTERPOLATION_MODE’
   59 |     ggml_tensor * resize_position_embeddings(uint32_t interpolation_mode = DEFAULT_INTERPOLATION_MODE);
      |                                                                            ^~~~~~~~~~~~~~~~~~~~~~~~~~
In file included from /home/connorb/halofpx-lab/open-pin-01/control/tools/mtmd/models/models.h:3,
                 from /home/connorb/halofpx-lab/open-pin-01/control/tools/mtmd/models/whisper-enc.cpp:1:
/home/connorb/halofpx-lab/open-pin-01/control/tools/mtmd/models/../clip-graph.h:12:62: warning: bitwise operation between different enumeration types ‘ggml_scale_mode’ and ‘ggml_scale_flag’ is deprecated [-Wdeprecated-enum-enum-conversion]
   12 | #define DEFAULT_INTERPOLATION_MODE (GGML_SCALE_MODE_BILINEAR | GGML_SCALE_FLAG_ANTIALIAS)
      |                                     ~~~~~~~~~~~~~~~~~~~~~~~~~^~~~~~~~~~~~~~~~~~~~~~~~~~~
/home/connorb/halofpx-lab/open-pin-01/control/tools/mtmd/models/../clip-graph.h:59:76: note: in expansion of macro ‘DEFAULT_INTERPOLATION_MODE’
   59 |     ggml_tensor * resize_position_embeddings(uint32_t interpolation_mode = DEFAULT_INTERPOLATION_MODE);
      |                                                                            ^~~~~~~~~~~~~~~~~~~~~~~~~~
In file included from /home/connorb/halofpx-lab/open-pin-01/control/tools/mtmd/models/models.h:3,
                 from /home/connorb/halofpx-lab/open-pin-01/control/tools/mtmd/models/deepseekocr.cpp:1:
/home/connorb/halofpx-lab/open-pin-01/control/tools/mtmd/models/../clip-graph.h:12:62: warning: bitwise operation between different enumeration types ‘ggml_scale_mode’ and ‘ggml_scale_flag’ is deprecated [-Wdeprecated-enum-enum-conversion]
   12 | #define DEFAULT_INTERPOLATION_MODE (GGML_SCALE_MODE_BILINEAR | GGML_SCALE_FLAG_ANTIALIAS)
      |                                     ~~~~~~~~~~~~~~~~~~~~~~~~~^~~~~~~~~~~~~~~~~~~~~~~~~~~
/home/connorb/halofpx-lab/open-pin-01/control/tools/mtmd/models/../clip-graph.h:59:76: note: in expansion of macro ‘DEFAULT_INTERPOLATION_MODE’
   59 |     ggml_tensor * resize_position_embeddings(uint32_t interpolation_mode = DEFAULT_INTERPOLATION_MODE);
      |                                                                            ^~~~~~~~~~~~~~~~~~~~~~~~~~
In file included from /home/connorb/halofpx-lab/open-pin-01/control/tools/mtmd/models/models.h:3,
                 from /home/connorb/halofpx-lab/open-pin-01/control/tools/mtmd/models/mobilenetv5.cpp:1:
/home/connorb/halofpx-lab/open-pin-01/control/tools/mtmd/models/../clip-graph.h:12:62: warning: bitwise operation between different enumeration types ‘ggml_scale_mode’ and ‘ggml_scale_flag’ is deprecated [-Wdeprecated-enum-enum-conversion]
   12 | #define DEFAULT_INTERPOLATION_MODE (GGML_SCALE_MODE_BILINEAR | GGML_SCALE_FLAG_ANTIALIAS)
      |                                     ~~~~~~~~~~~~~~~~~~~~~~~~~^~~~~~~~~~~~~~~~~~~~~~~~~~~
/home/connorb/halofpx-lab/open-pin-01/control/tools/mtmd/models/../clip-graph.h:59:76: note: in expansion of macro ‘DEFAULT_INTERPOLATION_MODE’
   59 |     ggml_tensor * resize_position_embeddings(uint32_t interpolation_mode = DEFAULT_INTERPOLATION_MODE);
      |                                                                            ^~~~~~~~~~~~~~~~~~~~~~~~~~
In file included from /home/connorb/halofpx-lab/open-pin-01/control/tools/mtmd/models/models.h:3,
                 from /home/connorb/halofpx-lab/open-pin-01/control/tools/mtmd/models/youtuvl.cpp:1:
/home/connorb/halofpx-lab/open-pin-01/control/tools/mtmd/models/../clip-graph.h:12:62: warning: bitwise operation between different enumeration types ‘ggml_scale_mode’ and ‘ggml_scale_flag’ is deprecated [-Wdeprecated-enum-enum-conversion]
   12 | #define DEFAULT_INTERPOLATION_MODE (GGML_SCALE_MODE_BILINEAR | GGML_SCALE_FLAG_ANTIALIAS)
      |                                     ~~~~~~~~~~~~~~~~~~~~~~~~~^~~~~~~~~~~~~~~~~~~~~~~~~~~
/home/connorb/halofpx-lab/open-pin-01/control/tools/mtmd/models/../clip-graph.h:59:76: note: in expansion of macro ‘DEFAULT_INTERPOLATION_MODE’
   59 |     ggml_tensor * resize_position_embeddings(uint32_t interpolation_mode = DEFAULT_INTERPOLATION_MODE);
      |                                                                            ^~~~~~~~~~~~~~~~~~~~~~~~~~
[ 93%] Building CXX object common/CMakeFiles/llama-common.dir/chat-auto-parser-helpers.cpp.o
[ 93%] Building CXX object tools/mtmd/CMakeFiles/mtmd.dir/models/yasa2.cpp.o
[ 93%] Building CXX object common/CMakeFiles/llama-common.dir/chat-diff-analyzer.cpp.o
[ 93%] Building CXX object common/CMakeFiles/llama-common.dir/chat-peg-parser.cpp.o
[ 93%] Building CXX object common/CMakeFiles/llama-common.dir/chat.cpp.o
[ 93%] Building CXX object common/CMakeFiles/llama-common.dir/common.cpp.o
[ 94%] Building CXX object common/CMakeFiles/llama-common.dir/console.cpp.o
[ 94%] Building CXX object common/CMakeFiles/llama-common.dir/debug.cpp.o
[ 94%] Building CXX object common/CMakeFiles/llama-common.dir/download.cpp.o
[ 94%] Building CXX object common/CMakeFiles/llama-common.dir/fit.cpp.o
[ 94%] Building CXX object common/CMakeFiles/llama-common.dir/hf-cache.cpp.o
In file included from /home/connorb/halofpx-lab/open-pin-01/control/tools/mtmd/models/models.h:3,
                 from /home/connorb/halofpx-lab/open-pin-01/control/tools/mtmd/models/yasa2.cpp:4:
/home/connorb/halofpx-lab/open-pin-01/control/tools/mtmd/models/../clip-graph.h:12:62: warning: bitwise operation between different enumeration types ‘ggml_scale_mode’ and ‘ggml_scale_flag’ is deprecated [-Wdeprecated-enum-enum-conversion]
   12 | #define DEFAULT_INTERPOLATION_MODE (GGML_SCALE_MODE_BILINEAR | GGML_SCALE_FLAG_ANTIALIAS)
      |                                     ~~~~~~~~~~~~~~~~~~~~~~~~~^~~~~~~~~~~~~~~~~~~~~~~~~~~
/home/connorb/halofpx-lab/open-pin-01/control/tools/mtmd/models/../clip-graph.h:59:76: note: in expansion of macro ‘DEFAULT_INTERPOLATION_MODE’
   59 |     ggml_tensor * resize_position_embeddings(uint32_t interpolation_mode = DEFAULT_INTERPOLATION_MODE);
      |                                                                            ^~~~~~~~~~~~~~~~~~~~~~~~~~
[ 94%] Building CXX object common/CMakeFiles/llama-common.dir/json-partial.cpp.o
[ 94%] Building CXX object common/CMakeFiles/llama-common.dir/json-schema-to-grammar.cpp.o
[ 94%] Building CXX object common/CMakeFiles/llama-common.dir/llguidance.cpp.o
[ 94%] Building CXX object common/CMakeFiles/llama-common.dir/log.cpp.o
[ 94%] Building CXX object common/CMakeFiles/llama-common.dir/ngram-cache.cpp.o
[ 95%] Building CXX object common/CMakeFiles/llama-common.dir/ngram-map.cpp.o
[ 95%] Building CXX object common/CMakeFiles/llama-common.dir/ngram-mod.cpp.o
[ 95%] Building CXX object common/CMakeFiles/llama-common.dir/peg-parser.cpp.o
[ 95%] Building CXX object common/CMakeFiles/llama-common.dir/preset.cpp.o
[ 95%] Building CXX object common/CMakeFiles/llama-common.dir/regex-partial.cpp.o
[ 95%] Building CXX object common/CMakeFiles/llama-common.dir/reasoning-budget.cpp.o
[ 95%] Building CXX object common/CMakeFiles/llama-common.dir/sampling.cpp.o
[ 95%] Building CXX object common/CMakeFiles/llama-common.dir/speculative.cpp.o
[ 95%] Building CXX object common/CMakeFiles/llama-common.dir/unicode.cpp.o
[ 97%] Building CXX object common/CMakeFiles/llama-common.dir/jinja/lexer.cpp.o
[ 97%] Building CXX object common/CMakeFiles/llama-common.dir/jinja/parser.cpp.o
[ 97%] Building CXX object common/CMakeFiles/llama-common.dir/jinja/runtime.cpp.o
[ 97%] Building CXX object common/CMakeFiles/llama-common.dir/jinja/value.cpp.o
[ 97%] Building CXX object common/CMakeFiles/llama-common.dir/jinja/string.cpp.o
[ 97%] Building CXX object common/CMakeFiles/llama-common.dir/jinja/caps.cpp.o
[ 97%] Building CXX object common/CMakeFiles/llama-common.dir/__/license.cpp.o
[ 98%] Linking CXX shared library ../../bin/libmtmd.so
[ 98%] Built target mtmd
[ 98%] Linking CXX shared library ../bin/libllama-common.so
[ 98%] Built target llama-common
[ 98%] Building CXX object tools/server/CMakeFiles/server-context.dir/__/__/examples/diffusion/diffusion.cpp.o
[ 98%] Building CXX object tools/server/CMakeFiles/server-context.dir/server-common.cpp.o
[ 98%] Building CXX object tools/server/CMakeFiles/server-context.dir/server-chat.cpp.o
[ 98%] Building CXX object tools/server/CMakeFiles/server-context.dir/server-queue.cpp.o
[ 98%] Building CXX object tools/server/CMakeFiles/server-context.dir/server-task.cpp.o
[ 98%] Building CXX object tools/server/CMakeFiles/server-context.dir/server-context.cpp.o
[ 98%] Building CXX object tools/server/CMakeFiles/server-context.dir/server-tools.cpp.o
/home/connorb/halofpx-lab/open-pin-01/control/tools/server/server-task.cpp: In function ‘bool {anonymous}::server_prompt_cache_disk_remove_file(const std::string&)’:
/home/connorb/halofpx-lab/open-pin-01/control/tools/server/server-task.cpp:2009:26: warning: ‘std::filesystem::__cxx11::path std::filesystem::__cxx11::u8path(const _Source&) [with _Source = std::__cxx11::basic_string<char>; _Require = path; _CharT = char]’ is deprecated: use 'path((const char8_t*)&*source)' instead [-Wdeprecated-declarations]
 2009 |     fs::remove(fs::u8path(path), ec);
      |                ~~~~~~~~~~^~~~~~
In file included from /usr/include/c++/16/filesystem:55,
                 from /home/connorb/halofpx-lab/open-pin-01/control/common/../vendor/nlohmann/json.hpp:4804,
                 from /home/connorb/halofpx-lab/open-pin-01/control/tools/server/server-common.h:10,
                 from /home/connorb/halofpx-lab/open-pin-01/control/tools/server/server-task.h:12,
                 from /home/connorb/halofpx-lab/open-pin-01/control/tools/server/server-task.cpp:1:
/usr/include/c++/16/bits/fs_path.h:847:5: note: declared here
  847 |     u8path(const _Source& __source)
      |     ^~~~~~
/home/connorb/halofpx-lab/open-pin-01/control/tools/server/server-task.cpp: In function ‘bool {anonymous}::server_prompt_cache_disk_size_exact(const std::string&, size_t, size_t*)’:
/home/connorb/halofpx-lab/open-pin-01/control/tools/server/server-task.cpp:2032:54: warning: ‘std::filesystem::__cxx11::path std::filesystem::__cxx11::u8path(const _Source&) [with _Source = std::__cxx11::basic_string<char>; _Require = path; _CharT = char]’ is deprecated: use 'path((const char8_t*)&*source)' instead [-Wdeprecated-declarations]
 2032 |     const uintmax_t actual = fs::file_size(fs::u8path(path), ec);
      |                                            ~~~~~~~~~~^~~~~~
/usr/include/c++/16/bits/fs_path.h:847:5: note: declared here
  847 |     u8path(const _Source& __source)
      |     ^~~~~~
/home/connorb/halofpx-lab/open-pin-01/control/tools/server/server-task.cpp: In constructor ‘server_prompt_cache::server_prompt_cache(int32_t, size_t, const std::string&, int32_t)’:
/home/connorb/halofpx-lab/open-pin-01/control/tools/server/server-task.cpp:2129:44: warning: ‘std::filesystem::__cxx11::path std::filesystem::__cxx11::u8path(const _Source&) [with _Source = std::__cxx11::basic_string<char>; _Require = path; _CharT = char]’ is deprecated: use 'path((const char8_t*)&*source)' instead [-Wdeprecated-declarations]
 2129 |     fs::path base = fs::absolute(fs::u8path(disk_base_path), ec);
      |                                  ~~~~~~~~~~^~~~~~~~~~~~~~~~
/usr/include/c++/16/bits/fs_path.h:847:5: note: declared here
  847 |     u8path(const _Source& __source)
      |     ^~~~~~
/home/connorb/halofpx-lab/open-pin-01/control/tools/server/server-task.cpp: In destructor ‘server_prompt_cache::~server_prompt_cache()’:
/home/connorb/halofpx-lab/open-pin-01/control/tools/server/server-task.cpp:2286:39: warning: ‘std::filesystem::__cxx11::path std::filesystem::__cxx11::u8path(const _Source&) [with _Source = std::__cxx11::basic_string<char>; _Require = path; _CharT = char]’ is deprecated: use 'path((const char8_t*)&*source)' instead [-Wdeprecated-declarations]
 2286 |     fs::path cleanup_path = fs::u8path(disk_owned_path);
      |                             ~~~~~~~~~~^~~~~~~~~~~~~~~~~
/usr/include/c++/16/bits/fs_path.h:847:5: note: declared here
  847 |     u8path(const _Source& __source)
      |     ^~~~~~
/home/connorb/halofpx-lab/open-pin-01/control/tools/server/server-task.cpp:2289:19: warning: ‘std::filesystem::__cxx11::path std::filesystem::__cxx11::u8path(const _Source&) [with _Source = std::__cxx11::basic_string<char>; _Require = path; _CharT = char]’ is deprecated: use 'path((const char8_t*)&*source)' instead [-Wdeprecated-declarations]
 2289 |         fs::u8path(".deleting-" + server_prompt_cache_disk_path_utf8(cleanup_path.filename()));
      |         ~~~~~~~~~~^~~~~~~~~~~~~~~~~~~~~~~~~~~~~~~~~~~~~~~~~~~~~~~~~~~~~~~~~~~~~~~~~~~~~~~~~~~~
/usr/include/c++/16/bits/fs_path.h:847:5: note: declared here
  847 |     u8path(const _Source& __source)
      |     ^~~~~~
/home/connorb/halofpx-lab/open-pin-01/control/tools/server/server-task.cpp: In member function ‘bool server_prompt_cache::save_disk(const server_prompt&, llama_context*, llama_context*, llama_seq_id, const std::vector<unsigned char>&)’:
/home/connorb/halofpx-lab/open-pin-01/control/tools/server/server-task.cpp:2488:38: warning: ‘std::filesystem::__cxx11::path std::filesystem::__cxx11::u8path(const _Source&) [with _Source = std::__cxx11::basic_string<char>; _Require = path; _CharT = char]’ is deprecated: use 'path((const char8_t*)&*source)' instead [-Wdeprecated-declarations]
 2488 |     const fs::path owned = fs::u8path(disk_owned_path);
      |                            ~~~~~~~~~~^~~~~~~~~~~~~~~~~
/usr/include/c++/16/bits/fs_path.h:847:5: note: declared here
  847 |     u8path(const _Source& __source)
      |     ^~~~~~
[ 98%] Linking CXX static library libserver-context.a
[ 98%] Built target server-context
[100%] Building CXX object tools/cli/CMakeFiles/llama-cli.dir/cli.cpp.o
[100%] Linking CXX executable ../../bin/llama-cli
[100%] Built target llama-cli
[  0%] Built target llama-common-base
[  0%] Performing build step for 'vulkan-shaders-gen'
[  0%] Built target cpp-httplib
[  1%] Built target ggml-base
[ 23%] Built target ggml-hip
[ 26%] Built target ggml-cpu
[100%] Built target vulkan-shaders-gen
[ 26%] Performing install step for 'vulkan-shaders-gen'
-- Up-to-date: /home/connorb/halofpx-lab/open-pin-01/control/build-open-pin-01/Release/./vulkan-shaders-gen
[ 26%] Completed 'vulkan-shaders-gen'
[ 26%] Built target vulkan-shaders-gen
[ 65%] Built target ggml-vulkan
[ 65%] Built target ggml
[ 90%] Built target llama
[ 95%] Built target mtmd
[100%] Built target llama-common
[100%] Built target server-context
[100%] Building CXX object tools/server/CMakeFiles/llama-server.dir/server.cpp.o
[100%] Building CXX object tools/server/CMakeFiles/llama-server.dir/server-models.cpp.o
[100%] Building CXX object tools/server/CMakeFiles/llama-server.dir/server-http.cpp.o
[100%] Linking CXX executable ../../bin/llama-server
[100%] Built target llama-server
[  0%] Built target llama-common-base
[  0%] Performing build step for 'vulkan-shaders-gen'
[  0%] Built target cpp-httplib
[  1%] Built target ggml-base
[  4%] Built target ggml-cpu
[ 27%] Built target ggml-hip
[100%] Built target vulkan-shaders-gen
[ 27%] Performing install step for 'vulkan-shaders-gen'
-- Up-to-date: /home/connorb/halofpx-lab/open-pin-01/control/build-open-pin-01/Release/./vulkan-shaders-gen
[ 27%] Completed 'vulkan-shaders-gen'
[ 27%] Built target vulkan-shaders-gen
[ 68%] Built target ggml-vulkan
[ 68%] Built target ggml
[ 94%] Built target llama
[ 98%] Built target llama-common
[100%] Building CXX object tools/completion/CMakeFiles/llama-completion.dir/completion.cpp.o
[100%] Linking CXX executable ../../bin/llama-completion
[100%] Built target llama-completion
[  0%] Performing build step for 'vulkan-shaders-gen'
[  0%] Built target llama-common-base
[  0%] Built target cpp-httplib
[  1%] Built target ggml-base
[  4%] Built target ggml-cpu
[ 27%] Built target ggml-hip
[100%] Built target vulkan-shaders-gen
[ 27%] Performing install step for 'vulkan-shaders-gen'
-- Up-to-date: /home/connorb/halofpx-lab/open-pin-01/control/build-open-pin-01/Release/./vulkan-shaders-gen
[ 27%] Completed 'vulkan-shaders-gen'
[ 27%] Built target vulkan-shaders-gen
[ 69%] Built target ggml-vulkan
[ 69%] Built target ggml
[ 95%] Built target llama
[100%] Built target llama-common
[100%] Building CXX object tools/quantize/CMakeFiles/llama-quantize.dir/quantize.cpp.o
[100%] Linking CXX executable ../../bin/llama-quantize
[100%] Built target llama-quantize
[  0%] Built target llama-common-base
[  0%] Performing build step for 'vulkan-shaders-gen'
[  0%] Built target cpp-httplib
[  1%] Built target ggml-base
[  4%] Built target ggml-cpu
[ 27%] Built target ggml-hip
[100%] Built target vulkan-shaders-gen
[ 27%] Performing install step for 'vulkan-shaders-gen'
-- Up-to-date: /home/connorb/halofpx-lab/open-pin-01/control/build-open-pin-01/Release/./vulkan-shaders-gen
[ 27%] Completed 'vulkan-shaders-gen'
[ 27%] Built target vulkan-shaders-gen
[ 69%] Built target ggml-vulkan
[ 69%] Built target ggml
[ 95%] Built target llama
[100%] Built target llama-common
[100%] Building CXX object tools/llama-bench/CMakeFiles/llama-bench.dir/llama-bench.cpp.o
[100%] Linking CXX executable ../../bin/llama-bench
[100%] Built target llama-bench
[  0%] Performing build step for 'vulkan-shaders-gen'
[  0%] Built target cpp-httplib
[  1%] Built target llama-common-base
[  1%] Built target ggml-base
[  4%] Built target ggml-cpu
[ 27%] Built target ggml-hip
[100%] Built target vulkan-shaders-gen
[ 27%] Performing install step for 'vulkan-shaders-gen'
-- Up-to-date: /home/connorb/halofpx-lab/open-pin-01/control/build-open-pin-01/Release/./vulkan-shaders-gen
[ 27%] Completed 'vulkan-shaders-gen'
[ 27%] Built target vulkan-shaders-gen
[ 69%] Built target ggml-vulkan
[ 69%] Built target ggml
[ 95%] Built target llama
[100%] Built target llama-common
[100%] Building CXX object tools/perplexity/CMakeFiles/llama-perplexity.dir/perplexity.cpp.o
[100%] Linking CXX executable ../../bin/llama-perplexity
[100%] Built target llama-perplexity
[  0%] Performing build step for 'vulkan-shaders-gen'
[  0%] Built target cpp-httplib
[  0%] Built target llama-common-base
[  1%] Built target ggml-base
[  4%] Built target ggml-cpu
[ 27%] Built target ggml-hip
[100%] Built target vulkan-shaders-gen
[ 27%] Performing install step for 'vulkan-shaders-gen'
-- Up-to-date: /home/connorb/halofpx-lab/open-pin-01/control/build-open-pin-01/Release/./vulkan-shaders-gen
[ 27%] Completed 'vulkan-shaders-gen'
[ 27%] Built target vulkan-shaders-gen
[ 69%] Built target ggml-vulkan
[ 69%] Built target ggml
[ 95%] Built target llama
[100%] Built target llama-common
[100%] Building CXX object tests/CMakeFiles/test-backend-ops.dir/test-backend-ops.cpp.o
[100%] Building CXX object tests/CMakeFiles/test-backend-ops.dir/get-model.cpp.o
/home/connorb/halofpx-lab/open-pin-01/control/tests/test-backend-ops.cpp: In function ‘std::string var_to_str(ggml_scale_mode)’:
/home/connorb/halofpx-lab/open-pin-01/control/tests/test-backend-ops.cpp:416:14: warning: bitwise operation between different enumeration types ‘ggml_scale_mode’ and ‘ggml_scale_flag’ is deprecated [-Wdeprecated-enum-enum-conversion]
  416 |     if (mode & GGML_SCALE_FLAG_ALIGN_CORNERS) {
      |         ~~~~~^~~~~~~~~~~~~~~~~~~~~~~~~~~~~~~
/home/connorb/halofpx-lab/open-pin-01/control/tests/test-backend-ops.cpp:419:14: warning: bitwise operation between different enumeration types ‘ggml_scale_mode’ and ‘ggml_scale_flag’ is deprecated [-Wdeprecated-enum-enum-conversion]
  419 |     if (mode & GGML_SCALE_FLAG_ANTIALIAS) {
      |         ~~~~~^~~~~~~~~~~~~~~~~~~~~~~~~~~
/home/connorb/halofpx-lab/open-pin-01/control/tests/test-backend-ops.cpp: In function ‘std::vector<std::unique_ptr<test_case> > make_test_cases_eval()’:
/home/connorb/halofpx-lab/open-pin-01/control/tests/test-backend-ops.cpp:8831:151: warning: bitwise operation between different enumeration types ‘ggml_scale_mode’ and ‘ggml_scale_flag’ is deprecated [-Wdeprecated-enum-enum-conversion]
 8831 |     for (ggml_scale_mode mode : {GGML_SCALE_MODE_NEAREST, GGML_SCALE_MODE_BILINEAR, GGML_SCALE_MODE_BICUBIC, ggml_scale_mode(GGML_SCALE_MODE_BILINEAR | GGML_SCALE_FLAG_ANTIALIAS)}) {
      |                                                                                                                              ~~~~~~~~~~~~~~~~~~~~~~~~~^~~~~~~~~~~~~~~~~~~~~~~~~~~
/home/connorb/halofpx-lab/open-pin-01/control/tests/test-backend-ops.cpp:8838:123: warning: bitwise operation between different enumeration types ‘ggml_scale_mode’ and ‘ggml_scale_flag’ is deprecated [-Wdeprecated-enum-enum-conversion]
 8838 |         test_cases.emplace_back(new test_interpolate(GGML_TYPE_F32, {2, 5, 7, 11}, {5, 7, 11, 13}, (ggml_scale_mode)(mode | GGML_SCALE_FLAG_ALIGN_CORNERS)));
      |                                                                                                                      ~~~~~^~~~~~~~~~~~~~~~~~~~~~~~~~~~~~~
/home/connorb/halofpx-lab/open-pin-01/control/tests/test-backend-ops.cpp:8839:120: warning: bitwise operation between different enumeration types ‘ggml_scale_mode’ and ‘ggml_scale_flag’ is deprecated [-Wdeprecated-enum-enum-conversion]
 8839 |         test_cases.emplace_back(new test_interpolate(GGML_TYPE_F32, {1, 4, 3, 2}, {2, 8, 3, 2}, (ggml_scale_mode)(mode | GGML_SCALE_FLAG_ALIGN_CORNERS)));
      |                                                                                                                   ~~~~~^~~~~~~~~~~~~~~~~~~~~~~~~~~~~~~
/home/connorb/halofpx-lab/open-pin-01/control/tests/test-backend-ops.cpp:8840:120: warning: bitwise operation between different enumeration types ‘ggml_scale_mode’ and ‘ggml_scale_flag’ is deprecated [-Wdeprecated-enum-enum-conversion]
 8840 |         test_cases.emplace_back(new test_interpolate(GGML_TYPE_F32, {4, 1, 3, 2}, {1, 1, 3, 2}, (ggml_scale_mode)(mode | GGML_SCALE_FLAG_ALIGN_CORNERS)));
      |                                                                                                                   ~~~~~^~~~~~~~~~~~~~~~~~~~~~~~~~~~~~~
[100%] Linking CXX executable ../bin/test-backend-ops
[100%] Built target test-backend-ops
[  0%] Performing build step for 'vulkan-shaders-gen'
[  0%] Built target cpp-httplib
[  0%] Built target llama-common-base
[  1%] Built target ggml-base
[  4%] Built target ggml-cpu
[ 27%] Built target ggml-hip
[100%] Built target vulkan-shaders-gen
[ 27%] Performing install step for 'vulkan-shaders-gen'
-- Up-to-date: /home/connorb/halofpx-lab/open-pin-01/control/build-open-pin-01/Release/./vulkan-shaders-gen
[ 27%] Completed 'vulkan-shaders-gen'
[ 27%] Built target vulkan-shaders-gen
[ 69%] Built target ggml-vulkan
[ 69%] Built target ggml
[ 95%] Built target llama
[100%] Built target llama-common
[100%] Building CXX object tests/CMakeFiles/test-quantize-fns.dir/test-quantize-fns.cpp.o
[100%] Building CXX object tests/CMakeFiles/test-quantize-fns.dir/get-model.cpp.o
[100%] Linking CXX executable ../bin/test-quantize-fns
[100%] Built target test-quantize-fns
[  0%] Performing build step for 'vulkan-shaders-gen'
[  0%] Built target llama-common-base
[  0%] Built target cpp-httplib
[  1%] Built target ggml-base
[  4%] Built target ggml-cpu
[ 27%] Built target ggml-hip
[100%] Built target vulkan-shaders-gen
[ 27%] Performing install step for 'vulkan-shaders-gen'
-- Up-to-date: /home/connorb/halofpx-lab/open-pin-01/control/build-open-pin-01/Release/./vulkan-shaders-gen
[ 27%] Completed 'vulkan-shaders-gen'
[ 27%] Built target vulkan-shaders-gen
[ 68%] Built target ggml-vulkan
[ 68%] Built target ggml
[ 94%] Built target llama
[ 98%] Built target llama-common
[ 98%] Building CXX object tests/CMakeFiles/test-quantize-perf.dir/test-quantize-perf.cpp.o
[100%] Building CXX object tests/CMakeFiles/test-quantize-perf.dir/get-model.cpp.o
[100%] Linking CXX executable ../bin/test-quantize-perf
[100%] Built target test-quantize-perf
Built:
  /home/connorb/halofpx-lab/open-pin-01/control/build-open-pin-01/bin/llama-cli
  /home/connorb/halofpx-lab/open-pin-01/control/build-open-pin-01/bin/llama-server
  /home/connorb/halofpx-lab/open-pin-01/control/build-open-pin-01/bin/llama-completion
  /home/connorb/halofpx-lab/open-pin-01/control/build-open-pin-01/bin/llama-quantize
  /home/connorb/halofpx-lab/open-pin-01/control/build-open-pin-01/bin/llama-bench
  /home/connorb/halofpx-lab/open-pin-01/control/build-open-pin-01/bin/test-backend-ops
  /home/connorb/halofpx-lab/open-pin-01/control/build-open-pin-01/bin/test-quantize-fns
  /home/connorb/halofpx-lab/open-pin-01/control/build-open-pin-01/bin/test-quantize-perf
real 168.95
user 1879.70
sys 110.53
build_rc=0
status_end=0
               total        used        free      shared  buff/cache   available
Mem:     133623500800  2588422144 67626360832      679936 64776519680 131035078656
Swap:    34359734272   478515200 33881219072
NAME      TYPE        SIZE      USED PRIO
/swapfile file 34359734272 478515200  100
Filesystem        1B-blocks         Used    Available Use% Mounted on
/dev/nvme0n1p2 999665881088 659225600000 340590272512  66% /
-- No entries --
end=2026-07-17T18:18:54,794610935-07:00
